tier,tier_label,n,iteration,format,compression,encoded_bytes,payload_bytes,framing_overhead_bytes,git_sha
1,arithmetic-shallow,100,1,compact,none,33,4,29,99e8202
1,arithmetic-shallow,100,1,literal,none,118,93,25,99e8202
1,arithmetic-shallow,100,1,literal,gzip,107,82,25,99e8202
1,arithmetic-shallow,100,2,compact,none,33,4,29,99e8202
1,arithmetic-shallow,100,2,literal,none,118,93,25,99e8202
1,arithmetic-shallow,100,2,literal,gzip,107,82,25,99e8202
1,arithmetic-shallow,100,3,compact,none,33,4,29,99e8202
1,arithmetic-shallow,100,3,literal,none,118,93,25,99e8202
1,arithmetic-shallow,100,3,literal,gzip,106,81,25,99e8202
1,arithmetic-shallow,100,4,compact,none,33,4,29,99e8202
1,arithmetic-shallow,100,4,literal,none,118,93,25,99e8202
1,arithmetic-shallow,100,4,literal,gzip,107,82,25,99e8202
1,arithmetic-shallow,100,5,compact,none,33,4,29,99e8202
1,arithmetic-shallow,100,5,literal,none,118,93,25,99e8202
1,arithmetic-shallow,100,5,literal,gzip,105,80,25,99e8202
1,arithmetic-shallow,100,6,compact,none,33,4,29,99e8202
1,arithmetic-shallow,100,6,literal,none,118,93,25,99e8202
1,arithmetic-shallow,100,6,literal,gzip,106,81,25,99e8202
1,arithmetic-shallow,100,7,compact,none,33,4,29,99e8202
1,arithmetic-shallow,100,7,literal,none,118,93,25,99e8202
1,arithmetic-shallow,100,7,literal,gzip,107,82,25,99e8202
1,arithmetic-shallow,100,8,compact,none,33,4,29,99e8202
1,arithmetic-shallow,100,8,literal,none,118,93,25,99e8202
1,arithmetic-shallow,100,8,literal,gzip,107,82,25,99e8202
1,arithmetic-shallow,100,9,compact,none,33,4,29,99e8202
1,arithmetic-shallow,100,9,literal,none,118,93,25,99e8202
1,arithmetic-shallow,100,9,literal,gzip,106,81,25,99e8202
1,arithmetic-shallow,100,10,compact,none,33,4,29,99e8202
1,arithmetic-shallow,100,10,literal,none,118,93,25,99e8202
1,arithmetic-shallow,100,10,literal,gzip,105,80,25,99e8202
1,arithmetic-shallow,100,11,compact,none,33,4,29,99e8202
1,arithmetic-shallow,100,11,literal,none,118,93,25,99e8202
1,arithmetic-shallow,100,11,literal,gzip,107,82,25,99e8202
1,arithmetic-shallow,100,12,compact,none,33,4,29,99e8202
1,arithmetic-shallow,100,12,literal,none,118,93,25,99e8202
1,arithmetic-shallow,100,12,literal,gzip,106,81,25,99e8202
1,arithmetic-shallow,100,13,compact,none,33,4,29,99e8202
1,arithmetic-shallow,100,13,literal,none,118,93,25,99e8202
1,arithmetic-shallow,100,13,literal,gzip,107,82,25,99e8202
1,arithmetic-shallow,100,14,compact,none,33,4,29,99e8202
1,arithmetic-shallow,100,14,literal,none,118,93,25,99e8202
1,arithmetic-shallow,100,14,literal,gzip,107,82,25,99e8202
1,arithmetic-shallow,100,15,compact,none,33,4,29,99e8202
1,arithmetic-shallow,100,15,literal,none,118,93,25,99e8202
1,arithmetic-shallow,100,15,literal,gzip,104,79,25,99e8202
1,arithmetic-shallow,100,16,compact,none,33,4,29,99e8202
1,arithmetic-shallow,100,16,literal,none,118,93,25,99e8202
1,arithmetic-shallow,100,16,literal,gzip,107,82,25,99e8202
1,arithmetic-shallow,100,17,compact,none,33,4,29,99e8202
1,arithmetic-shallow,100,17,literal,none,118,93,25,99e8202
1,arithmetic-shallow,100,17,literal,gzip,107,82,25,99e8202
1,arithmetic-shallow,100,18,compact,none,33,4,29,99e8202
1,arithmetic-shallow,100,18,literal,none,118,93,25,99e8202
1,arithmetic-shallow,100,18,literal,gzip,106,81,25,99e8202
1,arithmetic-shallow,100,19,compact,none,33,4,29,99e8202
1,arithmetic-shallow,100,19,literal,none,118,93,25,99e8202
1,arithmetic-shallow,100,19,literal,gzip,107,82,25,99e8202
1,arithmetic-shallow,100,20,compact,none,33,4,29,99e8202
1,arithmetic-shallow,100,20,literal,none,118,93,25,99e8202
1,arithmetic-shallow,100,20,literal,gzip,105,80,25,99e8202
1,arithmetic-shallow,100,21,compact,none,33,4,29,99e8202
1,arithmetic-shallow,100,21,literal,none,118,93,25,99e8202
1,arithmetic-shallow,100,21,literal,gzip,106,81,25,99e8202
1,arithmetic-shallow,100,22,compact,none,33,4,29,99e8202
1,arithmetic-shallow,100,22,literal,none,118,93,25,99e8202
1,arithmetic-shallow,100,22,literal,gzip,107,82,25,99e8202
1,arithmetic-shallow,100,23,compact,none,33,4,29,99e8202
1,arithmetic-shallow,100,23,literal,none,118,93,25,99e8202
1,arithmetic-shallow,100,23,literal,gzip,107,82,25,99e8202
1,arithmetic-shallow,100,24,compact,none,33,4,29,99e8202
1,arithmetic-shallow,100,24,literal,none,118,93,25,99e8202
1,arithmetic-shallow,100,24,literal,gzip,106,81,25,99e8202
1,arithmetic-shallow,100,25,compact,none,33,4,29,99e8202
1,arithmetic-shallow,100,25,literal,none,118,93,25,99e8202
1,arithmetic-shallow,100,25,literal,gzip,105,80,25,99e8202
1,arithmetic-shallow,100,26,compact,none,33,4,29,99e8202
1,arithmetic-shallow,100,26,literal,none,118,93,25,99e8202
1,arithmetic-shallow,100,26,literal,gzip,107,82,25,99e8202
1,arithmetic-shallow,100,27,compact,none,33,4,29,99e8202
1,arithmetic-shallow,100,27,literal,none,118,93,25,99e8202
1,arithmetic-shallow,100,27,literal,gzip,106,81,25,99e8202
1,arithmetic-shallow,100,28,compact,none,33,4,29,99e8202
1,arithmetic-shallow,100,28,literal,none,118,93,25,99e8202
1,arithmetic-shallow,100,28,literal,gzip,107,82,25,99e8202
1,arithmetic-shallow,100,29,compact,none,33,4,29,99e8202
1,arithmetic-shallow,100,29,literal,none,118,93,25,99e8202
1,arithmetic-shallow,100,29,literal,gzip,107,82,25,99e8202
1,arithmetic-shallow,100,30,compact,none,33,4,29,99e8202
1,arithmetic-shallow,100,30,literal,none,118,93,25,99e8202
1,arithmetic-shallow,100,30,literal,gzip,104,79,25,99e8202
1,arithmetic-shallow,100,31,compact,none,33,4,29,99e8202
1,arithmetic-shallow,100,31,literal,none,118,93,25,99e8202
1,arithmetic-shallow,100,31,literal,gzip,107,82,25,99e8202
1,arithmetic-shallow,100,32,compact,none,33,4,29,99e8202
1,arithmetic-shallow,100,32,literal,none,118,93,25,99e8202
1,arithmetic-shallow,100,32,literal,gzip,107,82,25,99e8202
1,arithmetic-shallow,100,33,compact,none,33,4,29,99e8202
1,arithmetic-shallow,100,33,literal,none,118,93,25,99e8202
1,arithmetic-shallow,100,33,literal,gzip,106,81,25,99e8202
1,arithmetic-shallow,100,34,compact,none,33,4,29,99e8202
1,arithmetic-shallow,100,34,literal,none,118,93,25,99e8202
1,arithmetic-shallow,100,34,literal,gzip,107,82,25,99e8202
1,arithmetic-shallow,100,35,compact,none,33,4,29,99e8202
1,arithmetic-shallow,100,35,literal,none,118,93,25,99e8202
1,arithmetic-shallow,100,35,literal,gzip,105,80,25,99e8202
1,arithmetic-shallow,100,36,compact,none,33,4,29,99e8202
1,arithmetic-shallow,100,36,literal,none,118,93,25,99e8202
1,arithmetic-shallow,100,36,literal,gzip,106,81,25,99e8202
1,arithmetic-shallow,100,37,compact,none,33,4,29,99e8202
1,arithmetic-shallow,100,37,literal,none,118,93,25,99e8202
1,arithmetic-shallow,100,37,literal,gzip,107,82,25,99e8202
1,arithmetic-shallow,100,38,compact,none,33,4,29,99e8202
1,arithmetic-shallow,100,38,literal,none,118,93,25,99e8202
1,arithmetic-shallow,100,38,literal,gzip,107,82,25,99e8202
1,arithmetic-shallow,100,39,compact,none,33,4,29,99e8202
1,arithmetic-shallow,100,39,literal,none,118,93,25,99e8202
1,arithmetic-shallow,100,39,literal,gzip,106,81,25,99e8202
1,arithmetic-shallow,100,40,compact,none,33,4,29,99e8202
1,arithmetic-shallow,100,40,literal,none,118,93,25,99e8202
1,arithmetic-shallow,100,40,literal,gzip,105,80,25,99e8202
1,arithmetic-shallow,100,41,compact,none,33,4,29,99e8202
1,arithmetic-shallow,100,41,literal,none,118,93,25,99e8202
1,arithmetic-shallow,100,41,literal,gzip,107,82,25,99e8202
1,arithmetic-shallow,100,42,compact,none,33,4,29,99e8202
1,arithmetic-shallow,100,42,literal,none,118,93,25,99e8202
1,arithmetic-shallow,100,42,literal,gzip,106,81,25,99e8202
1,arithmetic-shallow,100,43,compact,none,33,4,29,99e8202
1,arithmetic-shallow,100,43,literal,none,118,93,25,99e8202
1,arithmetic-shallow,100,43,literal,gzip,107,82,25,99e8202
1,arithmetic-shallow,100,44,compact,none,33,4,29,99e8202
1,arithmetic-shallow,100,44,literal,none,118,93,25,99e8202
1,arithmetic-shallow,100,44,literal,gzip,107,82,25,99e8202
1,arithmetic-shallow,100,45,compact,none,33,4,29,99e8202
1,arithmetic-shallow,100,45,literal,none,118,93,25,99e8202
1,arithmetic-shallow,100,45,literal,gzip,104,79,25,99e8202
1,arithmetic-shallow,100,46,compact,none,33,4,29,99e8202
1,arithmetic-shallow,100,46,literal,none,118,93,25,99e8202
1,arithmetic-shallow,100,46,literal,gzip,107,82,25,99e8202
1,arithmetic-shallow,100,47,compact,none,33,4,29,99e8202
1,arithmetic-shallow,100,47,literal,none,118,93,25,99e8202
1,arithmetic-shallow,100,47,literal,gzip,107,82,25,99e8202
1,arithmetic-shallow,100,48,compact,none,33,4,29,99e8202
1,arithmetic-shallow,100,48,literal,none,118,93,25,99e8202
1,arithmetic-shallow,100,48,literal,gzip,106,81,25,99e8202
1,arithmetic-shallow,100,49,compact,none,33,4,29,99e8202
1,arithmetic-shallow,100,49,literal,none,118,93,25,99e8202
1,arithmetic-shallow,100,49,literal,gzip,107,82,25,99e8202
1,arithmetic-shallow,100,50,compact,none,33,4,29,99e8202
1,arithmetic-shallow,100,50,literal,none,118,93,25,99e8202
1,arithmetic-shallow,100,50,literal,gzip,105,80,25,99e8202
1,arithmetic-shallow,100,51,compact,none,33,4,29,99e8202
1,arithmetic-shallow,100,51,literal,none,118,93,25,99e8202
1,arithmetic-shallow,100,51,literal,gzip,106,81,25,99e8202
1,arithmetic-shallow,100,52,compact,none,33,4,29,99e8202
1,arithmetic-shallow,100,52,literal,none,118,93,25,99e8202
1,arithmetic-shallow,100,52,literal,gzip,107,82,25,99e8202
1,arithmetic-shallow,100,53,compact,none,33,4,29,99e8202
1,arithmetic-shallow,100,53,literal,none,118,93,25,99e8202
1,arithmetic-shallow,100,53,literal,gzip,107,82,25,99e8202
1,arithmetic-shallow,100,54,compact,none,33,4,29,99e8202
1,arithmetic-shallow,100,54,literal,none,118,93,25,99e8202
1,arithmetic-shallow,100,54,literal,gzip,106,81,25,99e8202
1,arithmetic-shallow,100,55,compact,none,33,4,29,99e8202
1,arithmetic-shallow,100,55,literal,none,118,93,25,99e8202
1,arithmetic-shallow,100,55,literal,gzip,105,80,25,99e8202
1,arithmetic-shallow,100,56,compact,none,33,4,29,99e8202
1,arithmetic-shallow,100,56,literal,none,118,93,25,99e8202
1,arithmetic-shallow,100,56,literal,gzip,107,82,25,99e8202
1,arithmetic-shallow,100,57,compact,none,33,4,29,99e8202
1,arithmetic-shallow,100,57,literal,none,118,93,25,99e8202
1,arithmetic-shallow,100,57,literal,gzip,106,81,25,99e8202
1,arithmetic-shallow,100,58,compact,none,33,4,29,99e8202
1,arithmetic-shallow,100,58,literal,none,118,93,25,99e8202
1,arithmetic-shallow,100,58,literal,gzip,107,82,25,99e8202
1,arithmetic-shallow,100,59,compact,none,33,4,29,99e8202
1,arithmetic-shallow,100,59,literal,none,118,93,25,99e8202
1,arithmetic-shallow,100,59,literal,gzip,107,82,25,99e8202
1,arithmetic-shallow,100,60,compact,none,33,4,29,99e8202
1,arithmetic-shallow,100,60,literal,none,118,93,25,99e8202
1,arithmetic-shallow,100,60,literal,gzip,104,79,25,99e8202
1,arithmetic-shallow,100,61,compact,none,33,4,29,99e8202
1,arithmetic-shallow,100,61,literal,none,118,93,25,99e8202
1,arithmetic-shallow,100,61,literal,gzip,107,82,25,99e8202
1,arithmetic-shallow,100,62,compact,none,33,4,29,99e8202
1,arithmetic-shallow,100,62,literal,none,118,93,25,99e8202
1,arithmetic-shallow,100,62,literal,gzip,107,82,25,99e8202
1,arithmetic-shallow,100,63,compact,none,33,4,29,99e8202
1,arithmetic-shallow,100,63,literal,none,118,93,25,99e8202
1,arithmetic-shallow,100,63,literal,gzip,106,81,25,99e8202
1,arithmetic-shallow,100,64,compact,none,33,4,29,99e8202
1,arithmetic-shallow,100,64,literal,none,118,93,25,99e8202
1,arithmetic-shallow,100,64,literal,gzip,107,82,25,99e8202
1,arithmetic-shallow,100,65,compact,none,33,4,29,99e8202
1,arithmetic-shallow,100,65,literal,none,118,93,25,99e8202
1,arithmetic-shallow,100,65,literal,gzip,105,80,25,99e8202
1,arithmetic-shallow,100,66,compact,none,33,4,29,99e8202
1,arithmetic-shallow,100,66,literal,none,118,93,25,99e8202
1,arithmetic-shallow,100,66,literal,gzip,106,81,25,99e8202
1,arithmetic-shallow,100,67,compact,none,33,4,29,99e8202
1,arithmetic-shallow,100,67,literal,none,118,93,25,99e8202
1,arithmetic-shallow,100,67,literal,gzip,107,82,25,99e8202
1,arithmetic-shallow,100,68,compact,none,33,4,29,99e8202
1,arithmetic-shallow,100,68,literal,none,118,93,25,99e8202
1,arithmetic-shallow,100,68,literal,gzip,107,82,25,99e8202
1,arithmetic-shallow,100,69,compact,none,33,4,29,99e8202
1,arithmetic-shallow,100,69,literal,none,118,93,25,99e8202
1,arithmetic-shallow,100,69,literal,gzip,106,81,25,99e8202
1,arithmetic-shallow,100,70,compact,none,33,4,29,99e8202
1,arithmetic-shallow,100,70,literal,none,118,93,25,99e8202
1,arithmetic-shallow,100,70,literal,gzip,105,80,25,99e8202
1,arithmetic-shallow,100,71,compact,none,33,4,29,99e8202
1,arithmetic-shallow,100,71,literal,none,118,93,25,99e8202
1,arithmetic-shallow,100,71,literal,gzip,107,82,25,99e8202
1,arithmetic-shallow,100,72,compact,none,33,4,29,99e8202
1,arithmetic-shallow,100,72,literal,none,118,93,25,99e8202
1,arithmetic-shallow,100,72,literal,gzip,106,81,25,99e8202
1,arithmetic-shallow,100,73,compact,none,33,4,29,99e8202
1,arithmetic-shallow,100,73,literal,none,118,93,25,99e8202
1,arithmetic-shallow,100,73,literal,gzip,107,82,25,99e8202
1,arithmetic-shallow,100,74,compact,none,33,4,29,99e8202
1,arithmetic-shallow,100,74,literal,none,118,93,25,99e8202
1,arithmetic-shallow,100,74,literal,gzip,107,82,25,99e8202
1,arithmetic-shallow,100,75,compact,none,33,4,29,99e8202
1,arithmetic-shallow,100,75,literal,none,118,93,25,99e8202
1,arithmetic-shallow,100,75,literal,gzip,104,79,25,99e8202
1,arithmetic-shallow,100,76,compact,none,33,4,29,99e8202
1,arithmetic-shallow,100,76,literal,none,118,93,25,99e8202
1,arithmetic-shallow,100,76,literal,gzip,107,82,25,99e8202
1,arithmetic-shallow,100,77,compact,none,33,4,29,99e8202
1,arithmetic-shallow,100,77,literal,none,118,93,25,99e8202
1,arithmetic-shallow,100,77,literal,gzip,107,82,25,99e8202
1,arithmetic-shallow,100,78,compact,none,33,4,29,99e8202
1,arithmetic-shallow,100,78,literal,none,118,93,25,99e8202
1,arithmetic-shallow,100,78,literal,gzip,106,81,25,99e8202
1,arithmetic-shallow,100,79,compact,none,33,4,29,99e8202
1,arithmetic-shallow,100,79,literal,none,118,93,25,99e8202
1,arithmetic-shallow,100,79,literal,gzip,107,82,25,99e8202
1,arithmetic-shallow,100,80,compact,none,33,4,29,99e8202
1,arithmetic-shallow,100,80,literal,none,118,93,25,99e8202
1,arithmetic-shallow,100,80,literal,gzip,105,80,25,99e8202
1,arithmetic-shallow,100,81,compact,none,33,4,29,99e8202
1,arithmetic-shallow,100,81,literal,none,118,93,25,99e8202
1,arithmetic-shallow,100,81,literal,gzip,106,81,25,99e8202
1,arithmetic-shallow,100,82,compact,none,33,4,29,99e8202
1,arithmetic-shallow,100,82,literal,none,118,93,25,99e8202
1,arithmetic-shallow,100,82,literal,gzip,107,82,25,99e8202
1,arithmetic-shallow,100,83,compact,none,33,4,29,99e8202
1,arithmetic-shallow,100,83,literal,none,118,93,25,99e8202
1,arithmetic-shallow,100,83,literal,gzip,107,82,25,99e8202
1,arithmetic-shallow,100,84,compact,none,33,4,29,99e8202
1,arithmetic-shallow,100,84,literal,none,118,93,25,99e8202
1,arithmetic-shallow,100,84,literal,gzip,106,81,25,99e8202
1,arithmetic-shallow,100,85,compact,none,33,4,29,99e8202
1,arithmetic-shallow,100,85,literal,none,118,93,25,99e8202
1,arithmetic-shallow,100,85,literal,gzip,105,80,25,99e8202
1,arithmetic-shallow,100,86,compact,none,33,4,29,99e8202
1,arithmetic-shallow,100,86,literal,none,118,93,25,99e8202
1,arithmetic-shallow,100,86,literal,gzip,107,82,25,99e8202
1,arithmetic-shallow,100,87,compact,none,33,4,29,99e8202
1,arithmetic-shallow,100,87,literal,none,118,93,25,99e8202
1,arithmetic-shallow,100,87,literal,gzip,106,81,25,99e8202
1,arithmetic-shallow,100,88,compact,none,33,4,29,99e8202
1,arithmetic-shallow,100,88,literal,none,118,93,25,99e8202
1,arithmetic-shallow,100,88,literal,gzip,107,82,25,99e8202
1,arithmetic-shallow,100,89,compact,none,33,4,29,99e8202
1,arithmetic-shallow,100,89,literal,none,118,93,25,99e8202
1,arithmetic-shallow,100,89,literal,gzip,107,82,25,99e8202
1,arithmetic-shallow,100,90,compact,none,33,4,29,99e8202
1,arithmetic-shallow,100,90,literal,none,118,93,25,99e8202
1,arithmetic-shallow,100,90,literal,gzip,104,79,25,99e8202
1,arithmetic-shallow,100,91,compact,none,33,4,29,99e8202
1,arithmetic-shallow,100,91,literal,none,118,93,25,99e8202
1,arithmetic-shallow,100,91,literal,gzip,107,82,25,99e8202
1,arithmetic-shallow,100,92,compact,none,33,4,29,99e8202
1,arithmetic-shallow,100,92,literal,none,118,93,25,99e8202
1,arithmetic-shallow,100,92,literal,gzip,107,82,25,99e8202
1,arithmetic-shallow,100,93,compact,none,33,4,29,99e8202
1,arithmetic-shallow,100,93,literal,none,118,93,25,99e8202
1,arithmetic-shallow,100,93,literal,gzip,106,81,25,99e8202
1,arithmetic-shallow,100,94,compact,none,33,4,29,99e8202
1,arithmetic-shallow,100,94,literal,none,118,93,25,99e8202
1,arithmetic-shallow,100,94,literal,gzip,107,82,25,99e8202
1,arithmetic-shallow,100,95,compact,none,33,4,29,99e8202
1,arithmetic-shallow,100,95,literal,none,118,93,25,99e8202
1,arithmetic-shallow,100,95,literal,gzip,105,80,25,99e8202
1,arithmetic-shallow,100,96,compact,none,33,4,29,99e8202
1,arithmetic-shallow,100,96,literal,none,118,93,25,99e8202
1,arithmetic-shallow,100,96,literal,gzip,106,81,25,99e8202
1,arithmetic-shallow,100,97,compact,none,33,4,29,99e8202
1,arithmetic-shallow,100,97,literal,none,118,93,25,99e8202
1,arithmetic-shallow,100,97,literal,gzip,107,82,25,99e8202
1,arithmetic-shallow,100,98,compact,none,33,4,29,99e8202
1,arithmetic-shallow,100,98,literal,none,118,93,25,99e8202
1,arithmetic-shallow,100,98,literal,gzip,107,82,25,99e8202
1,arithmetic-shallow,100,99,compact,none,33,4,29,99e8202
1,arithmetic-shallow,100,99,literal,none,118,93,25,99e8202
1,arithmetic-shallow,100,99,literal,gzip,106,81,25,99e8202
1,arithmetic-shallow,100,100,compact,none,33,4,29,99e8202
1,arithmetic-shallow,100,100,literal,none,118,93,25,99e8202
1,arithmetic-shallow,100,100,literal,gzip,105,80,25,99e8202
2,branching-arith-medium,100,1,compact,none,33,4,29,99e8202
2,branching-arith-medium,100,1,literal,none,150,125,25,99e8202
2,branching-arith-medium,100,1,literal,gzip,129,104,25,99e8202
2,branching-arith-medium,100,2,compact,none,33,4,29,99e8202
2,branching-arith-medium,100,2,literal,none,150,125,25,99e8202
2,branching-arith-medium,100,2,literal,gzip,130,105,25,99e8202
2,branching-arith-medium,100,3,compact,none,33,4,29,99e8202
2,branching-arith-medium,100,3,literal,none,150,125,25,99e8202
2,branching-arith-medium,100,3,literal,gzip,130,105,25,99e8202
2,branching-arith-medium,100,4,compact,none,33,4,29,99e8202
2,branching-arith-medium,100,4,literal,none,150,125,25,99e8202
2,branching-arith-medium,100,4,literal,gzip,128,103,25,99e8202
2,branching-arith-medium,100,5,compact,none,33,4,29,99e8202
2,branching-arith-medium,100,5,literal,none,150,125,25,99e8202
2,branching-arith-medium,100,5,literal,gzip,130,105,25,99e8202
2,branching-arith-medium,100,6,compact,none,33,4,29,99e8202
2,branching-arith-medium,100,6,literal,none,150,125,25,99e8202
2,branching-arith-medium,100,6,literal,gzip,131,106,25,99e8202
2,branching-arith-medium,100,7,compact,none,33,4,29,99e8202
2,branching-arith-medium,100,7,literal,none,150,125,25,99e8202
2,branching-arith-medium,100,7,literal,gzip,130,105,25,99e8202
2,branching-arith-medium,100,8,compact,none,33,4,29,99e8202
2,branching-arith-medium,100,8,literal,none,150,125,25,99e8202
2,branching-arith-medium,100,8,literal,gzip,128,103,25,99e8202
2,branching-arith-medium,100,9,compact,none,33,4,29,99e8202
2,branching-arith-medium,100,9,literal,none,150,125,25,99e8202
2,branching-arith-medium,100,9,literal,gzip,129,104,25,99e8202
2,branching-arith-medium,100,10,compact,none,33,4,29,99e8202
2,branching-arith-medium,100,10,literal,none,150,125,25,99e8202
2,branching-arith-medium,100,10,literal,gzip,130,105,25,99e8202
2,branching-arith-medium,100,11,compact,none,33,4,29,99e8202
2,branching-arith-medium,100,11,literal,none,150,125,25,99e8202
2,branching-arith-medium,100,11,literal,gzip,130,105,25,99e8202
2,branching-arith-medium,100,12,compact,none,33,4,29,99e8202
2,branching-arith-medium,100,12,literal,none,150,125,25,99e8202
2,branching-arith-medium,100,12,literal,gzip,129,104,25,99e8202
2,branching-arith-medium,100,13,compact,none,33,4,29,99e8202
2,branching-arith-medium,100,13,literal,none,150,125,25,99e8202
2,branching-arith-medium,100,13,literal,gzip,130,105,25,99e8202
2,branching-arith-medium,100,14,compact,none,33,4,29,99e8202
2,branching-arith-medium,100,14,literal,none,150,125,25,99e8202
2,branching-arith-medium,100,14,literal,gzip,129,104,25,99e8202
2,branching-arith-medium,100,15,compact,none,33,4,29,99e8202
2,branching-arith-medium,100,15,literal,none,150,125,25,99e8202
2,branching-arith-medium,100,15,literal,gzip,130,105,25,99e8202
2,branching-arith-medium,100,16,compact,none,33,4,29,99e8202
2,branching-arith-medium,100,16,literal,none,150,125,25,99e8202
2,branching-arith-medium,100,16,literal,gzip,128,103,25,99e8202
2,branching-arith-medium,100,17,compact,none,33,4,29,99e8202
2,branching-arith-medium,100,17,literal,none,150,125,25,99e8202
2,branching-arith-medium,100,17,literal,gzip,130,105,25,99e8202
2,branching-arith-medium,100,18,compact,none,33,4,29,99e8202
2,branching-arith-medium,100,18,literal,none,150,125,25,99e8202
2,branching-arith-medium,100,18,literal,gzip,130,105,25,99e8202
2,branching-arith-medium,100,19,compact,none,33,4,29,99e8202
2,branching-arith-medium,100,19,literal,none,150,125,25,99e8202
2,branching-arith-medium,100,19,literal,gzip,130,105,25,99e8202
2,branching-arith-medium,100,20,compact,none,33,4,29,99e8202
2,branching-arith-medium,100,20,literal,none,150,125,25,99e8202
2,branching-arith-medium,100,20,literal,gzip,129,104,25,99e8202
2,branching-arith-medium,100,21,compact,none,33,4,29,99e8202
2,branching-arith-medium,100,21,literal,none,150,125,25,99e8202
2,branching-arith-medium,100,21,literal,gzip,129,104,25,99e8202
2,branching-arith-medium,100,22,compact,none,33,4,29,99e8202
2,branching-arith-medium,100,22,literal,none,150,125,25,99e8202
2,branching-arith-medium,100,22,literal,gzip,130,105,25,99e8202
2,branching-arith-medium,100,23,compact,none,33,4,29,99e8202
2,branching-arith-medium,100,23,literal,none,150,125,25,99e8202
2,branching-arith-medium,100,23,literal,gzip,130,105,25,99e8202
2,branching-arith-medium,100,24,compact,none,33,4,29,99e8202
2,branching-arith-medium,100,24,literal,none,150,125,25,99e8202
2,branching-arith-medium,100,24,literal,gzip,129,104,25,99e8202
2,branching-arith-medium,100,25,compact,none,33,4,29,99e8202
2,branching-arith-medium,100,25,literal,none,150,125,25,99e8202
2,branching-arith-medium,100,25,literal,gzip,130,105,25,99e8202
2,branching-arith-medium,100,26,compact,none,33,4,29,99e8202
2,branching-arith-medium,100,26,literal,none,150,125,25,99e8202
2,branching-arith-medium,100,26,literal,gzip,131,106,25,99e8202
2,branching-arith-medium,100,27,compact,none,33,4,29,99e8202
2,branching-arith-medium,100,27,literal,none,150,125,25,99e8202
2,branching-arith-medium,100,27,literal,gzip,130,105,25,99e8202
2,branching-arith-medium,100,28,compact,none,33,4,29,99e8202
2,branching-arith-medium,100,28,literal,none,150,125,25,99e8202
2,branching-arith-medium,100,28,literal,gzip,128,103,25,99e8202
2,branching-arith-medium,100,29,compact,none,33,4,29,99e8202
2,branching-arith-medium,100,29,literal,none,150,125,25,99e8202
2,branching-arith-medium,100,29,literal,gzip,129,104,25,99e8202
2,branching-arith-medium,100,30,compact,none,33,4,29,99e8202
2,branching-arith-medium,100,30,literal,none,150,125,25,99e8202
2,branching-arith-medium,100,30,literal,gzip,130,105,25,99e8202
2,branching-arith-medium,100,31,compact,none,33,4,29,99e8202
2,branching-arith-medium,100,31,literal,none,150,125,25,99e8202
2,branching-arith-medium,100,31,literal,gzip,130,105,25,99e8202
2,branching-arith-medium,100,32,compact,none,33,4,29,99e8202
2,branching-arith-medium,100,32,literal,none,150,125,25,99e8202
2,branching-arith-medium,100,32,literal,gzip,128,103,25,99e8202
2,branching-arith-medium,100,33,compact,none,33,4,29,99e8202
2,branching-arith-medium,100,33,literal,none,150,125,25,99e8202
2,branching-arith-medium,100,33,literal,gzip,130,105,25,99e8202
2,branching-arith-medium,100,34,compact,none,33,4,29,99e8202
2,branching-arith-medium,100,34,literal,none,150,125,25,99e8202
2,branching-arith-medium,100,34,literal,gzip,131,106,25,99e8202
2,branching-arith-medium,100,35,compact,none,33,4,29,99e8202
2,branching-arith-medium,100,35,literal,none,150,125,25,99e8202
2,branching-arith-medium,100,35,literal,gzip,130,105,25,99e8202
2,branching-arith-medium,100,36,compact,none,33,4,29,99e8202
2,branching-arith-medium,100,36,literal,none,150,125,25,99e8202
2,branching-arith-medium,100,36,literal,gzip,128,103,25,99e8202
2,branching-arith-medium,100,37,compact,none,33,4,29,99e8202
2,branching-arith-medium,100,37,literal,none,150,125,25,99e8202
2,branching-arith-medium,100,37,literal,gzip,129,104,25,99e8202
2,branching-arith-medium,100,38,compact,none,33,4,29,99e8202
2,branching-arith-medium,100,38,literal,none,150,125,25,99e8202
2,branching-arith-medium,100,38,literal,gzip,130,105,25,99e8202
2,branching-arith-medium,100,39,compact,none,33,4,29,99e8202
2,branching-arith-medium,100,39,literal,none,150,125,25,99e8202
2,branching-arith-medium,100,39,literal,gzip,130,105,25,99e8202
2,branching-arith-medium,100,40,compact,none,33,4,29,99e8202
2,branching-arith-medium,100,40,literal,none,150,125,25,99e8202
2,branching-arith-medium,100,40,literal,gzip,129,104,25,99e8202
2,branching-arith-medium,100,41,compact,none,33,4,29,99e8202
2,branching-arith-medium,100,41,literal,none,150,125,25,99e8202
2,branching-arith-medium,100,41,literal,gzip,130,105,25,99e8202
2,branching-arith-medium,100,42,compact,none,33,4,29,99e8202
2,branching-arith-medium,100,42,literal,none,150,125,25,99e8202
2,branching-arith-medium,100,42,literal,gzip,129,104,25,99e8202
2,branching-arith-medium,100,43,compact,none,33,4,29,99e8202
2,branching-arith-medium,100,43,literal,none,150,125,25,99e8202
2,branching-arith-medium,100,43,literal,gzip,130,105,25,99e8202
2,branching-arith-medium,100,44,compact,none,33,4,29,99e8202
2,branching-arith-medium,100,44,literal,none,150,125,25,99e8202
2,branching-arith-medium,100,44,literal,gzip,128,103,25,99e8202
2,branching-arith-medium,100,45,compact,none,33,4,29,99e8202
2,branching-arith-medium,100,45,literal,none,150,125,25,99e8202
2,branching-arith-medium,100,45,literal,gzip,130,105,25,99e8202
2,branching-arith-medium,100,46,compact,none,33,4,29,99e8202
2,branching-arith-medium,100,46,literal,none,150,125,25,99e8202
2,branching-arith-medium,100,46,literal,gzip,130,105,25,99e8202
2,branching-arith-medium,100,47,compact,none,33,4,29,99e8202
2,branching-arith-medium,100,47,literal,none,150,125,25,99e8202
2,branching-arith-medium,100,47,literal,gzip,130,105,25,99e8202
2,branching-arith-medium,100,48,compact,none,33,4,29,99e8202
2,branching-arith-medium,100,48,literal,none,150,125,25,99e8202
2,branching-arith-medium,100,48,literal,gzip,129,104,25,99e8202
2,branching-arith-medium,100,49,compact,none,33,4,29,99e8202
2,branching-arith-medium,100,49,literal,none,150,125,25,99e8202
2,branching-arith-medium,100,49,literal,gzip,129,104,25,99e8202
2,branching-arith-medium,100,50,compact,none,33,4,29,99e8202
2,branching-arith-medium,100,50,literal,none,150,125,25,99e8202
2,branching-arith-medium,100,50,literal,gzip,130,105,25,99e8202
2,branching-arith-medium,100,51,compact,none,33,4,29,99e8202
2,branching-arith-medium,100,51,literal,none,150,125,25,99e8202
2,branching-arith-medium,100,51,literal,gzip,130,105,25,99e8202
2,branching-arith-medium,100,52,compact,none,33,4,29,99e8202
2,branching-arith-medium,100,52,literal,none,150,125,25,99e8202
2,branching-arith-medium,100,52,literal,gzip,129,104,25,99e8202
2,branching-arith-medium,100,53,compact,none,33,4,29,99e8202
2,branching-arith-medium,100,53,literal,none,150,125,25,99e8202
2,branching-arith-medium,100,53,literal,gzip,130,105,25,99e8202
2,branching-arith-medium,100,54,compact,none,33,4,29,99e8202
2,branching-arith-medium,100,54,literal,none,150,125,25,99e8202
2,branching-arith-medium,100,54,literal,gzip,131,106,25,99e8202
2,branching-arith-medium,100,55,compact,none,33,4,29,99e8202
2,branching-arith-medium,100,55,literal,none,150,125,25,99e8202
2,branching-arith-medium,100,55,literal,gzip,130,105,25,99e8202
2,branching-arith-medium,100,56,compact,none,33,4,29,99e8202
2,branching-arith-medium,100,56,literal,none,150,125,25,99e8202
2,branching-arith-medium,100,56,literal,gzip,128,103,25,99e8202
2,branching-arith-medium,100,57,compact,none,33,4,29,99e8202
2,branching-arith-medium,100,57,literal,none,150,125,25,99e8202
2,branching-arith-medium,100,57,literal,gzip,129,104,25,99e8202
2,branching-arith-medium,100,58,compact,none,33,4,29,99e8202
2,branching-arith-medium,100,58,literal,none,150,125,25,99e8202
2,branching-arith-medium,100,58,literal,gzip,130,105,25,99e8202
2,branching-arith-medium,100,59,compact,none,33,4,29,99e8202
2,branching-arith-medium,100,59,literal,none,150,125,25,99e8202
2,branching-arith-medium,100,59,literal,gzip,130,105,25,99e8202
2,branching-arith-medium,100,60,compact,none,33,4,29,99e8202
2,branching-arith-medium,100,60,literal,none,150,125,25,99e8202
2,branching-arith-medium,100,60,literal,gzip,128,103,25,99e8202
2,branching-arith-medium,100,61,compact,none,33,4,29,99e8202
2,branching-arith-medium,100,61,literal,none,150,125,25,99e8202
2,branching-arith-medium,100,61,literal,gzip,130,105,25,99e8202
2,branching-arith-medium,100,62,compact,none,33,4,29,99e8202
2,branching-arith-medium,100,62,literal,none,150,125,25,99e8202
2,branching-arith-medium,100,62,literal,gzip,131,106,25,99e8202
2,branching-arith-medium,100,63,compact,none,33,4,29,99e8202
2,branching-arith-medium,100,63,literal,none,150,125,25,99e8202
2,branching-arith-medium,100,63,literal,gzip,130,105,25,99e8202
2,branching-arith-medium,100,64,compact,none,33,4,29,99e8202
2,branching-arith-medium,100,64,literal,none,150,125,25,99e8202
2,branching-arith-medium,100,64,literal,gzip,128,103,25,99e8202
2,branching-arith-medium,100,65,compact,none,33,4,29,99e8202
2,branching-arith-medium,100,65,literal,none,150,125,25,99e8202
2,branching-arith-medium,100,65,literal,gzip,129,104,25,99e8202
2,branching-arith-medium,100,66,compact,none,33,4,29,99e8202
2,branching-arith-medium,100,66,literal,none,150,125,25,99e8202
2,branching-arith-medium,100,66,literal,gzip,130,105,25,99e8202
2,branching-arith-medium,100,67,compact,none,33,4,29,99e8202
2,branching-arith-medium,100,67,literal,none,150,125,25,99e8202
2,branching-arith-medium,100,67,literal,gzip,130,105,25,99e8202
2,branching-arith-medium,100,68,compact,none,33,4,29,99e8202
2,branching-arith-medium,100,68,literal,none,150,125,25,99e8202
2,branching-arith-medium,100,68,literal,gzip,129,104,25,99e8202
2,branching-arith-medium,100,69,compact,none,33,4,29,99e8202
2,branching-arith-medium,100,69,literal,none,150,125,25,99e8202
2,branching-arith-medium,100,69,literal,gzip,130,105,25,99e8202
2,branching-arith-medium,100,70,compact,none,33,4,29,99e8202
2,branching-arith-medium,100,70,literal,none,150,125,25,99e8202
2,branching-arith-medium,100,70,literal,gzip,129,104,25,99e8202
2,branching-arith-medium,100,71,compact,none,33,4,29,99e8202
2,branching-arith-medium,100,71,literal,none,150,125,25,99e8202
2,branching-arith-medium,100,71,literal,gzip,130,105,25,99e8202
2,branching-arith-medium,100,72,compact,none,33,4,29,99e8202
2,branching-arith-medium,100,72,literal,none,150,125,25,99e8202
2,branching-arith-medium,100,72,literal,gzip,128,103,25,99e8202
2,branching-arith-medium,100,73,compact,none,33,4,29,99e8202
2,branching-arith-medium,100,73,literal,none,150,125,25,99e8202
2,branching-arith-medium,100,73,literal,gzip,130,105,25,99e8202
2,branching-arith-medium,100,74,compact,none,33,4,29,99e8202
2,branching-arith-medium,100,74,literal,none,150,125,25,99e8202
2,branching-arith-medium,100,74,literal,gzip,130,105,25,99e8202
2,branching-arith-medium,100,75,compact,none,33,4,29,99e8202
2,branching-arith-medium,100,75,literal,none,150,125,25,99e8202
2,branching-arith-medium,100,75,literal,gzip,130,105,25,99e8202
2,branching-arith-medium,100,76,compact,none,33,4,29,99e8202
2,branching-arith-medium,100,76,literal,none,150,125,25,99e8202
2,branching-arith-medium,100,76,literal,gzip,129,104,25,99e8202
2,branching-arith-medium,100,77,compact,none,33,4,29,99e8202
2,branching-arith-medium,100,77,literal,none,150,125,25,99e8202
2,branching-arith-medium,100,77,literal,gzip,129,104,25,99e8202
2,branching-arith-medium,100,78,compact,none,33,4,29,99e8202
2,branching-arith-medium,100,78,literal,none,150,125,25,99e8202
2,branching-arith-medium,100,78,literal,gzip,130,105,25,99e8202
2,branching-arith-medium,100,79,compact,none,33,4,29,99e8202
2,branching-arith-medium,100,79,literal,none,150,125,25,99e8202
2,branching-arith-medium,100,79,literal,gzip,130,105,25,99e8202
2,branching-arith-medium,100,80,compact,none,33,4,29,99e8202
2,branching-arith-medium,100,80,literal,none,150,125,25,99e8202
2,branching-arith-medium,100,80,literal,gzip,129,104,25,99e8202
2,branching-arith-medium,100,81,compact,none,33,4,29,99e8202
2,branching-arith-medium,100,81,literal,none,150,125,25,99e8202
2,branching-arith-medium,100,81,literal,gzip,130,105,25,99e8202
2,branching-arith-medium,100,82,compact,none,33,4,29,99e8202
2,branching-arith-medium,100,82,literal,none,150,125,25,99e8202
2,branching-arith-medium,100,82,literal,gzip,131,106,25,99e8202
2,branching-arith-medium,100,83,compact,none,33,4,29,99e8202
2,branching-arith-medium,100,83,literal,none,150,125,25,99e8202
2,branching-arith-medium,100,83,literal,gzip,130,105,25,99e8202
2,branching-arith-medium,100,84,compact,none,33,4,29,99e8202
2,branching-arith-medium,100,84,literal,none,150,125,25,99e8202
2,branching-arith-medium,100,84,literal,gzip,128,103,25,99e8202
2,branching-arith-medium,100,85,compact,none,33,4,29,99e8202
2,branching-arith-medium,100,85,literal,none,150,125,25,99e8202
2,branching-arith-medium,100,85,literal,gzip,129,104,25,99e8202
2,branching-arith-medium,100,86,compact,none,33,4,29,99e8202
2,branching-arith-medium,100,86,literal,none,150,125,25,99e8202
2,branching-arith-medium,100,86,literal,gzip,130,105,25,99e8202
2,branching-arith-medium,100,87,compact,none,33,4,29,99e8202
2,branching-arith-medium,100,87,literal,none,150,125,25,99e8202
2,branching-arith-medium,100,87,literal,gzip,130,105,25,99e8202
2,branching-arith-medium,100,88,compact,none,33,4,29,99e8202
2,branching-arith-medium,100,88,literal,none,150,125,25,99e8202
2,branching-arith-medium,100,88,literal,gzip,128,103,25,99e8202
2,branching-arith-medium,100,89,compact,none,33,4,29,99e8202
2,branching-arith-medium,100,89,literal,none,150,125,25,99e8202
2,branching-arith-medium,100,89,literal,gzip,130,105,25,99e8202
2,branching-arith-medium,100,90,compact,none,33,4,29,99e8202
2,branching-arith-medium,100,90,literal,none,150,125,25,99e8202
2,branching-arith-medium,100,90,literal,gzip,131,106,25,99e8202
2,branching-arith-medium,100,91,compact,none,33,4,29,99e8202
2,branching-arith-medium,100,91,literal,none,150,125,25,99e8202
2,branching-arith-medium,100,91,literal,gzip,130,105,25,99e8202
2,branching-arith-medium,100,92,compact,none,33,4,29,99e8202
2,branching-arith-medium,100,92,literal,none,150,125,25,99e8202
2,branching-arith-medium,100,92,literal,gzip,128,103,25,99e8202
2,branching-arith-medium,100,93,compact,none,33,4,29,99e8202
2,branching-arith-medium,100,93,literal,none,150,125,25,99e8202
2,branching-arith-medium,100,93,literal,gzip,129,104,25,99e8202
2,branching-arith-medium,100,94,compact,none,33,4,29,99e8202
2,branching-arith-medium,100,94,literal,none,150,125,25,99e8202
2,branching-arith-medium,100,94,literal,gzip,130,105,25,99e8202
2,branching-arith-medium,100,95,compact,none,33,4,29,99e8202
2,branching-arith-medium,100,95,literal,none,150,125,25,99e8202
2,branching-arith-medium,100,95,literal,gzip,130,105,25,99e8202
2,branching-arith-medium,100,96,compact,none,33,4,29,99e8202
2,branching-arith-medium,100,96,literal,none,150,125,25,99e8202
2,branching-arith-medium,100,96,literal,gzip,129,104,25,99e8202
2,branching-arith-medium,100,97,compact,none,33,4,29,99e8202
2,branching-arith-medium,100,97,literal,none,150,125,25,99e8202
2,branching-arith-medium,100,97,literal,gzip,130,105,25,99e8202
2,branching-arith-medium,100,98,compact,none,33,4,29,99e8202
2,branching-arith-medium,100,98,literal,none,150,125,25,99e8202
2,branching-arith-medium,100,98,literal,gzip,129,104,25,99e8202
2,branching-arith-medium,100,99,compact,none,33,4,29,99e8202
2,branching-arith-medium,100,99,literal,none,150,125,25,99e8202
2,branching-arith-medium,100,99,literal,gzip,130,105,25,99e8202
2,branching-arith-medium,100,100,compact,none,33,4,29,99e8202
2,branching-arith-medium,100,100,literal,none,150,125,25,99e8202
2,branching-arith-medium,100,100,literal,gzip,128,103,25,99e8202
3,production-verb-synthetic,100,1,compact,none,92,63,29,99e8202
3,production-verb-synthetic,100,1,literal,none,906,881,25,99e8202
3,production-verb-synthetic,100,1,literal,gzip,384,359,25,99e8202
3,production-verb-synthetic,100,2,compact,none,93,64,29,99e8202
3,production-verb-synthetic,100,2,literal,none,907,882,25,99e8202
3,production-verb-synthetic,100,2,literal,gzip,381,356,25,99e8202
3,production-verb-synthetic,100,3,compact,none,93,64,29,99e8202
3,production-verb-synthetic,100,3,literal,none,907,882,25,99e8202
3,production-verb-synthetic,100,3,literal,gzip,382,357,25,99e8202
3,production-verb-synthetic,100,4,compact,none,93,64,29,99e8202
3,production-verb-synthetic,100,4,literal,none,907,882,25,99e8202
3,production-verb-synthetic,100,4,literal,gzip,386,361,25,99e8202
3,production-verb-synthetic,100,5,compact,none,93,64,29,99e8202
3,production-verb-synthetic,100,5,literal,none,907,882,25,99e8202
3,production-verb-synthetic,100,5,literal,gzip,384,359,25,99e8202
3,production-verb-synthetic,100,6,compact,none,93,64,29,99e8202
3,production-verb-synthetic,100,6,literal,none,907,882,25,99e8202
3,production-verb-synthetic,100,6,literal,gzip,386,361,25,99e8202
3,production-verb-synthetic,100,7,compact,none,93,64,29,99e8202
3,production-verb-synthetic,100,7,literal,none,907,882,25,99e8202
3,production-verb-synthetic,100,7,literal,gzip,387,362,25,99e8202
3,production-verb-synthetic,100,8,compact,none,93,64,29,99e8202
3,production-verb-synthetic,100,8,literal,none,907,882,25,99e8202
3,production-verb-synthetic,100,8,literal,gzip,387,362,25,99e8202
3,production-verb-synthetic,100,9,compact,none,93,64,29,99e8202
3,production-verb-synthetic,100,9,literal,none,907,882,25,99e8202
3,production-verb-synthetic,100,9,literal,gzip,386,361,25,99e8202
3,production-verb-synthetic,100,10,compact,none,95,66,29,99e8202
3,production-verb-synthetic,100,10,literal,none,909,884,25,99e8202
3,production-verb-synthetic,100,10,literal,gzip,387,362,25,99e8202
3,production-verb-synthetic,100,11,compact,none,95,66,29,99e8202
3,production-verb-synthetic,100,11,literal,none,909,884,25,99e8202
3,production-verb-synthetic,100,11,literal,gzip,386,361,25,99e8202
3,production-verb-synthetic,100,12,compact,none,95,66,29,99e8202
3,production-verb-synthetic,100,12,literal,none,909,884,25,99e8202
3,production-verb-synthetic,100,12,literal,gzip,386,361,25,99e8202
3,production-verb-synthetic,100,13,compact,none,94,65,29,99e8202
3,production-verb-synthetic,100,13,literal,none,908,883,25,99e8202
3,production-verb-synthetic,100,13,literal,gzip,383,358,25,99e8202
3,production-verb-synthetic,100,14,compact,none,94,65,29,99e8202
3,production-verb-synthetic,100,14,literal,none,908,883,25,99e8202
3,production-verb-synthetic,100,14,literal,gzip,386,361,25,99e8202
3,production-verb-synthetic,100,15,compact,none,95,66,29,99e8202
3,production-verb-synthetic,100,15,literal,none,909,884,25,99e8202
3,production-verb-synthetic,100,15,literal,gzip,384,359,25,99e8202
3,production-verb-synthetic,100,16,compact,none,95,66,29,99e8202
3,production-verb-synthetic,100,16,literal,none,909,884,25,99e8202
3,production-verb-synthetic,100,16,literal,gzip,386,361,25,99e8202
3,production-verb-synthetic,100,17,compact,none,95,66,29,99e8202
3,production-verb-synthetic,100,17,literal,none,909,884,25,99e8202
3,production-verb-synthetic,100,17,literal,gzip,386,361,25,99e8202
3,production-verb-synthetic,100,18,compact,none,95,66,29,99e8202
3,production-verb-synthetic,100,18,literal,none,909,884,25,99e8202
3,production-verb-synthetic,100,18,literal,gzip,386,361,25,99e8202
3,production-verb-synthetic,100,19,compact,none,95,66,29,99e8202
3,production-verb-synthetic,100,19,literal,none,909,884,25,99e8202
3,production-verb-synthetic,100,19,literal,gzip,388,363,25,99e8202
3,production-verb-synthetic,100,20,compact,none,95,66,29,99e8202
3,production-verb-synthetic,100,20,literal,none,909,884,25,99e8202
3,production-verb-synthetic,100,20,literal,gzip,386,361,25,99e8202
3,production-verb-synthetic,100,21,compact,none,95,66,29,99e8202
3,production-verb-synthetic,100,21,literal,none,909,884,25,99e8202
3,production-verb-synthetic,100,21,literal,gzip,386,361,25,99e8202
3,production-verb-synthetic,100,22,compact,none,95,66,29,99e8202
3,production-verb-synthetic,100,22,literal,none,909,884,25,99e8202
3,production-verb-synthetic,100,22,literal,gzip,386,361,25,99e8202
3,production-verb-synthetic,100,23,compact,none,95,66,29,99e8202
3,production-verb-synthetic,100,23,literal,none,909,884,25,99e8202
3,production-verb-synthetic,100,23,literal,gzip,385,360,25,99e8202
3,production-verb-synthetic,100,24,compact,none,95,66,29,99e8202
3,production-verb-synthetic,100,24,literal,none,909,884,25,99e8202
3,production-verb-synthetic,100,24,literal,gzip,387,362,25,99e8202
3,production-verb-synthetic,100,25,compact,none,95,66,29,99e8202
3,production-verb-synthetic,100,25,literal,none,909,884,25,99e8202
3,production-verb-synthetic,100,25,literal,gzip,386,361,25,99e8202
3,production-verb-synthetic,100,26,compact,none,94,65,29,99e8202
3,production-verb-synthetic,100,26,literal,none,908,883,25,99e8202
3,production-verb-synthetic,100,26,literal,gzip,384,359,25,99e8202
3,production-verb-synthetic,100,27,compact,none,94,65,29,99e8202
3,production-verb-synthetic,100,27,literal,none,908,883,25,99e8202
3,production-verb-synthetic,100,27,literal,gzip,385,360,25,99e8202
3,production-verb-synthetic,100,28,compact,none,95,66,29,99e8202
3,production-verb-synthetic,100,28,literal,none,909,884,25,99e8202
3,production-verb-synthetic,100,28,literal,gzip,385,360,25,99e8202
3,production-verb-synthetic,100,29,compact,none,95,66,29,99e8202
3,production-verb-synthetic,100,29,literal,none,909,884,25,99e8202
3,production-verb-synthetic,100,29,literal,gzip,385,360,25,99e8202
3,production-verb-synthetic,100,30,compact,none,95,66,29,99e8202
3,production-verb-synthetic,100,30,literal,none,909,884,25,99e8202
3,production-verb-synthetic,100,30,literal,gzip,384,359,25,99e8202
3,production-verb-synthetic,100,31,compact,none,95,66,29,99e8202
3,production-verb-synthetic,100,31,literal,none,909,884,25,99e8202
3,production-verb-synthetic,100,31,literal,gzip,385,360,25,99e8202
3,production-verb-synthetic,100,32,compact,none,95,66,29,99e8202
3,production-verb-synthetic,100,32,literal,none,909,884,25,99e8202
3,production-verb-synthetic,100,32,literal,gzip,386,361,25,99e8202
3,production-verb-synthetic,100,33,compact,none,95,66,29,99e8202
3,production-verb-synthetic,100,33,literal,none,909,884,25,99e8202
3,production-verb-synthetic,100,33,literal,gzip,385,360,25,99e8202
3,production-verb-synthetic,100,34,compact,none,95,66,29,99e8202
3,production-verb-synthetic,100,34,literal,none,909,884,25,99e8202
3,production-verb-synthetic,100,34,literal,gzip,387,362,25,99e8202
3,production-verb-synthetic,100,35,compact,none,95,66,29,99e8202
3,production-verb-synthetic,100,35,literal,none,909,884,25,99e8202
3,production-verb-synthetic,100,35,literal,gzip,386,361,25,99e8202
3,production-verb-synthetic,100,36,compact,none,95,66,29,99e8202
3,production-verb-synthetic,100,36,literal,none,909,884,25,99e8202
3,production-verb-synthetic,100,36,literal,gzip,387,362,25,99e8202
3,production-verb-synthetic,100,37,compact,none,95,66,29,99e8202
3,production-verb-synthetic,100,37,literal,none,909,884,25,99e8202
3,production-verb-synthetic,100,37,literal,gzip,386,361,25,99e8202
3,production-verb-synthetic,100,38,compact,none,95,66,29,99e8202
3,production-verb-synthetic,100,38,literal,none,909,884,25,99e8202
3,production-verb-synthetic,100,38,literal,gzip,387,362,25,99e8202
3,production-verb-synthetic,100,39,compact,none,94,65,29,99e8202
3,production-verb-synthetic,100,39,literal,none,908,883,25,99e8202
3,production-verb-synthetic,100,39,literal,gzip,384,359,25,99e8202
3,production-verb-synthetic,100,40,compact,none,95,66,29,99e8202
3,production-verb-synthetic,100,40,literal,none,909,884,25,99e8202
3,production-verb-synthetic,100,40,literal,gzip,385,360,25,99e8202
3,production-verb-synthetic,100,41,compact,none,95,66,29,99e8202
3,production-verb-synthetic,100,41,literal,none,909,884,25,99e8202
3,production-verb-synthetic,100,41,literal,gzip,385,360,25,99e8202
3,production-verb-synthetic,100,42,compact,none,95,66,29,99e8202
3,production-verb-synthetic,100,42,literal,none,909,884,25,99e8202
3,production-verb-synthetic,100,42,literal,gzip,386,361,25,99e8202
3,production-verb-synthetic,100,43,compact,none,95,66,29,99e8202
3,production-verb-synthetic,100,43,literal,none,909,884,25,99e8202
3,production-verb-synthetic,100,43,literal,gzip,385,360,25,99e8202
3,production-verb-synthetic,100,44,compact,none,95,66,29,99e8202
3,production-verb-synthetic,100,44,literal,none,909,884,25,99e8202
3,production-verb-synthetic,100,44,literal,gzip,387,362,25,99e8202
3,production-verb-synthetic,100,45,compact,none,95,66,29,99e8202
3,production-verb-synthetic,100,45,literal,none,909,884,25,99e8202
3,production-verb-synthetic,100,45,literal,gzip,385,360,25,99e8202
3,production-verb-synthetic,100,46,compact,none,95,66,29,99e8202
3,production-verb-synthetic,100,46,literal,none,909,884,25,99e8202
3,production-verb-synthetic,100,46,literal,gzip,387,362,25,99e8202
3,production-verb-synthetic,100,47,compact,none,95,66,29,99e8202
3,production-verb-synthetic,100,47,literal,none,909,884,25,99e8202
3,production-verb-synthetic,100,47,literal,gzip,388,363,25,99e8202
3,production-verb-synthetic,100,48,compact,none,95,66,29,99e8202
3,production-verb-synthetic,100,48,literal,none,909,884,25,99e8202
3,production-verb-synthetic,100,48,literal,gzip,388,363,25,99e8202
3,production-verb-synthetic,100,49,compact,none,95,66,29,99e8202
3,production-verb-synthetic,100,49,literal,none,909,884,25,99e8202
3,production-verb-synthetic,100,49,literal,gzip,387,362,25,99e8202
3,production-verb-synthetic,100,50,compact,none,95,66,29,99e8202
3,production-verb-synthetic,100,50,literal,none,909,884,25,99e8202
3,production-verb-synthetic,100,50,literal,gzip,387,362,25,99e8202
3,production-verb-synthetic,100,51,compact,none,95,66,29,99e8202
3,production-verb-synthetic,100,51,literal,none,909,884,25,99e8202
3,production-verb-synthetic,100,51,literal,gzip,387,362,25,99e8202
3,production-verb-synthetic,100,52,compact,none,94,65,29,99e8202
3,production-verb-synthetic,100,52,literal,none,908,883,25,99e8202
3,production-verb-synthetic,100,52,literal,gzip,386,361,25,99e8202
3,production-verb-synthetic,100,53,compact,none,95,66,29,99e8202
3,production-verb-synthetic,100,53,literal,none,909,884,25,99e8202
3,production-verb-synthetic,100,53,literal,gzip,384,359,25,99e8202
3,production-verb-synthetic,100,54,compact,none,95,66,29,99e8202
3,production-verb-synthetic,100,54,literal,none,909,884,25,99e8202
3,production-verb-synthetic,100,54,literal,gzip,386,361,25,99e8202
3,production-verb-synthetic,100,55,compact,none,95,66,29,99e8202
3,production-verb-synthetic,100,55,literal,none,909,884,25,99e8202
3,production-verb-synthetic,100,55,literal,gzip,385,360,25,99e8202
3,production-verb-synthetic,100,56,compact,none,95,66,29,99e8202
3,production-verb-synthetic,100,56,literal,none,909,884,25,99e8202
3,production-verb-synthetic,100,56,literal,gzip,387,362,25,99e8202
3,production-verb-synthetic,100,57,compact,none,95,66,29,99e8202
3,production-verb-synthetic,100,57,literal,none,909,884,25,99e8202
3,production-verb-synthetic,100,57,literal,gzip,387,362,25,99e8202
3,production-verb-synthetic,100,58,compact,none,95,66,29,99e8202
3,production-verb-synthetic,100,58,literal,none,909,884,25,99e8202
3,production-verb-synthetic,100,58,literal,gzip,388,363,25,99e8202
3,production-verb-synthetic,100,59,compact,none,95,66,29,99e8202
3,production-verb-synthetic,100,59,literal,none,909,884,25,99e8202
3,production-verb-synthetic,100,59,literal,gzip,387,362,25,99e8202
3,production-verb-synthetic,100,60,compact,none,95,66,29,99e8202
3,production-verb-synthetic,100,60,literal,none,909,884,25,99e8202
3,production-verb-synthetic,100,60,literal,gzip,385,360,25,99e8202
3,production-verb-synthetic,100,61,compact,none,95,66,29,99e8202
3,production-verb-synthetic,100,61,literal,none,909,884,25,99e8202
3,production-verb-synthetic,100,61,literal,gzip,386,361,25,99e8202
3,production-verb-synthetic,100,62,compact,none,95,66,29,99e8202
3,production-verb-synthetic,100,62,literal,none,909,884,25,99e8202
3,production-verb-synthetic,100,62,literal,gzip,387,362,25,99e8202
3,production-verb-synthetic,100,63,compact,none,95,66,29,99e8202
3,production-verb-synthetic,100,63,literal,none,909,884,25,99e8202
3,production-verb-synthetic,100,63,literal,gzip,386,361,25,99e8202
3,production-verb-synthetic,100,64,compact,none,95,66,29,99e8202
3,production-verb-synthetic,100,64,literal,none,909,884,25,99e8202
3,production-verb-synthetic,100,64,literal,gzip,388,363,25,99e8202
3,production-verb-synthetic,100,65,compact,none,94,65,29,99e8202
3,production-verb-synthetic,100,65,literal,none,908,883,25,99e8202
3,production-verb-synthetic,100,65,literal,gzip,385,360,25,99e8202
3,production-verb-synthetic,100,66,compact,none,95,66,29,99e8202
3,production-verb-synthetic,100,66,literal,none,909,884,25,99e8202
3,production-verb-synthetic,100,66,literal,gzip,387,362,25,99e8202
3,production-verb-synthetic,100,67,compact,none,95,66,29,99e8202
3,production-verb-synthetic,100,67,literal,none,909,884,25,99e8202
3,production-verb-synthetic,100,67,literal,gzip,387,362,25,99e8202
3,production-verb-synthetic,100,68,compact,none,95,66,29,99e8202
3,production-verb-synthetic,100,68,literal,none,909,884,25,99e8202
3,production-verb-synthetic,100,68,literal,gzip,387,362,25,99e8202
3,production-verb-synthetic,100,69,compact,none,95,66,29,99e8202
3,production-verb-synthetic,100,69,literal,none,909,884,25,99e8202
3,production-verb-synthetic,100,69,literal,gzip,387,362,25,99e8202
3,production-verb-synthetic,100,70,compact,none,95,66,29,99e8202
3,production-verb-synthetic,100,70,literal,none,909,884,25,99e8202
3,production-verb-synthetic,100,70,literal,gzip,387,362,25,99e8202
3,production-verb-synthetic,100,71,compact,none,95,66,29,99e8202
3,production-verb-synthetic,100,71,literal,none,909,884,25,99e8202
3,production-verb-synthetic,100,71,literal,gzip,387,362,25,99e8202
3,production-verb-synthetic,100,72,compact,none,95,66,29,99e8202
3,production-verb-synthetic,100,72,literal,none,909,884,25,99e8202
3,production-verb-synthetic,100,72,literal,gzip,387,362,25,99e8202
3,production-verb-synthetic,100,73,compact,none,95,66,29,99e8202
3,production-verb-synthetic,100,73,literal,none,909,884,25,99e8202
3,production-verb-synthetic,100,73,literal,gzip,386,361,25,99e8202
3,production-verb-synthetic,100,74,compact,none,95,66,29,99e8202
3,production-verb-synthetic,100,74,literal,none,909,884,25,99e8202
3,production-verb-synthetic,100,74,literal,gzip,388,363,25,99e8202
3,production-verb-synthetic,100,75,compact,none,95,66,29,99e8202
3,production-verb-synthetic,100,75,literal,none,909,884,25,99e8202
3,production-verb-synthetic,100,75,literal,gzip,385,360,25,99e8202
3,production-verb-synthetic,100,76,compact,none,95,66,29,99e8202
3,production-verb-synthetic,100,76,literal,none,909,884,25,99e8202
3,production-verb-synthetic,100,76,literal,gzip,388,363,25,99e8202
3,production-verb-synthetic,100,77,compact,none,95,66,29,99e8202
3,production-verb-synthetic,100,77,literal,none,909,884,25,99e8202
3,production-verb-synthetic,100,77,literal,gzip,387,362,25,99e8202
3,production-verb-synthetic,100,78,compact,none,94,65,29,99e8202
3,production-verb-synthetic,100,78,literal,none,908,883,25,99e8202
3,production-verb-synthetic,100,78,literal,gzip,387,362,25,99e8202
3,production-verb-synthetic,100,79,compact,none,95,66,29,99e8202
3,production-verb-synthetic,100,79,literal,none,909,884,25,99e8202
3,production-verb-synthetic,100,79,literal,gzip,387,362,25,99e8202
3,production-verb-synthetic,100,80,compact,none,95,66,29,99e8202
3,production-verb-synthetic,100,80,literal,none,909,884,25,99e8202
3,production-verb-synthetic,100,80,literal,gzip,386,361,25,99e8202
3,production-verb-synthetic,100,81,compact,none,95,66,29,99e8202
3,production-verb-synthetic,100,81,literal,none,909,884,25,99e8202
3,production-verb-synthetic,100,81,literal,gzip,386,361,25,99e8202
3,production-verb-synthetic,100,82,compact,none,95,66,29,99e8202
3,production-verb-synthetic,100,82,literal,none,909,884,25,99e8202
3,production-verb-synthetic,100,82,literal,gzip,386,361,25,99e8202
3,production-verb-synthetic,100,83,compact,none,95,66,29,99e8202
3,production-verb-synthetic,100,83,literal,none,909,884,25,99e8202
3,production-verb-synthetic,100,83,literal,gzip,386,361,25,99e8202
3,production-verb-synthetic,100,84,compact,none,95,66,29,99e8202
3,production-verb-synthetic,100,84,literal,none,909,884,25,99e8202
3,production-verb-synthetic,100,84,literal,gzip,388,363,25,99e8202
3,production-verb-synthetic,100,85,compact,none,95,66,29,99e8202
3,production-verb-synthetic,100,85,literal,none,909,884,25,99e8202
3,production-verb-synthetic,100,85,literal,gzip,387,362,25,99e8202
3,production-verb-synthetic,100,86,compact,none,95,66,29,99e8202
3,production-verb-synthetic,100,86,literal,none,909,884,25,99e8202
3,production-verb-synthetic,100,86,literal,gzip,388,363,25,99e8202
3,production-verb-synthetic,100,87,compact,none,95,66,29,99e8202
3,production-verb-synthetic,100,87,literal,none,909,884,25,99e8202
3,production-verb-synthetic,100,87,literal,gzip,388,363,25,99e8202
3,production-verb-synthetic,100,88,compact,none,95,66,29,99e8202
3,production-verb-synthetic,100,88,literal,none,909,884,25,99e8202
3,production-verb-synthetic,100,88,literal,gzip,388,363,25,99e8202
3,production-verb-synthetic,100,89,compact,none,95,66,29,99e8202
3,production-verb-synthetic,100,89,literal,none,909,884,25,99e8202
3,production-verb-synthetic,100,89,literal,gzip,387,362,25,99e8202
3,production-verb-synthetic,100,90,compact,none,94,65,29,99e8202
3,production-verb-synthetic,100,90,literal,none,908,883,25,99e8202
3,production-verb-synthetic,100,90,literal,gzip,386,361,25,99e8202
3,production-verb-synthetic,100,91,compact,none,94,65,29,99e8202
3,production-verb-synthetic,100,91,literal,none,908,883,25,99e8202
3,production-verb-synthetic,100,91,literal,gzip,386,361,25,99e8202
3,production-verb-synthetic,100,92,compact,none,95,66,29,99e8202
3,production-verb-synthetic,100,92,literal,none,909,884,25,99e8202
3,production-verb-synthetic,100,92,literal,gzip,386,361,25,99e8202
3,production-verb-synthetic,100,93,compact,none,95,66,29,99e8202
3,production-verb-synthetic,100,93,literal,none,909,884,25,99e8202
3,production-verb-synthetic,100,93,literal,gzip,385,360,25,99e8202
3,production-verb-synthetic,100,94,compact,none,95,66,29,99e8202
3,production-verb-synthetic,100,94,literal,none,909,884,25,99e8202
3,production-verb-synthetic,100,94,literal,gzip,387,362,25,99e8202
3,production-verb-synthetic,100,95,compact,none,95,66,29,99e8202
3,production-verb-synthetic,100,95,literal,none,909,884,25,99e8202
3,production-verb-synthetic,100,95,literal,gzip,386,361,25,99e8202
3,production-verb-synthetic,100,96,compact,none,95,66,29,99e8202
3,production-verb-synthetic,100,96,literal,none,909,884,25,99e8202
3,production-verb-synthetic,100,96,literal,gzip,388,363,25,99e8202
3,production-verb-synthetic,100,97,compact,none,95,66,29,99e8202
3,production-verb-synthetic,100,97,literal,none,909,884,25,99e8202
3,production-verb-synthetic,100,97,literal,gzip,387,362,25,99e8202
3,production-verb-synthetic,100,98,compact,none,95,66,29,99e8202
3,production-verb-synthetic,100,98,literal,none,909,884,25,99e8202
3,production-verb-synthetic,100,98,literal,gzip,388,363,25,99e8202
3,production-verb-synthetic,100,99,compact,none,95,66,29,99e8202
3,production-verb-synthetic,100,99,literal,none,909,884,25,99e8202
3,production-verb-synthetic,100,99,literal,gzip,387,362,25,99e8202
3,production-verb-synthetic,100,100,compact,none,97,68,29,99e8202
3,production-verb-synthetic,100,100,literal,none,911,886,25,99e8202
3,production-verb-synthetic,100,100,literal,gzip,387,362,25,99e8202
1,arithmetic-shallow,1000,1,compact,none,33,4,29,99e8202
1,arithmetic-shallow,1000,1,literal,none,118,93,25,99e8202
1,arithmetic-shallow,1000,1,literal,gzip,107,82,25,99e8202
1,arithmetic-shallow,1000,2,compact,none,33,4,29,99e8202
1,arithmetic-shallow,1000,2,literal,none,118,93,25,99e8202
1,arithmetic-shallow,1000,2,literal,gzip,107,82,25,99e8202
1,arithmetic-shallow,1000,3,compact,none,33,4,29,99e8202
1,arithmetic-shallow,1000,3,literal,none,118,93,25,99e8202
1,arithmetic-shallow,1000,3,literal,gzip,106,81,25,99e8202
1,arithmetic-shallow,1000,4,compact,none,33,4,29,99e8202
1,arithmetic-shallow,1000,4,literal,none,118,93,25,99e8202
1,arithmetic-shallow,1000,4,literal,gzip,107,82,25,99e8202
1,arithmetic-shallow,1000,5,compact,none,33,4,29,99e8202
1,arithmetic-shallow,1000,5,literal,none,118,93,25,99e8202
1,arithmetic-shallow,1000,5,literal,gzip,105,80,25,99e8202
1,arithmetic-shallow,1000,6,compact,none,33,4,29,99e8202
1,arithmetic-shallow,1000,6,literal,none,118,93,25,99e8202
1,arithmetic-shallow,1000,6,literal,gzip,106,81,25,99e8202
1,arithmetic-shallow,1000,7,compact,none,33,4,29,99e8202
1,arithmetic-shallow,1000,7,literal,none,118,93,25,99e8202
1,arithmetic-shallow,1000,7,literal,gzip,107,82,25,99e8202
1,arithmetic-shallow,1000,8,compact,none,33,4,29,99e8202
1,arithmetic-shallow,1000,8,literal,none,118,93,25,99e8202
1,arithmetic-shallow,1000,8,literal,gzip,107,82,25,99e8202
1,arithmetic-shallow,1000,9,compact,none,33,4,29,99e8202
1,arithmetic-shallow,1000,9,literal,none,118,93,25,99e8202
1,arithmetic-shallow,1000,9,literal,gzip,106,81,25,99e8202
1,arithmetic-shallow,1000,10,compact,none,33,4,29,99e8202
1,arithmetic-shallow,1000,10,literal,none,118,93,25,99e8202
1,arithmetic-shallow,1000,10,literal,gzip,105,80,25,99e8202
1,arithmetic-shallow,1000,11,compact,none,33,4,29,99e8202
1,arithmetic-shallow,1000,11,literal,none,118,93,25,99e8202
1,arithmetic-shallow,1000,11,literal,gzip,107,82,25,99e8202
1,arithmetic-shallow,1000,12,compact,none,33,4,29,99e8202
1,arithmetic-shallow,1000,12,literal,none,118,93,25,99e8202
1,arithmetic-shallow,1000,12,literal,gzip,106,81,25,99e8202
1,arithmetic-shallow,1000,13,compact,none,33,4,29,99e8202
1,arithmetic-shallow,1000,13,literal,none,118,93,25,99e8202
1,arithmetic-shallow,1000,13,literal,gzip,107,82,25,99e8202
1,arithmetic-shallow,1000,14,compact,none,33,4,29,99e8202
1,arithmetic-shallow,1000,14,literal,none,118,93,25,99e8202
1,arithmetic-shallow,1000,14,literal,gzip,107,82,25,99e8202
1,arithmetic-shallow,1000,15,compact,none,33,4,29,99e8202
1,arithmetic-shallow,1000,15,literal,none,118,93,25,99e8202
1,arithmetic-shallow,1000,15,literal,gzip,104,79,25,99e8202
1,arithmetic-shallow,1000,16,compact,none,33,4,29,99e8202
1,arithmetic-shallow,1000,16,literal,none,118,93,25,99e8202
1,arithmetic-shallow,1000,16,literal,gzip,107,82,25,99e8202
1,arithmetic-shallow,1000,17,compact,none,33,4,29,99e8202
1,arithmetic-shallow,1000,17,literal,none,118,93,25,99e8202
1,arithmetic-shallow,1000,17,literal,gzip,107,82,25,99e8202
1,arithmetic-shallow,1000,18,compact,none,33,4,29,99e8202
1,arithmetic-shallow,1000,18,literal,none,118,93,25,99e8202
1,arithmetic-shallow,1000,18,literal,gzip,106,81,25,99e8202
1,arithmetic-shallow,1000,19,compact,none,33,4,29,99e8202
1,arithmetic-shallow,1000,19,literal,none,118,93,25,99e8202
1,arithmetic-shallow,1000,19,literal,gzip,107,82,25,99e8202
1,arithmetic-shallow,1000,20,compact,none,33,4,29,99e8202
1,arithmetic-shallow,1000,20,literal,none,118,93,25,99e8202
1,arithmetic-shallow,1000,20,literal,gzip,105,80,25,99e8202
1,arithmetic-shallow,1000,21,compact,none,33,4,29,99e8202
1,arithmetic-shallow,1000,21,literal,none,118,93,25,99e8202
1,arithmetic-shallow,1000,21,literal,gzip,106,81,25,99e8202
1,arithmetic-shallow,1000,22,compact,none,33,4,29,99e8202
1,arithmetic-shallow,1000,22,literal,none,118,93,25,99e8202
1,arithmetic-shallow,1000,22,literal,gzip,107,82,25,99e8202
1,arithmetic-shallow,1000,23,compact,none,33,4,29,99e8202
1,arithmetic-shallow,1000,23,literal,none,118,93,25,99e8202
1,arithmetic-shallow,1000,23,literal,gzip,107,82,25,99e8202
1,arithmetic-shallow,1000,24,compact,none,33,4,29,99e8202
1,arithmetic-shallow,1000,24,literal,none,118,93,25,99e8202
1,arithmetic-shallow,1000,24,literal,gzip,106,81,25,99e8202
1,arithmetic-shallow,1000,25,compact,none,33,4,29,99e8202
1,arithmetic-shallow,1000,25,literal,none,118,93,25,99e8202
1,arithmetic-shallow,1000,25,literal,gzip,105,80,25,99e8202
1,arithmetic-shallow,1000,26,compact,none,33,4,29,99e8202
1,arithmetic-shallow,1000,26,literal,none,118,93,25,99e8202
1,arithmetic-shallow,1000,26,literal,gzip,107,82,25,99e8202
1,arithmetic-shallow,1000,27,compact,none,33,4,29,99e8202
1,arithmetic-shallow,1000,27,literal,none,118,93,25,99e8202
1,arithmetic-shallow,1000,27,literal,gzip,106,81,25,99e8202
1,arithmetic-shallow,1000,28,compact,none,33,4,29,99e8202
1,arithmetic-shallow,1000,28,literal,none,118,93,25,99e8202
1,arithmetic-shallow,1000,28,literal,gzip,107,82,25,99e8202
1,arithmetic-shallow,1000,29,compact,none,33,4,29,99e8202
1,arithmetic-shallow,1000,29,literal,none,118,93,25,99e8202
1,arithmetic-shallow,1000,29,literal,gzip,107,82,25,99e8202
1,arithmetic-shallow,1000,30,compact,none,33,4,29,99e8202
1,arithmetic-shallow,1000,30,literal,none,118,93,25,99e8202
1,arithmetic-shallow,1000,30,literal,gzip,104,79,25,99e8202
1,arithmetic-shallow,1000,31,compact,none,33,4,29,99e8202
1,arithmetic-shallow,1000,31,literal,none,118,93,25,99e8202
1,arithmetic-shallow,1000,31,literal,gzip,107,82,25,99e8202
1,arithmetic-shallow,1000,32,compact,none,33,4,29,99e8202
1,arithmetic-shallow,1000,32,literal,none,118,93,25,99e8202
1,arithmetic-shallow,1000,32,literal,gzip,107,82,25,99e8202
1,arithmetic-shallow,1000,33,compact,none,33,4,29,99e8202
1,arithmetic-shallow,1000,33,literal,none,118,93,25,99e8202
1,arithmetic-shallow,1000,33,literal,gzip,106,81,25,99e8202
1,arithmetic-shallow,1000,34,compact,none,33,4,29,99e8202
1,arithmetic-shallow,1000,34,literal,none,118,93,25,99e8202
1,arithmetic-shallow,1000,34,literal,gzip,107,82,25,99e8202
1,arithmetic-shallow,1000,35,compact,none,33,4,29,99e8202
1,arithmetic-shallow,1000,35,literal,none,118,93,25,99e8202
1,arithmetic-shallow,1000,35,literal,gzip,105,80,25,99e8202
1,arithmetic-shallow,1000,36,compact,none,33,4,29,99e8202
1,arithmetic-shallow,1000,36,literal,none,118,93,25,99e8202
1,arithmetic-shallow,1000,36,literal,gzip,106,81,25,99e8202
1,arithmetic-shallow,1000,37,compact,none,33,4,29,99e8202
1,arithmetic-shallow,1000,37,literal,none,118,93,25,99e8202
1,arithmetic-shallow,1000,37,literal,gzip,107,82,25,99e8202
1,arithmetic-shallow,1000,38,compact,none,33,4,29,99e8202
1,arithmetic-shallow,1000,38,literal,none,118,93,25,99e8202
1,arithmetic-shallow,1000,38,literal,gzip,107,82,25,99e8202
1,arithmetic-shallow,1000,39,compact,none,33,4,29,99e8202
1,arithmetic-shallow,1000,39,literal,none,118,93,25,99e8202
1,arithmetic-shallow,1000,39,literal,gzip,106,81,25,99e8202
1,arithmetic-shallow,1000,40,compact,none,33,4,29,99e8202
1,arithmetic-shallow,1000,40,literal,none,118,93,25,99e8202
1,arithmetic-shallow,1000,40,literal,gzip,105,80,25,99e8202
1,arithmetic-shallow,1000,41,compact,none,33,4,29,99e8202
1,arithmetic-shallow,1000,41,literal,none,118,93,25,99e8202
1,arithmetic-shallow,1000,41,literal,gzip,107,82,25,99e8202
1,arithmetic-shallow,1000,42,compact,none,33,4,29,99e8202
1,arithmetic-shallow,1000,42,literal,none,118,93,25,99e8202
1,arithmetic-shallow,1000,42,literal,gzip,106,81,25,99e8202
1,arithmetic-shallow,1000,43,compact,none,33,4,29,99e8202
1,arithmetic-shallow,1000,43,literal,none,118,93,25,99e8202
1,arithmetic-shallow,1000,43,literal,gzip,107,82,25,99e8202
1,arithmetic-shallow,1000,44,compact,none,33,4,29,99e8202
1,arithmetic-shallow,1000,44,literal,none,118,93,25,99e8202
1,arithmetic-shallow,1000,44,literal,gzip,107,82,25,99e8202
1,arithmetic-shallow,1000,45,compact,none,33,4,29,99e8202
1,arithmetic-shallow,1000,45,literal,none,118,93,25,99e8202
1,arithmetic-shallow,1000,45,literal,gzip,104,79,25,99e8202
1,arithmetic-shallow,1000,46,compact,none,33,4,29,99e8202
1,arithmetic-shallow,1000,46,literal,none,118,93,25,99e8202
1,arithmetic-shallow,1000,46,literal,gzip,107,82,25,99e8202
1,arithmetic-shallow,1000,47,compact,none,33,4,29,99e8202
1,arithmetic-shallow,1000,47,literal,none,118,93,25,99e8202
1,arithmetic-shallow,1000,47,literal,gzip,107,82,25,99e8202
1,arithmetic-shallow,1000,48,compact,none,33,4,29,99e8202
1,arithmetic-shallow,1000,48,literal,none,118,93,25,99e8202
1,arithmetic-shallow,1000,48,literal,gzip,106,81,25,99e8202
1,arithmetic-shallow,1000,49,compact,none,33,4,29,99e8202
1,arithmetic-shallow,1000,49,literal,none,118,93,25,99e8202
1,arithmetic-shallow,1000,49,literal,gzip,107,82,25,99e8202
1,arithmetic-shallow,1000,50,compact,none,33,4,29,99e8202
1,arithmetic-shallow,1000,50,literal,none,118,93,25,99e8202
1,arithmetic-shallow,1000,50,literal,gzip,105,80,25,99e8202
1,arithmetic-shallow,1000,51,compact,none,33,4,29,99e8202
1,arithmetic-shallow,1000,51,literal,none,118,93,25,99e8202
1,arithmetic-shallow,1000,51,literal,gzip,106,81,25,99e8202
1,arithmetic-shallow,1000,52,compact,none,33,4,29,99e8202
1,arithmetic-shallow,1000,52,literal,none,118,93,25,99e8202
1,arithmetic-shallow,1000,52,literal,gzip,107,82,25,99e8202
1,arithmetic-shallow,1000,53,compact,none,33,4,29,99e8202
1,arithmetic-shallow,1000,53,literal,none,118,93,25,99e8202
1,arithmetic-shallow,1000,53,literal,gzip,107,82,25,99e8202
1,arithmetic-shallow,1000,54,compact,none,33,4,29,99e8202
1,arithmetic-shallow,1000,54,literal,none,118,93,25,99e8202
1,arithmetic-shallow,1000,54,literal,gzip,106,81,25,99e8202
1,arithmetic-shallow,1000,55,compact,none,33,4,29,99e8202
1,arithmetic-shallow,1000,55,literal,none,118,93,25,99e8202
1,arithmetic-shallow,1000,55,literal,gzip,105,80,25,99e8202
1,arithmetic-shallow,1000,56,compact,none,33,4,29,99e8202
1,arithmetic-shallow,1000,56,literal,none,118,93,25,99e8202
1,arithmetic-shallow,1000,56,literal,gzip,107,82,25,99e8202
1,arithmetic-shallow,1000,57,compact,none,33,4,29,99e8202
1,arithmetic-shallow,1000,57,literal,none,118,93,25,99e8202
1,arithmetic-shallow,1000,57,literal,gzip,106,81,25,99e8202
1,arithmetic-shallow,1000,58,compact,none,33,4,29,99e8202
1,arithmetic-shallow,1000,58,literal,none,118,93,25,99e8202
1,arithmetic-shallow,1000,58,literal,gzip,107,82,25,99e8202
1,arithmetic-shallow,1000,59,compact,none,33,4,29,99e8202
1,arithmetic-shallow,1000,59,literal,none,118,93,25,99e8202
1,arithmetic-shallow,1000,59,literal,gzip,107,82,25,99e8202
1,arithmetic-shallow,1000,60,compact,none,33,4,29,99e8202
1,arithmetic-shallow,1000,60,literal,none,118,93,25,99e8202
1,arithmetic-shallow,1000,60,literal,gzip,104,79,25,99e8202
1,arithmetic-shallow,1000,61,compact,none,33,4,29,99e8202
1,arithmetic-shallow,1000,61,literal,none,118,93,25,99e8202
1,arithmetic-shallow,1000,61,literal,gzip,107,82,25,99e8202
1,arithmetic-shallow,1000,62,compact,none,33,4,29,99e8202
1,arithmetic-shallow,1000,62,literal,none,118,93,25,99e8202
1,arithmetic-shallow,1000,62,literal,gzip,107,82,25,99e8202
1,arithmetic-shallow,1000,63,compact,none,33,4,29,99e8202
1,arithmetic-shallow,1000,63,literal,none,118,93,25,99e8202
1,arithmetic-shallow,1000,63,literal,gzip,106,81,25,99e8202
1,arithmetic-shallow,1000,64,compact,none,33,4,29,99e8202
1,arithmetic-shallow,1000,64,literal,none,118,93,25,99e8202
1,arithmetic-shallow,1000,64,literal,gzip,107,82,25,99e8202
1,arithmetic-shallow,1000,65,compact,none,33,4,29,99e8202
1,arithmetic-shallow,1000,65,literal,none,118,93,25,99e8202
1,arithmetic-shallow,1000,65,literal,gzip,105,80,25,99e8202
1,arithmetic-shallow,1000,66,compact,none,33,4,29,99e8202
1,arithmetic-shallow,1000,66,literal,none,118,93,25,99e8202
1,arithmetic-shallow,1000,66,literal,gzip,106,81,25,99e8202
1,arithmetic-shallow,1000,67,compact,none,33,4,29,99e8202
1,arithmetic-shallow,1000,67,literal,none,118,93,25,99e8202
1,arithmetic-shallow,1000,67,literal,gzip,107,82,25,99e8202
1,arithmetic-shallow,1000,68,compact,none,33,4,29,99e8202
1,arithmetic-shallow,1000,68,literal,none,118,93,25,99e8202
1,arithmetic-shallow,1000,68,literal,gzip,107,82,25,99e8202
1,arithmetic-shallow,1000,69,compact,none,33,4,29,99e8202
1,arithmetic-shallow,1000,69,literal,none,118,93,25,99e8202
1,arithmetic-shallow,1000,69,literal,gzip,106,81,25,99e8202
1,arithmetic-shallow,1000,70,compact,none,33,4,29,99e8202
1,arithmetic-shallow,1000,70,literal,none,118,93,25,99e8202
1,arithmetic-shallow,1000,70,literal,gzip,105,80,25,99e8202
1,arithmetic-shallow,1000,71,compact,none,33,4,29,99e8202
1,arithmetic-shallow,1000,71,literal,none,118,93,25,99e8202
1,arithmetic-shallow,1000,71,literal,gzip,107,82,25,99e8202
1,arithmetic-shallow,1000,72,compact,none,33,4,29,99e8202
1,arithmetic-shallow,1000,72,literal,none,118,93,25,99e8202
1,arithmetic-shallow,1000,72,literal,gzip,106,81,25,99e8202
1,arithmetic-shallow,1000,73,compact,none,33,4,29,99e8202
1,arithmetic-shallow,1000,73,literal,none,118,93,25,99e8202
1,arithmetic-shallow,1000,73,literal,gzip,107,82,25,99e8202
1,arithmetic-shallow,1000,74,compact,none,33,4,29,99e8202
1,arithmetic-shallow,1000,74,literal,none,118,93,25,99e8202
1,arithmetic-shallow,1000,74,literal,gzip,107,82,25,99e8202
1,arithmetic-shallow,1000,75,compact,none,33,4,29,99e8202
1,arithmetic-shallow,1000,75,literal,none,118,93,25,99e8202
1,arithmetic-shallow,1000,75,literal,gzip,104,79,25,99e8202
1,arithmetic-shallow,1000,76,compact,none,33,4,29,99e8202
1,arithmetic-shallow,1000,76,literal,none,118,93,25,99e8202
1,arithmetic-shallow,1000,76,literal,gzip,107,82,25,99e8202
1,arithmetic-shallow,1000,77,compact,none,33,4,29,99e8202
1,arithmetic-shallow,1000,77,literal,none,118,93,25,99e8202
1,arithmetic-shallow,1000,77,literal,gzip,107,82,25,99e8202
1,arithmetic-shallow,1000,78,compact,none,33,4,29,99e8202
1,arithmetic-shallow,1000,78,literal,none,118,93,25,99e8202
1,arithmetic-shallow,1000,78,literal,gzip,106,81,25,99e8202
1,arithmetic-shallow,1000,79,compact,none,33,4,29,99e8202
1,arithmetic-shallow,1000,79,literal,none,118,93,25,99e8202
1,arithmetic-shallow,1000,79,literal,gzip,107,82,25,99e8202
1,arithmetic-shallow,1000,80,compact,none,33,4,29,99e8202
1,arithmetic-shallow,1000,80,literal,none,118,93,25,99e8202
1,arithmetic-shallow,1000,80,literal,gzip,105,80,25,99e8202
1,arithmetic-shallow,1000,81,compact,none,33,4,29,99e8202
1,arithmetic-shallow,1000,81,literal,none,118,93,25,99e8202
1,arithmetic-shallow,1000,81,literal,gzip,106,81,25,99e8202
1,arithmetic-shallow,1000,82,compact,none,33,4,29,99e8202
1,arithmetic-shallow,1000,82,literal,none,118,93,25,99e8202
1,arithmetic-shallow,1000,82,literal,gzip,107,82,25,99e8202
1,arithmetic-shallow,1000,83,compact,none,33,4,29,99e8202
1,arithmetic-shallow,1000,83,literal,none,118,93,25,99e8202
1,arithmetic-shallow,1000,83,literal,gzip,107,82,25,99e8202
1,arithmetic-shallow,1000,84,compact,none,33,4,29,99e8202
1,arithmetic-shallow,1000,84,literal,none,118,93,25,99e8202
1,arithmetic-shallow,1000,84,literal,gzip,106,81,25,99e8202
1,arithmetic-shallow,1000,85,compact,none,33,4,29,99e8202
1,arithmetic-shallow,1000,85,literal,none,118,93,25,99e8202
1,arithmetic-shallow,1000,85,literal,gzip,105,80,25,99e8202
1,arithmetic-shallow,1000,86,compact,none,33,4,29,99e8202
1,arithmetic-shallow,1000,86,literal,none,118,93,25,99e8202
1,arithmetic-shallow,1000,86,literal,gzip,107,82,25,99e8202
1,arithmetic-shallow,1000,87,compact,none,33,4,29,99e8202
1,arithmetic-shallow,1000,87,literal,none,118,93,25,99e8202
1,arithmetic-shallow,1000,87,literal,gzip,106,81,25,99e8202
1,arithmetic-shallow,1000,88,compact,none,33,4,29,99e8202
1,arithmetic-shallow,1000,88,literal,none,118,93,25,99e8202
1,arithmetic-shallow,1000,88,literal,gzip,107,82,25,99e8202
1,arithmetic-shallow,1000,89,compact,none,33,4,29,99e8202
1,arithmetic-shallow,1000,89,literal,none,118,93,25,99e8202
1,arithmetic-shallow,1000,89,literal,gzip,107,82,25,99e8202
1,arithmetic-shallow,1000,90,compact,none,33,4,29,99e8202
1,arithmetic-shallow,1000,90,literal,none,118,93,25,99e8202
1,arithmetic-shallow,1000,90,literal,gzip,104,79,25,99e8202
1,arithmetic-shallow,1000,91,compact,none,33,4,29,99e8202
1,arithmetic-shallow,1000,91,literal,none,118,93,25,99e8202
1,arithmetic-shallow,1000,91,literal,gzip,107,82,25,99e8202
1,arithmetic-shallow,1000,92,compact,none,33,4,29,99e8202
1,arithmetic-shallow,1000,92,literal,none,118,93,25,99e8202
1,arithmetic-shallow,1000,92,literal,gzip,107,82,25,99e8202
1,arithmetic-shallow,1000,93,compact,none,33,4,29,99e8202
1,arithmetic-shallow,1000,93,literal,none,118,93,25,99e8202
1,arithmetic-shallow,1000,93,literal,gzip,106,81,25,99e8202
1,arithmetic-shallow,1000,94,compact,none,33,4,29,99e8202
1,arithmetic-shallow,1000,94,literal,none,118,93,25,99e8202
1,arithmetic-shallow,1000,94,literal,gzip,107,82,25,99e8202
1,arithmetic-shallow,1000,95,compact,none,33,4,29,99e8202
1,arithmetic-shallow,1000,95,literal,none,118,93,25,99e8202
1,arithmetic-shallow,1000,95,literal,gzip,105,80,25,99e8202
1,arithmetic-shallow,1000,96,compact,none,33,4,29,99e8202
1,arithmetic-shallow,1000,96,literal,none,118,93,25,99e8202
1,arithmetic-shallow,1000,96,literal,gzip,106,81,25,99e8202
1,arithmetic-shallow,1000,97,compact,none,33,4,29,99e8202
1,arithmetic-shallow,1000,97,literal,none,118,93,25,99e8202
1,arithmetic-shallow,1000,97,literal,gzip,107,82,25,99e8202
1,arithmetic-shallow,1000,98,compact,none,33,4,29,99e8202
1,arithmetic-shallow,1000,98,literal,none,118,93,25,99e8202
1,arithmetic-shallow,1000,98,literal,gzip,107,82,25,99e8202
1,arithmetic-shallow,1000,99,compact,none,33,4,29,99e8202
1,arithmetic-shallow,1000,99,literal,none,118,93,25,99e8202
1,arithmetic-shallow,1000,99,literal,gzip,106,81,25,99e8202
1,arithmetic-shallow,1000,100,compact,none,33,4,29,99e8202
1,arithmetic-shallow,1000,100,literal,none,118,93,25,99e8202
1,arithmetic-shallow,1000,100,literal,gzip,105,80,25,99e8202
1,arithmetic-shallow,1000,101,compact,none,33,4,29,99e8202
1,arithmetic-shallow,1000,101,literal,none,118,93,25,99e8202
1,arithmetic-shallow,1000,101,literal,gzip,107,82,25,99e8202
1,arithmetic-shallow,1000,102,compact,none,33,4,29,99e8202
1,arithmetic-shallow,1000,102,literal,none,118,93,25,99e8202
1,arithmetic-shallow,1000,102,literal,gzip,106,81,25,99e8202
1,arithmetic-shallow,1000,103,compact,none,33,4,29,99e8202
1,arithmetic-shallow,1000,103,literal,none,118,93,25,99e8202
1,arithmetic-shallow,1000,103,literal,gzip,107,82,25,99e8202
1,arithmetic-shallow,1000,104,compact,none,33,4,29,99e8202
1,arithmetic-shallow,1000,104,literal,none,118,93,25,99e8202
1,arithmetic-shallow,1000,104,literal,gzip,107,82,25,99e8202
1,arithmetic-shallow,1000,105,compact,none,33,4,29,99e8202
1,arithmetic-shallow,1000,105,literal,none,118,93,25,99e8202
1,arithmetic-shallow,1000,105,literal,gzip,104,79,25,99e8202
1,arithmetic-shallow,1000,106,compact,none,33,4,29,99e8202
1,arithmetic-shallow,1000,106,literal,none,118,93,25,99e8202
1,arithmetic-shallow,1000,106,literal,gzip,107,82,25,99e8202
1,arithmetic-shallow,1000,107,compact,none,33,4,29,99e8202
1,arithmetic-shallow,1000,107,literal,none,118,93,25,99e8202
1,arithmetic-shallow,1000,107,literal,gzip,107,82,25,99e8202
1,arithmetic-shallow,1000,108,compact,none,33,4,29,99e8202
1,arithmetic-shallow,1000,108,literal,none,118,93,25,99e8202
1,arithmetic-shallow,1000,108,literal,gzip,106,81,25,99e8202
1,arithmetic-shallow,1000,109,compact,none,33,4,29,99e8202
1,arithmetic-shallow,1000,109,literal,none,118,93,25,99e8202
1,arithmetic-shallow,1000,109,literal,gzip,107,82,25,99e8202
1,arithmetic-shallow,1000,110,compact,none,33,4,29,99e8202
1,arithmetic-shallow,1000,110,literal,none,118,93,25,99e8202
1,arithmetic-shallow,1000,110,literal,gzip,105,80,25,99e8202
1,arithmetic-shallow,1000,111,compact,none,33,4,29,99e8202
1,arithmetic-shallow,1000,111,literal,none,118,93,25,99e8202
1,arithmetic-shallow,1000,111,literal,gzip,106,81,25,99e8202
1,arithmetic-shallow,1000,112,compact,none,33,4,29,99e8202
1,arithmetic-shallow,1000,112,literal,none,118,93,25,99e8202
1,arithmetic-shallow,1000,112,literal,gzip,107,82,25,99e8202
1,arithmetic-shallow,1000,113,compact,none,33,4,29,99e8202
1,arithmetic-shallow,1000,113,literal,none,118,93,25,99e8202
1,arithmetic-shallow,1000,113,literal,gzip,107,82,25,99e8202
1,arithmetic-shallow,1000,114,compact,none,33,4,29,99e8202
1,arithmetic-shallow,1000,114,literal,none,118,93,25,99e8202
1,arithmetic-shallow,1000,114,literal,gzip,106,81,25,99e8202
1,arithmetic-shallow,1000,115,compact,none,33,4,29,99e8202
1,arithmetic-shallow,1000,115,literal,none,118,93,25,99e8202
1,arithmetic-shallow,1000,115,literal,gzip,105,80,25,99e8202
1,arithmetic-shallow,1000,116,compact,none,33,4,29,99e8202
1,arithmetic-shallow,1000,116,literal,none,118,93,25,99e8202
1,arithmetic-shallow,1000,116,literal,gzip,107,82,25,99e8202
1,arithmetic-shallow,1000,117,compact,none,33,4,29,99e8202
1,arithmetic-shallow,1000,117,literal,none,118,93,25,99e8202
1,arithmetic-shallow,1000,117,literal,gzip,106,81,25,99e8202
1,arithmetic-shallow,1000,118,compact,none,33,4,29,99e8202
1,arithmetic-shallow,1000,118,literal,none,118,93,25,99e8202
1,arithmetic-shallow,1000,118,literal,gzip,107,82,25,99e8202
1,arithmetic-shallow,1000,119,compact,none,33,4,29,99e8202
1,arithmetic-shallow,1000,119,literal,none,118,93,25,99e8202
1,arithmetic-shallow,1000,119,literal,gzip,107,82,25,99e8202
1,arithmetic-shallow,1000,120,compact,none,33,4,29,99e8202
1,arithmetic-shallow,1000,120,literal,none,118,93,25,99e8202
1,arithmetic-shallow,1000,120,literal,gzip,104,79,25,99e8202
1,arithmetic-shallow,1000,121,compact,none,33,4,29,99e8202
1,arithmetic-shallow,1000,121,literal,none,118,93,25,99e8202
1,arithmetic-shallow,1000,121,literal,gzip,107,82,25,99e8202
1,arithmetic-shallow,1000,122,compact,none,33,4,29,99e8202
1,arithmetic-shallow,1000,122,literal,none,118,93,25,99e8202
1,arithmetic-shallow,1000,122,literal,gzip,107,82,25,99e8202
1,arithmetic-shallow,1000,123,compact,none,33,4,29,99e8202
1,arithmetic-shallow,1000,123,literal,none,118,93,25,99e8202
1,arithmetic-shallow,1000,123,literal,gzip,106,81,25,99e8202
1,arithmetic-shallow,1000,124,compact,none,33,4,29,99e8202
1,arithmetic-shallow,1000,124,literal,none,118,93,25,99e8202
1,arithmetic-shallow,1000,124,literal,gzip,107,82,25,99e8202
1,arithmetic-shallow,1000,125,compact,none,33,4,29,99e8202
1,arithmetic-shallow,1000,125,literal,none,118,93,25,99e8202
1,arithmetic-shallow,1000,125,literal,gzip,105,80,25,99e8202
1,arithmetic-shallow,1000,126,compact,none,33,4,29,99e8202
1,arithmetic-shallow,1000,126,literal,none,118,93,25,99e8202
1,arithmetic-shallow,1000,126,literal,gzip,106,81,25,99e8202
1,arithmetic-shallow,1000,127,compact,none,33,4,29,99e8202
1,arithmetic-shallow,1000,127,literal,none,118,93,25,99e8202
1,arithmetic-shallow,1000,127,literal,gzip,107,82,25,99e8202
1,arithmetic-shallow,1000,128,compact,none,33,4,29,99e8202
1,arithmetic-shallow,1000,128,literal,none,118,93,25,99e8202
1,arithmetic-shallow,1000,128,literal,gzip,107,82,25,99e8202
1,arithmetic-shallow,1000,129,compact,none,33,4,29,99e8202
1,arithmetic-shallow,1000,129,literal,none,118,93,25,99e8202
1,arithmetic-shallow,1000,129,literal,gzip,106,81,25,99e8202
1,arithmetic-shallow,1000,130,compact,none,33,4,29,99e8202
1,arithmetic-shallow,1000,130,literal,none,118,93,25,99e8202
1,arithmetic-shallow,1000,130,literal,gzip,105,80,25,99e8202
1,arithmetic-shallow,1000,131,compact,none,33,4,29,99e8202
1,arithmetic-shallow,1000,131,literal,none,118,93,25,99e8202
1,arithmetic-shallow,1000,131,literal,gzip,107,82,25,99e8202
1,arithmetic-shallow,1000,132,compact,none,33,4,29,99e8202
1,arithmetic-shallow,1000,132,literal,none,118,93,25,99e8202
1,arithmetic-shallow,1000,132,literal,gzip,106,81,25,99e8202
1,arithmetic-shallow,1000,133,compact,none,33,4,29,99e8202
1,arithmetic-shallow,1000,133,literal,none,118,93,25,99e8202
1,arithmetic-shallow,1000,133,literal,gzip,107,82,25,99e8202
1,arithmetic-shallow,1000,134,compact,none,33,4,29,99e8202
1,arithmetic-shallow,1000,134,literal,none,118,93,25,99e8202
1,arithmetic-shallow,1000,134,literal,gzip,107,82,25,99e8202
1,arithmetic-shallow,1000,135,compact,none,33,4,29,99e8202
1,arithmetic-shallow,1000,135,literal,none,118,93,25,99e8202
1,arithmetic-shallow,1000,135,literal,gzip,104,79,25,99e8202
1,arithmetic-shallow,1000,136,compact,none,33,4,29,99e8202
1,arithmetic-shallow,1000,136,literal,none,118,93,25,99e8202
1,arithmetic-shallow,1000,136,literal,gzip,107,82,25,99e8202
1,arithmetic-shallow,1000,137,compact,none,33,4,29,99e8202
1,arithmetic-shallow,1000,137,literal,none,118,93,25,99e8202
1,arithmetic-shallow,1000,137,literal,gzip,107,82,25,99e8202
1,arithmetic-shallow,1000,138,compact,none,33,4,29,99e8202
1,arithmetic-shallow,1000,138,literal,none,118,93,25,99e8202
1,arithmetic-shallow,1000,138,literal,gzip,106,81,25,99e8202
1,arithmetic-shallow,1000,139,compact,none,33,4,29,99e8202
1,arithmetic-shallow,1000,139,literal,none,118,93,25,99e8202
1,arithmetic-shallow,1000,139,literal,gzip,107,82,25,99e8202
1,arithmetic-shallow,1000,140,compact,none,33,4,29,99e8202
1,arithmetic-shallow,1000,140,literal,none,118,93,25,99e8202
1,arithmetic-shallow,1000,140,literal,gzip,105,80,25,99e8202
1,arithmetic-shallow,1000,141,compact,none,33,4,29,99e8202
1,arithmetic-shallow,1000,141,literal,none,118,93,25,99e8202
1,arithmetic-shallow,1000,141,literal,gzip,106,81,25,99e8202
1,arithmetic-shallow,1000,142,compact,none,33,4,29,99e8202
1,arithmetic-shallow,1000,142,literal,none,118,93,25,99e8202
1,arithmetic-shallow,1000,142,literal,gzip,107,82,25,99e8202
1,arithmetic-shallow,1000,143,compact,none,33,4,29,99e8202
1,arithmetic-shallow,1000,143,literal,none,118,93,25,99e8202
1,arithmetic-shallow,1000,143,literal,gzip,107,82,25,99e8202
1,arithmetic-shallow,1000,144,compact,none,33,4,29,99e8202
1,arithmetic-shallow,1000,144,literal,none,118,93,25,99e8202
1,arithmetic-shallow,1000,144,literal,gzip,106,81,25,99e8202
1,arithmetic-shallow,1000,145,compact,none,33,4,29,99e8202
1,arithmetic-shallow,1000,145,literal,none,118,93,25,99e8202
1,arithmetic-shallow,1000,145,literal,gzip,105,80,25,99e8202
1,arithmetic-shallow,1000,146,compact,none,33,4,29,99e8202
1,arithmetic-shallow,1000,146,literal,none,118,93,25,99e8202
1,arithmetic-shallow,1000,146,literal,gzip,107,82,25,99e8202
1,arithmetic-shallow,1000,147,compact,none,33,4,29,99e8202
1,arithmetic-shallow,1000,147,literal,none,118,93,25,99e8202
1,arithmetic-shallow,1000,147,literal,gzip,106,81,25,99e8202
1,arithmetic-shallow,1000,148,compact,none,33,4,29,99e8202
1,arithmetic-shallow,1000,148,literal,none,118,93,25,99e8202
1,arithmetic-shallow,1000,148,literal,gzip,107,82,25,99e8202
1,arithmetic-shallow,1000,149,compact,none,33,4,29,99e8202
1,arithmetic-shallow,1000,149,literal,none,118,93,25,99e8202
1,arithmetic-shallow,1000,149,literal,gzip,107,82,25,99e8202
1,arithmetic-shallow,1000,150,compact,none,33,4,29,99e8202
1,arithmetic-shallow,1000,150,literal,none,118,93,25,99e8202
1,arithmetic-shallow,1000,150,literal,gzip,104,79,25,99e8202
1,arithmetic-shallow,1000,151,compact,none,33,4,29,99e8202
1,arithmetic-shallow,1000,151,literal,none,118,93,25,99e8202
1,arithmetic-shallow,1000,151,literal,gzip,107,82,25,99e8202
1,arithmetic-shallow,1000,152,compact,none,33,4,29,99e8202
1,arithmetic-shallow,1000,152,literal,none,118,93,25,99e8202
1,arithmetic-shallow,1000,152,literal,gzip,107,82,25,99e8202
1,arithmetic-shallow,1000,153,compact,none,33,4,29,99e8202
1,arithmetic-shallow,1000,153,literal,none,118,93,25,99e8202
1,arithmetic-shallow,1000,153,literal,gzip,106,81,25,99e8202
1,arithmetic-shallow,1000,154,compact,none,33,4,29,99e8202
1,arithmetic-shallow,1000,154,literal,none,118,93,25,99e8202
1,arithmetic-shallow,1000,154,literal,gzip,107,82,25,99e8202
1,arithmetic-shallow,1000,155,compact,none,33,4,29,99e8202
1,arithmetic-shallow,1000,155,literal,none,118,93,25,99e8202
1,arithmetic-shallow,1000,155,literal,gzip,105,80,25,99e8202
1,arithmetic-shallow,1000,156,compact,none,33,4,29,99e8202
1,arithmetic-shallow,1000,156,literal,none,118,93,25,99e8202
1,arithmetic-shallow,1000,156,literal,gzip,106,81,25,99e8202
1,arithmetic-shallow,1000,157,compact,none,33,4,29,99e8202
1,arithmetic-shallow,1000,157,literal,none,118,93,25,99e8202
1,arithmetic-shallow,1000,157,literal,gzip,107,82,25,99e8202
1,arithmetic-shallow,1000,158,compact,none,33,4,29,99e8202
1,arithmetic-shallow,1000,158,literal,none,118,93,25,99e8202
1,arithmetic-shallow,1000,158,literal,gzip,107,82,25,99e8202
1,arithmetic-shallow,1000,159,compact,none,33,4,29,99e8202
1,arithmetic-shallow,1000,159,literal,none,118,93,25,99e8202
1,arithmetic-shallow,1000,159,literal,gzip,106,81,25,99e8202
1,arithmetic-shallow,1000,160,compact,none,33,4,29,99e8202
1,arithmetic-shallow,1000,160,literal,none,118,93,25,99e8202
1,arithmetic-shallow,1000,160,literal,gzip,105,80,25,99e8202
1,arithmetic-shallow,1000,161,compact,none,33,4,29,99e8202
1,arithmetic-shallow,1000,161,literal,none,118,93,25,99e8202
1,arithmetic-shallow,1000,161,literal,gzip,107,82,25,99e8202
1,arithmetic-shallow,1000,162,compact,none,33,4,29,99e8202
1,arithmetic-shallow,1000,162,literal,none,118,93,25,99e8202
1,arithmetic-shallow,1000,162,literal,gzip,106,81,25,99e8202
1,arithmetic-shallow,1000,163,compact,none,33,4,29,99e8202
1,arithmetic-shallow,1000,163,literal,none,118,93,25,99e8202
1,arithmetic-shallow,1000,163,literal,gzip,107,82,25,99e8202
1,arithmetic-shallow,1000,164,compact,none,33,4,29,99e8202
1,arithmetic-shallow,1000,164,literal,none,118,93,25,99e8202
1,arithmetic-shallow,1000,164,literal,gzip,107,82,25,99e8202
1,arithmetic-shallow,1000,165,compact,none,33,4,29,99e8202
1,arithmetic-shallow,1000,165,literal,none,118,93,25,99e8202
1,arithmetic-shallow,1000,165,literal,gzip,104,79,25,99e8202
1,arithmetic-shallow,1000,166,compact,none,33,4,29,99e8202
1,arithmetic-shallow,1000,166,literal,none,118,93,25,99e8202
1,arithmetic-shallow,1000,166,literal,gzip,107,82,25,99e8202
1,arithmetic-shallow,1000,167,compact,none,33,4,29,99e8202
1,arithmetic-shallow,1000,167,literal,none,118,93,25,99e8202
1,arithmetic-shallow,1000,167,literal,gzip,107,82,25,99e8202
1,arithmetic-shallow,1000,168,compact,none,33,4,29,99e8202
1,arithmetic-shallow,1000,168,literal,none,118,93,25,99e8202
1,arithmetic-shallow,1000,168,literal,gzip,106,81,25,99e8202
1,arithmetic-shallow,1000,169,compact,none,33,4,29,99e8202
1,arithmetic-shallow,1000,169,literal,none,118,93,25,99e8202
1,arithmetic-shallow,1000,169,literal,gzip,107,82,25,99e8202
1,arithmetic-shallow,1000,170,compact,none,33,4,29,99e8202
1,arithmetic-shallow,1000,170,literal,none,118,93,25,99e8202
1,arithmetic-shallow,1000,170,literal,gzip,105,80,25,99e8202
1,arithmetic-shallow,1000,171,compact,none,33,4,29,99e8202
1,arithmetic-shallow,1000,171,literal,none,118,93,25,99e8202
1,arithmetic-shallow,1000,171,literal,gzip,106,81,25,99e8202
1,arithmetic-shallow,1000,172,compact,none,33,4,29,99e8202
1,arithmetic-shallow,1000,172,literal,none,118,93,25,99e8202
1,arithmetic-shallow,1000,172,literal,gzip,107,82,25,99e8202
1,arithmetic-shallow,1000,173,compact,none,33,4,29,99e8202
1,arithmetic-shallow,1000,173,literal,none,118,93,25,99e8202
1,arithmetic-shallow,1000,173,literal,gzip,107,82,25,99e8202
1,arithmetic-shallow,1000,174,compact,none,33,4,29,99e8202
1,arithmetic-shallow,1000,174,literal,none,118,93,25,99e8202
1,arithmetic-shallow,1000,174,literal,gzip,106,81,25,99e8202
1,arithmetic-shallow,1000,175,compact,none,33,4,29,99e8202
1,arithmetic-shallow,1000,175,literal,none,118,93,25,99e8202
1,arithmetic-shallow,1000,175,literal,gzip,105,80,25,99e8202
1,arithmetic-shallow,1000,176,compact,none,33,4,29,99e8202
1,arithmetic-shallow,1000,176,literal,none,118,93,25,99e8202
1,arithmetic-shallow,1000,176,literal,gzip,107,82,25,99e8202
1,arithmetic-shallow,1000,177,compact,none,33,4,29,99e8202
1,arithmetic-shallow,1000,177,literal,none,118,93,25,99e8202
1,arithmetic-shallow,1000,177,literal,gzip,106,81,25,99e8202
1,arithmetic-shallow,1000,178,compact,none,33,4,29,99e8202
1,arithmetic-shallow,1000,178,literal,none,118,93,25,99e8202
1,arithmetic-shallow,1000,178,literal,gzip,107,82,25,99e8202
1,arithmetic-shallow,1000,179,compact,none,33,4,29,99e8202
1,arithmetic-shallow,1000,179,literal,none,118,93,25,99e8202
1,arithmetic-shallow,1000,179,literal,gzip,107,82,25,99e8202
1,arithmetic-shallow,1000,180,compact,none,33,4,29,99e8202
1,arithmetic-shallow,1000,180,literal,none,118,93,25,99e8202
1,arithmetic-shallow,1000,180,literal,gzip,104,79,25,99e8202
1,arithmetic-shallow,1000,181,compact,none,33,4,29,99e8202
1,arithmetic-shallow,1000,181,literal,none,118,93,25,99e8202
1,arithmetic-shallow,1000,181,literal,gzip,107,82,25,99e8202
1,arithmetic-shallow,1000,182,compact,none,33,4,29,99e8202
1,arithmetic-shallow,1000,182,literal,none,118,93,25,99e8202
1,arithmetic-shallow,1000,182,literal,gzip,107,82,25,99e8202
1,arithmetic-shallow,1000,183,compact,none,33,4,29,99e8202
1,arithmetic-shallow,1000,183,literal,none,118,93,25,99e8202
1,arithmetic-shallow,1000,183,literal,gzip,106,81,25,99e8202
1,arithmetic-shallow,1000,184,compact,none,33,4,29,99e8202
1,arithmetic-shallow,1000,184,literal,none,118,93,25,99e8202
1,arithmetic-shallow,1000,184,literal,gzip,107,82,25,99e8202
1,arithmetic-shallow,1000,185,compact,none,33,4,29,99e8202
1,arithmetic-shallow,1000,185,literal,none,118,93,25,99e8202
1,arithmetic-shallow,1000,185,literal,gzip,105,80,25,99e8202
1,arithmetic-shallow,1000,186,compact,none,33,4,29,99e8202
1,arithmetic-shallow,1000,186,literal,none,118,93,25,99e8202
1,arithmetic-shallow,1000,186,literal,gzip,106,81,25,99e8202
1,arithmetic-shallow,1000,187,compact,none,33,4,29,99e8202
1,arithmetic-shallow,1000,187,literal,none,118,93,25,99e8202
1,arithmetic-shallow,1000,187,literal,gzip,107,82,25,99e8202
1,arithmetic-shallow,1000,188,compact,none,33,4,29,99e8202
1,arithmetic-shallow,1000,188,literal,none,118,93,25,99e8202
1,arithmetic-shallow,1000,188,literal,gzip,107,82,25,99e8202
1,arithmetic-shallow,1000,189,compact,none,33,4,29,99e8202
1,arithmetic-shallow,1000,189,literal,none,118,93,25,99e8202
1,arithmetic-shallow,1000,189,literal,gzip,106,81,25,99e8202
1,arithmetic-shallow,1000,190,compact,none,33,4,29,99e8202
1,arithmetic-shallow,1000,190,literal,none,118,93,25,99e8202
1,arithmetic-shallow,1000,190,literal,gzip,105,80,25,99e8202
1,arithmetic-shallow,1000,191,compact,none,33,4,29,99e8202
1,arithmetic-shallow,1000,191,literal,none,118,93,25,99e8202
1,arithmetic-shallow,1000,191,literal,gzip,107,82,25,99e8202
1,arithmetic-shallow,1000,192,compact,none,33,4,29,99e8202
1,arithmetic-shallow,1000,192,literal,none,118,93,25,99e8202
1,arithmetic-shallow,1000,192,literal,gzip,106,81,25,99e8202
1,arithmetic-shallow,1000,193,compact,none,33,4,29,99e8202
1,arithmetic-shallow,1000,193,literal,none,118,93,25,99e8202
1,arithmetic-shallow,1000,193,literal,gzip,107,82,25,99e8202
1,arithmetic-shallow,1000,194,compact,none,33,4,29,99e8202
1,arithmetic-shallow,1000,194,literal,none,118,93,25,99e8202
1,arithmetic-shallow,1000,194,literal,gzip,107,82,25,99e8202
1,arithmetic-shallow,1000,195,compact,none,33,4,29,99e8202
1,arithmetic-shallow,1000,195,literal,none,118,93,25,99e8202
1,arithmetic-shallow,1000,195,literal,gzip,104,79,25,99e8202
1,arithmetic-shallow,1000,196,compact,none,33,4,29,99e8202
1,arithmetic-shallow,1000,196,literal,none,118,93,25,99e8202
1,arithmetic-shallow,1000,196,literal,gzip,107,82,25,99e8202
1,arithmetic-shallow,1000,197,compact,none,33,4,29,99e8202
1,arithmetic-shallow,1000,197,literal,none,118,93,25,99e8202
1,arithmetic-shallow,1000,197,literal,gzip,107,82,25,99e8202
1,arithmetic-shallow,1000,198,compact,none,33,4,29,99e8202
1,arithmetic-shallow,1000,198,literal,none,118,93,25,99e8202
1,arithmetic-shallow,1000,198,literal,gzip,106,81,25,99e8202
1,arithmetic-shallow,1000,199,compact,none,33,4,29,99e8202
1,arithmetic-shallow,1000,199,literal,none,118,93,25,99e8202
1,arithmetic-shallow,1000,199,literal,gzip,107,82,25,99e8202
1,arithmetic-shallow,1000,200,compact,none,33,4,29,99e8202
1,arithmetic-shallow,1000,200,literal,none,118,93,25,99e8202
1,arithmetic-shallow,1000,200,literal,gzip,105,80,25,99e8202
1,arithmetic-shallow,1000,201,compact,none,33,4,29,99e8202
1,arithmetic-shallow,1000,201,literal,none,118,93,25,99e8202
1,arithmetic-shallow,1000,201,literal,gzip,106,81,25,99e8202
1,arithmetic-shallow,1000,202,compact,none,33,4,29,99e8202
1,arithmetic-shallow,1000,202,literal,none,118,93,25,99e8202
1,arithmetic-shallow,1000,202,literal,gzip,107,82,25,99e8202
1,arithmetic-shallow,1000,203,compact,none,33,4,29,99e8202
1,arithmetic-shallow,1000,203,literal,none,118,93,25,99e8202
1,arithmetic-shallow,1000,203,literal,gzip,107,82,25,99e8202
1,arithmetic-shallow,1000,204,compact,none,33,4,29,99e8202
1,arithmetic-shallow,1000,204,literal,none,118,93,25,99e8202
1,arithmetic-shallow,1000,204,literal,gzip,106,81,25,99e8202
1,arithmetic-shallow,1000,205,compact,none,33,4,29,99e8202
1,arithmetic-shallow,1000,205,literal,none,118,93,25,99e8202
1,arithmetic-shallow,1000,205,literal,gzip,105,80,25,99e8202
1,arithmetic-shallow,1000,206,compact,none,33,4,29,99e8202
1,arithmetic-shallow,1000,206,literal,none,118,93,25,99e8202
1,arithmetic-shallow,1000,206,literal,gzip,107,82,25,99e8202
1,arithmetic-shallow,1000,207,compact,none,33,4,29,99e8202
1,arithmetic-shallow,1000,207,literal,none,118,93,25,99e8202
1,arithmetic-shallow,1000,207,literal,gzip,106,81,25,99e8202
1,arithmetic-shallow,1000,208,compact,none,33,4,29,99e8202
1,arithmetic-shallow,1000,208,literal,none,118,93,25,99e8202
1,arithmetic-shallow,1000,208,literal,gzip,107,82,25,99e8202
1,arithmetic-shallow,1000,209,compact,none,33,4,29,99e8202
1,arithmetic-shallow,1000,209,literal,none,118,93,25,99e8202
1,arithmetic-shallow,1000,209,literal,gzip,107,82,25,99e8202
1,arithmetic-shallow,1000,210,compact,none,33,4,29,99e8202
1,arithmetic-shallow,1000,210,literal,none,118,93,25,99e8202
1,arithmetic-shallow,1000,210,literal,gzip,104,79,25,99e8202
1,arithmetic-shallow,1000,211,compact,none,33,4,29,99e8202
1,arithmetic-shallow,1000,211,literal,none,118,93,25,99e8202
1,arithmetic-shallow,1000,211,literal,gzip,107,82,25,99e8202
1,arithmetic-shallow,1000,212,compact,none,33,4,29,99e8202
1,arithmetic-shallow,1000,212,literal,none,118,93,25,99e8202
1,arithmetic-shallow,1000,212,literal,gzip,107,82,25,99e8202
1,arithmetic-shallow,1000,213,compact,none,33,4,29,99e8202
1,arithmetic-shallow,1000,213,literal,none,118,93,25,99e8202
1,arithmetic-shallow,1000,213,literal,gzip,106,81,25,99e8202
1,arithmetic-shallow,1000,214,compact,none,33,4,29,99e8202
1,arithmetic-shallow,1000,214,literal,none,118,93,25,99e8202
1,arithmetic-shallow,1000,214,literal,gzip,107,82,25,99e8202
1,arithmetic-shallow,1000,215,compact,none,33,4,29,99e8202
1,arithmetic-shallow,1000,215,literal,none,118,93,25,99e8202
1,arithmetic-shallow,1000,215,literal,gzip,105,80,25,99e8202
1,arithmetic-shallow,1000,216,compact,none,33,4,29,99e8202
1,arithmetic-shallow,1000,216,literal,none,118,93,25,99e8202
1,arithmetic-shallow,1000,216,literal,gzip,106,81,25,99e8202
1,arithmetic-shallow,1000,217,compact,none,33,4,29,99e8202
1,arithmetic-shallow,1000,217,literal,none,118,93,25,99e8202
1,arithmetic-shallow,1000,217,literal,gzip,107,82,25,99e8202
1,arithmetic-shallow,1000,218,compact,none,33,4,29,99e8202
1,arithmetic-shallow,1000,218,literal,none,118,93,25,99e8202
1,arithmetic-shallow,1000,218,literal,gzip,107,82,25,99e8202
1,arithmetic-shallow,1000,219,compact,none,33,4,29,99e8202
1,arithmetic-shallow,1000,219,literal,none,118,93,25,99e8202
1,arithmetic-shallow,1000,219,literal,gzip,106,81,25,99e8202
1,arithmetic-shallow,1000,220,compact,none,33,4,29,99e8202
1,arithmetic-shallow,1000,220,literal,none,118,93,25,99e8202
1,arithmetic-shallow,1000,220,literal,gzip,105,80,25,99e8202
1,arithmetic-shallow,1000,221,compact,none,33,4,29,99e8202
1,arithmetic-shallow,1000,221,literal,none,118,93,25,99e8202
1,arithmetic-shallow,1000,221,literal,gzip,107,82,25,99e8202
1,arithmetic-shallow,1000,222,compact,none,33,4,29,99e8202
1,arithmetic-shallow,1000,222,literal,none,118,93,25,99e8202
1,arithmetic-shallow,1000,222,literal,gzip,106,81,25,99e8202
1,arithmetic-shallow,1000,223,compact,none,33,4,29,99e8202
1,arithmetic-shallow,1000,223,literal,none,118,93,25,99e8202
1,arithmetic-shallow,1000,223,literal,gzip,107,82,25,99e8202
1,arithmetic-shallow,1000,224,compact,none,33,4,29,99e8202
1,arithmetic-shallow,1000,224,literal,none,118,93,25,99e8202
1,arithmetic-shallow,1000,224,literal,gzip,107,82,25,99e8202
1,arithmetic-shallow,1000,225,compact,none,33,4,29,99e8202
1,arithmetic-shallow,1000,225,literal,none,118,93,25,99e8202
1,arithmetic-shallow,1000,225,literal,gzip,104,79,25,99e8202
1,arithmetic-shallow,1000,226,compact,none,33,4,29,99e8202
1,arithmetic-shallow,1000,226,literal,none,118,93,25,99e8202
1,arithmetic-shallow,1000,226,literal,gzip,107,82,25,99e8202
1,arithmetic-shallow,1000,227,compact,none,33,4,29,99e8202
1,arithmetic-shallow,1000,227,literal,none,118,93,25,99e8202
1,arithmetic-shallow,1000,227,literal,gzip,107,82,25,99e8202
1,arithmetic-shallow,1000,228,compact,none,33,4,29,99e8202
1,arithmetic-shallow,1000,228,literal,none,118,93,25,99e8202
1,arithmetic-shallow,1000,228,literal,gzip,106,81,25,99e8202
1,arithmetic-shallow,1000,229,compact,none,33,4,29,99e8202
1,arithmetic-shallow,1000,229,literal,none,118,93,25,99e8202
1,arithmetic-shallow,1000,229,literal,gzip,107,82,25,99e8202
1,arithmetic-shallow,1000,230,compact,none,33,4,29,99e8202
1,arithmetic-shallow,1000,230,literal,none,118,93,25,99e8202
1,arithmetic-shallow,1000,230,literal,gzip,105,80,25,99e8202
1,arithmetic-shallow,1000,231,compact,none,33,4,29,99e8202
1,arithmetic-shallow,1000,231,literal,none,118,93,25,99e8202
1,arithmetic-shallow,1000,231,literal,gzip,106,81,25,99e8202
1,arithmetic-shallow,1000,232,compact,none,33,4,29,99e8202
1,arithmetic-shallow,1000,232,literal,none,118,93,25,99e8202
1,arithmetic-shallow,1000,232,literal,gzip,107,82,25,99e8202
1,arithmetic-shallow,1000,233,compact,none,33,4,29,99e8202
1,arithmetic-shallow,1000,233,literal,none,118,93,25,99e8202
1,arithmetic-shallow,1000,233,literal,gzip,107,82,25,99e8202
1,arithmetic-shallow,1000,234,compact,none,33,4,29,99e8202
1,arithmetic-shallow,1000,234,literal,none,118,93,25,99e8202
1,arithmetic-shallow,1000,234,literal,gzip,106,81,25,99e8202
1,arithmetic-shallow,1000,235,compact,none,33,4,29,99e8202
1,arithmetic-shallow,1000,235,literal,none,118,93,25,99e8202
1,arithmetic-shallow,1000,235,literal,gzip,105,80,25,99e8202
1,arithmetic-shallow,1000,236,compact,none,33,4,29,99e8202
1,arithmetic-shallow,1000,236,literal,none,118,93,25,99e8202
1,arithmetic-shallow,1000,236,literal,gzip,107,82,25,99e8202
1,arithmetic-shallow,1000,237,compact,none,33,4,29,99e8202
1,arithmetic-shallow,1000,237,literal,none,118,93,25,99e8202
1,arithmetic-shallow,1000,237,literal,gzip,106,81,25,99e8202
1,arithmetic-shallow,1000,238,compact,none,33,4,29,99e8202
1,arithmetic-shallow,1000,238,literal,none,118,93,25,99e8202
1,arithmetic-shallow,1000,238,literal,gzip,107,82,25,99e8202
1,arithmetic-shallow,1000,239,compact,none,33,4,29,99e8202
1,arithmetic-shallow,1000,239,literal,none,118,93,25,99e8202
1,arithmetic-shallow,1000,239,literal,gzip,107,82,25,99e8202
1,arithmetic-shallow,1000,240,compact,none,33,4,29,99e8202
1,arithmetic-shallow,1000,240,literal,none,118,93,25,99e8202
1,arithmetic-shallow,1000,240,literal,gzip,104,79,25,99e8202
1,arithmetic-shallow,1000,241,compact,none,33,4,29,99e8202
1,arithmetic-shallow,1000,241,literal,none,118,93,25,99e8202
1,arithmetic-shallow,1000,241,literal,gzip,107,82,25,99e8202
1,arithmetic-shallow,1000,242,compact,none,33,4,29,99e8202
1,arithmetic-shallow,1000,242,literal,none,118,93,25,99e8202
1,arithmetic-shallow,1000,242,literal,gzip,107,82,25,99e8202
1,arithmetic-shallow,1000,243,compact,none,33,4,29,99e8202
1,arithmetic-shallow,1000,243,literal,none,118,93,25,99e8202
1,arithmetic-shallow,1000,243,literal,gzip,106,81,25,99e8202
1,arithmetic-shallow,1000,244,compact,none,33,4,29,99e8202
1,arithmetic-shallow,1000,244,literal,none,118,93,25,99e8202
1,arithmetic-shallow,1000,244,literal,gzip,107,82,25,99e8202
1,arithmetic-shallow,1000,245,compact,none,33,4,29,99e8202
1,arithmetic-shallow,1000,245,literal,none,118,93,25,99e8202
1,arithmetic-shallow,1000,245,literal,gzip,105,80,25,99e8202
1,arithmetic-shallow,1000,246,compact,none,33,4,29,99e8202
1,arithmetic-shallow,1000,246,literal,none,118,93,25,99e8202
1,arithmetic-shallow,1000,246,literal,gzip,106,81,25,99e8202
1,arithmetic-shallow,1000,247,compact,none,33,4,29,99e8202
1,arithmetic-shallow,1000,247,literal,none,118,93,25,99e8202
1,arithmetic-shallow,1000,247,literal,gzip,107,82,25,99e8202
1,arithmetic-shallow,1000,248,compact,none,33,4,29,99e8202
1,arithmetic-shallow,1000,248,literal,none,118,93,25,99e8202
1,arithmetic-shallow,1000,248,literal,gzip,107,82,25,99e8202
1,arithmetic-shallow,1000,249,compact,none,33,4,29,99e8202
1,arithmetic-shallow,1000,249,literal,none,118,93,25,99e8202
1,arithmetic-shallow,1000,249,literal,gzip,106,81,25,99e8202
1,arithmetic-shallow,1000,250,compact,none,33,4,29,99e8202
1,arithmetic-shallow,1000,250,literal,none,118,93,25,99e8202
1,arithmetic-shallow,1000,250,literal,gzip,105,80,25,99e8202
1,arithmetic-shallow,1000,251,compact,none,33,4,29,99e8202
1,arithmetic-shallow,1000,251,literal,none,118,93,25,99e8202
1,arithmetic-shallow,1000,251,literal,gzip,107,82,25,99e8202
1,arithmetic-shallow,1000,252,compact,none,33,4,29,99e8202
1,arithmetic-shallow,1000,252,literal,none,118,93,25,99e8202
1,arithmetic-shallow,1000,252,literal,gzip,106,81,25,99e8202
1,arithmetic-shallow,1000,253,compact,none,33,4,29,99e8202
1,arithmetic-shallow,1000,253,literal,none,118,93,25,99e8202
1,arithmetic-shallow,1000,253,literal,gzip,107,82,25,99e8202
1,arithmetic-shallow,1000,254,compact,none,33,4,29,99e8202
1,arithmetic-shallow,1000,254,literal,none,118,93,25,99e8202
1,arithmetic-shallow,1000,254,literal,gzip,107,82,25,99e8202
1,arithmetic-shallow,1000,255,compact,none,33,4,29,99e8202
1,arithmetic-shallow,1000,255,literal,none,118,93,25,99e8202
1,arithmetic-shallow,1000,255,literal,gzip,104,79,25,99e8202
1,arithmetic-shallow,1000,256,compact,none,33,4,29,99e8202
1,arithmetic-shallow,1000,256,literal,none,118,93,25,99e8202
1,arithmetic-shallow,1000,256,literal,gzip,107,82,25,99e8202
1,arithmetic-shallow,1000,257,compact,none,33,4,29,99e8202
1,arithmetic-shallow,1000,257,literal,none,118,93,25,99e8202
1,arithmetic-shallow,1000,257,literal,gzip,107,82,25,99e8202
1,arithmetic-shallow,1000,258,compact,none,33,4,29,99e8202
1,arithmetic-shallow,1000,258,literal,none,118,93,25,99e8202
1,arithmetic-shallow,1000,258,literal,gzip,106,81,25,99e8202
1,arithmetic-shallow,1000,259,compact,none,33,4,29,99e8202
1,arithmetic-shallow,1000,259,literal,none,118,93,25,99e8202
1,arithmetic-shallow,1000,259,literal,gzip,107,82,25,99e8202
1,arithmetic-shallow,1000,260,compact,none,33,4,29,99e8202
1,arithmetic-shallow,1000,260,literal,none,118,93,25,99e8202
1,arithmetic-shallow,1000,260,literal,gzip,105,80,25,99e8202
1,arithmetic-shallow,1000,261,compact,none,33,4,29,99e8202
1,arithmetic-shallow,1000,261,literal,none,118,93,25,99e8202
1,arithmetic-shallow,1000,261,literal,gzip,106,81,25,99e8202
1,arithmetic-shallow,1000,262,compact,none,33,4,29,99e8202
1,arithmetic-shallow,1000,262,literal,none,118,93,25,99e8202
1,arithmetic-shallow,1000,262,literal,gzip,107,82,25,99e8202
1,arithmetic-shallow,1000,263,compact,none,33,4,29,99e8202
1,arithmetic-shallow,1000,263,literal,none,118,93,25,99e8202
1,arithmetic-shallow,1000,263,literal,gzip,107,82,25,99e8202
1,arithmetic-shallow,1000,264,compact,none,33,4,29,99e8202
1,arithmetic-shallow,1000,264,literal,none,118,93,25,99e8202
1,arithmetic-shallow,1000,264,literal,gzip,106,81,25,99e8202
1,arithmetic-shallow,1000,265,compact,none,33,4,29,99e8202
1,arithmetic-shallow,1000,265,literal,none,118,93,25,99e8202
1,arithmetic-shallow,1000,265,literal,gzip,105,80,25,99e8202
1,arithmetic-shallow,1000,266,compact,none,33,4,29,99e8202
1,arithmetic-shallow,1000,266,literal,none,118,93,25,99e8202
1,arithmetic-shallow,1000,266,literal,gzip,107,82,25,99e8202
1,arithmetic-shallow,1000,267,compact,none,33,4,29,99e8202
1,arithmetic-shallow,1000,267,literal,none,118,93,25,99e8202
1,arithmetic-shallow,1000,267,literal,gzip,106,81,25,99e8202
1,arithmetic-shallow,1000,268,compact,none,33,4,29,99e8202
1,arithmetic-shallow,1000,268,literal,none,118,93,25,99e8202
1,arithmetic-shallow,1000,268,literal,gzip,107,82,25,99e8202
1,arithmetic-shallow,1000,269,compact,none,33,4,29,99e8202
1,arithmetic-shallow,1000,269,literal,none,118,93,25,99e8202
1,arithmetic-shallow,1000,269,literal,gzip,107,82,25,99e8202
1,arithmetic-shallow,1000,270,compact,none,33,4,29,99e8202
1,arithmetic-shallow,1000,270,literal,none,118,93,25,99e8202
1,arithmetic-shallow,1000,270,literal,gzip,104,79,25,99e8202
1,arithmetic-shallow,1000,271,compact,none,33,4,29,99e8202
1,arithmetic-shallow,1000,271,literal,none,118,93,25,99e8202
1,arithmetic-shallow,1000,271,literal,gzip,107,82,25,99e8202
1,arithmetic-shallow,1000,272,compact,none,33,4,29,99e8202
1,arithmetic-shallow,1000,272,literal,none,118,93,25,99e8202
1,arithmetic-shallow,1000,272,literal,gzip,107,82,25,99e8202
1,arithmetic-shallow,1000,273,compact,none,33,4,29,99e8202
1,arithmetic-shallow,1000,273,literal,none,118,93,25,99e8202
1,arithmetic-shallow,1000,273,literal,gzip,106,81,25,99e8202
1,arithmetic-shallow,1000,274,compact,none,33,4,29,99e8202
1,arithmetic-shallow,1000,274,literal,none,118,93,25,99e8202
1,arithmetic-shallow,1000,274,literal,gzip,107,82,25,99e8202
1,arithmetic-shallow,1000,275,compact,none,33,4,29,99e8202
1,arithmetic-shallow,1000,275,literal,none,118,93,25,99e8202
1,arithmetic-shallow,1000,275,literal,gzip,105,80,25,99e8202
1,arithmetic-shallow,1000,276,compact,none,33,4,29,99e8202
1,arithmetic-shallow,1000,276,literal,none,118,93,25,99e8202
1,arithmetic-shallow,1000,276,literal,gzip,106,81,25,99e8202
1,arithmetic-shallow,1000,277,compact,none,33,4,29,99e8202
1,arithmetic-shallow,1000,277,literal,none,118,93,25,99e8202
1,arithmetic-shallow,1000,277,literal,gzip,107,82,25,99e8202
1,arithmetic-shallow,1000,278,compact,none,33,4,29,99e8202
1,arithmetic-shallow,1000,278,literal,none,118,93,25,99e8202
1,arithmetic-shallow,1000,278,literal,gzip,107,82,25,99e8202
1,arithmetic-shallow,1000,279,compact,none,33,4,29,99e8202
1,arithmetic-shallow,1000,279,literal,none,118,93,25,99e8202
1,arithmetic-shallow,1000,279,literal,gzip,106,81,25,99e8202
1,arithmetic-shallow,1000,280,compact,none,33,4,29,99e8202
1,arithmetic-shallow,1000,280,literal,none,118,93,25,99e8202
1,arithmetic-shallow,1000,280,literal,gzip,105,80,25,99e8202
1,arithmetic-shallow,1000,281,compact,none,33,4,29,99e8202
1,arithmetic-shallow,1000,281,literal,none,118,93,25,99e8202
1,arithmetic-shallow,1000,281,literal,gzip,107,82,25,99e8202
1,arithmetic-shallow,1000,282,compact,none,33,4,29,99e8202
1,arithmetic-shallow,1000,282,literal,none,118,93,25,99e8202
1,arithmetic-shallow,1000,282,literal,gzip,106,81,25,99e8202
1,arithmetic-shallow,1000,283,compact,none,33,4,29,99e8202
1,arithmetic-shallow,1000,283,literal,none,118,93,25,99e8202
1,arithmetic-shallow,1000,283,literal,gzip,107,82,25,99e8202
1,arithmetic-shallow,1000,284,compact,none,33,4,29,99e8202
1,arithmetic-shallow,1000,284,literal,none,118,93,25,99e8202
1,arithmetic-shallow,1000,284,literal,gzip,107,82,25,99e8202
1,arithmetic-shallow,1000,285,compact,none,33,4,29,99e8202
1,arithmetic-shallow,1000,285,literal,none,118,93,25,99e8202
1,arithmetic-shallow,1000,285,literal,gzip,104,79,25,99e8202
1,arithmetic-shallow,1000,286,compact,none,33,4,29,99e8202
1,arithmetic-shallow,1000,286,literal,none,118,93,25,99e8202
1,arithmetic-shallow,1000,286,literal,gzip,107,82,25,99e8202
1,arithmetic-shallow,1000,287,compact,none,33,4,29,99e8202
1,arithmetic-shallow,1000,287,literal,none,118,93,25,99e8202
1,arithmetic-shallow,1000,287,literal,gzip,107,82,25,99e8202
1,arithmetic-shallow,1000,288,compact,none,33,4,29,99e8202
1,arithmetic-shallow,1000,288,literal,none,118,93,25,99e8202
1,arithmetic-shallow,1000,288,literal,gzip,106,81,25,99e8202
1,arithmetic-shallow,1000,289,compact,none,33,4,29,99e8202
1,arithmetic-shallow,1000,289,literal,none,118,93,25,99e8202
1,arithmetic-shallow,1000,289,literal,gzip,107,82,25,99e8202
1,arithmetic-shallow,1000,290,compact,none,33,4,29,99e8202
1,arithmetic-shallow,1000,290,literal,none,118,93,25,99e8202
1,arithmetic-shallow,1000,290,literal,gzip,105,80,25,99e8202
1,arithmetic-shallow,1000,291,compact,none,33,4,29,99e8202
1,arithmetic-shallow,1000,291,literal,none,118,93,25,99e8202
1,arithmetic-shallow,1000,291,literal,gzip,106,81,25,99e8202
1,arithmetic-shallow,1000,292,compact,none,33,4,29,99e8202
1,arithmetic-shallow,1000,292,literal,none,118,93,25,99e8202
1,arithmetic-shallow,1000,292,literal,gzip,107,82,25,99e8202
1,arithmetic-shallow,1000,293,compact,none,33,4,29,99e8202
1,arithmetic-shallow,1000,293,literal,none,118,93,25,99e8202
1,arithmetic-shallow,1000,293,literal,gzip,107,82,25,99e8202
1,arithmetic-shallow,1000,294,compact,none,33,4,29,99e8202
1,arithmetic-shallow,1000,294,literal,none,118,93,25,99e8202
1,arithmetic-shallow,1000,294,literal,gzip,106,81,25,99e8202
1,arithmetic-shallow,1000,295,compact,none,33,4,29,99e8202
1,arithmetic-shallow,1000,295,literal,none,118,93,25,99e8202
1,arithmetic-shallow,1000,295,literal,gzip,105,80,25,99e8202
1,arithmetic-shallow,1000,296,compact,none,33,4,29,99e8202
1,arithmetic-shallow,1000,296,literal,none,118,93,25,99e8202
1,arithmetic-shallow,1000,296,literal,gzip,107,82,25,99e8202
1,arithmetic-shallow,1000,297,compact,none,33,4,29,99e8202
1,arithmetic-shallow,1000,297,literal,none,118,93,25,99e8202
1,arithmetic-shallow,1000,297,literal,gzip,106,81,25,99e8202
1,arithmetic-shallow,1000,298,compact,none,33,4,29,99e8202
1,arithmetic-shallow,1000,298,literal,none,118,93,25,99e8202
1,arithmetic-shallow,1000,298,literal,gzip,107,82,25,99e8202
1,arithmetic-shallow,1000,299,compact,none,33,4,29,99e8202
1,arithmetic-shallow,1000,299,literal,none,118,93,25,99e8202
1,arithmetic-shallow,1000,299,literal,gzip,107,82,25,99e8202
1,arithmetic-shallow,1000,300,compact,none,33,4,29,99e8202
1,arithmetic-shallow,1000,300,literal,none,118,93,25,99e8202
1,arithmetic-shallow,1000,300,literal,gzip,104,79,25,99e8202
1,arithmetic-shallow,1000,301,compact,none,33,4,29,99e8202
1,arithmetic-shallow,1000,301,literal,none,118,93,25,99e8202
1,arithmetic-shallow,1000,301,literal,gzip,107,82,25,99e8202
1,arithmetic-shallow,1000,302,compact,none,33,4,29,99e8202
1,arithmetic-shallow,1000,302,literal,none,118,93,25,99e8202
1,arithmetic-shallow,1000,302,literal,gzip,107,82,25,99e8202
1,arithmetic-shallow,1000,303,compact,none,33,4,29,99e8202
1,arithmetic-shallow,1000,303,literal,none,118,93,25,99e8202
1,arithmetic-shallow,1000,303,literal,gzip,106,81,25,99e8202
1,arithmetic-shallow,1000,304,compact,none,33,4,29,99e8202
1,arithmetic-shallow,1000,304,literal,none,118,93,25,99e8202
1,arithmetic-shallow,1000,304,literal,gzip,107,82,25,99e8202
1,arithmetic-shallow,1000,305,compact,none,33,4,29,99e8202
1,arithmetic-shallow,1000,305,literal,none,118,93,25,99e8202
1,arithmetic-shallow,1000,305,literal,gzip,105,80,25,99e8202
1,arithmetic-shallow,1000,306,compact,none,33,4,29,99e8202
1,arithmetic-shallow,1000,306,literal,none,118,93,25,99e8202
1,arithmetic-shallow,1000,306,literal,gzip,106,81,25,99e8202
1,arithmetic-shallow,1000,307,compact,none,33,4,29,99e8202
1,arithmetic-shallow,1000,307,literal,none,118,93,25,99e8202
1,arithmetic-shallow,1000,307,literal,gzip,107,82,25,99e8202
1,arithmetic-shallow,1000,308,compact,none,33,4,29,99e8202
1,arithmetic-shallow,1000,308,literal,none,118,93,25,99e8202
1,arithmetic-shallow,1000,308,literal,gzip,107,82,25,99e8202
1,arithmetic-shallow,1000,309,compact,none,33,4,29,99e8202
1,arithmetic-shallow,1000,309,literal,none,118,93,25,99e8202
1,arithmetic-shallow,1000,309,literal,gzip,106,81,25,99e8202
1,arithmetic-shallow,1000,310,compact,none,33,4,29,99e8202
1,arithmetic-shallow,1000,310,literal,none,118,93,25,99e8202
1,arithmetic-shallow,1000,310,literal,gzip,105,80,25,99e8202
1,arithmetic-shallow,1000,311,compact,none,33,4,29,99e8202
1,arithmetic-shallow,1000,311,literal,none,118,93,25,99e8202
1,arithmetic-shallow,1000,311,literal,gzip,107,82,25,99e8202
1,arithmetic-shallow,1000,312,compact,none,33,4,29,99e8202
1,arithmetic-shallow,1000,312,literal,none,118,93,25,99e8202
1,arithmetic-shallow,1000,312,literal,gzip,106,81,25,99e8202
1,arithmetic-shallow,1000,313,compact,none,33,4,29,99e8202
1,arithmetic-shallow,1000,313,literal,none,118,93,25,99e8202
1,arithmetic-shallow,1000,313,literal,gzip,107,82,25,99e8202
1,arithmetic-shallow,1000,314,compact,none,33,4,29,99e8202
1,arithmetic-shallow,1000,314,literal,none,118,93,25,99e8202
1,arithmetic-shallow,1000,314,literal,gzip,107,82,25,99e8202
1,arithmetic-shallow,1000,315,compact,none,33,4,29,99e8202
1,arithmetic-shallow,1000,315,literal,none,118,93,25,99e8202
1,arithmetic-shallow,1000,315,literal,gzip,104,79,25,99e8202
1,arithmetic-shallow,1000,316,compact,none,33,4,29,99e8202
1,arithmetic-shallow,1000,316,literal,none,118,93,25,99e8202
1,arithmetic-shallow,1000,316,literal,gzip,107,82,25,99e8202
1,arithmetic-shallow,1000,317,compact,none,33,4,29,99e8202
1,arithmetic-shallow,1000,317,literal,none,118,93,25,99e8202
1,arithmetic-shallow,1000,317,literal,gzip,107,82,25,99e8202
1,arithmetic-shallow,1000,318,compact,none,33,4,29,99e8202
1,arithmetic-shallow,1000,318,literal,none,118,93,25,99e8202
1,arithmetic-shallow,1000,318,literal,gzip,106,81,25,99e8202
1,arithmetic-shallow,1000,319,compact,none,33,4,29,99e8202
1,arithmetic-shallow,1000,319,literal,none,118,93,25,99e8202
1,arithmetic-shallow,1000,319,literal,gzip,107,82,25,99e8202
1,arithmetic-shallow,1000,320,compact,none,33,4,29,99e8202
1,arithmetic-shallow,1000,320,literal,none,118,93,25,99e8202
1,arithmetic-shallow,1000,320,literal,gzip,105,80,25,99e8202
1,arithmetic-shallow,1000,321,compact,none,33,4,29,99e8202
1,arithmetic-shallow,1000,321,literal,none,118,93,25,99e8202
1,arithmetic-shallow,1000,321,literal,gzip,106,81,25,99e8202
1,arithmetic-shallow,1000,322,compact,none,33,4,29,99e8202
1,arithmetic-shallow,1000,322,literal,none,118,93,25,99e8202
1,arithmetic-shallow,1000,322,literal,gzip,107,82,25,99e8202
1,arithmetic-shallow,1000,323,compact,none,33,4,29,99e8202
1,arithmetic-shallow,1000,323,literal,none,118,93,25,99e8202
1,arithmetic-shallow,1000,323,literal,gzip,107,82,25,99e8202
1,arithmetic-shallow,1000,324,compact,none,33,4,29,99e8202
1,arithmetic-shallow,1000,324,literal,none,118,93,25,99e8202
1,arithmetic-shallow,1000,324,literal,gzip,106,81,25,99e8202
1,arithmetic-shallow,1000,325,compact,none,33,4,29,99e8202
1,arithmetic-shallow,1000,325,literal,none,118,93,25,99e8202
1,arithmetic-shallow,1000,325,literal,gzip,105,80,25,99e8202
1,arithmetic-shallow,1000,326,compact,none,33,4,29,99e8202
1,arithmetic-shallow,1000,326,literal,none,118,93,25,99e8202
1,arithmetic-shallow,1000,326,literal,gzip,107,82,25,99e8202
1,arithmetic-shallow,1000,327,compact,none,33,4,29,99e8202
1,arithmetic-shallow,1000,327,literal,none,118,93,25,99e8202
1,arithmetic-shallow,1000,327,literal,gzip,106,81,25,99e8202
1,arithmetic-shallow,1000,328,compact,none,33,4,29,99e8202
1,arithmetic-shallow,1000,328,literal,none,118,93,25,99e8202
1,arithmetic-shallow,1000,328,literal,gzip,107,82,25,99e8202
1,arithmetic-shallow,1000,329,compact,none,33,4,29,99e8202
1,arithmetic-shallow,1000,329,literal,none,118,93,25,99e8202
1,arithmetic-shallow,1000,329,literal,gzip,107,82,25,99e8202
1,arithmetic-shallow,1000,330,compact,none,33,4,29,99e8202
1,arithmetic-shallow,1000,330,literal,none,118,93,25,99e8202
1,arithmetic-shallow,1000,330,literal,gzip,104,79,25,99e8202
1,arithmetic-shallow,1000,331,compact,none,33,4,29,99e8202
1,arithmetic-shallow,1000,331,literal,none,118,93,25,99e8202
1,arithmetic-shallow,1000,331,literal,gzip,107,82,25,99e8202
1,arithmetic-shallow,1000,332,compact,none,33,4,29,99e8202
1,arithmetic-shallow,1000,332,literal,none,118,93,25,99e8202
1,arithmetic-shallow,1000,332,literal,gzip,107,82,25,99e8202
1,arithmetic-shallow,1000,333,compact,none,33,4,29,99e8202
1,arithmetic-shallow,1000,333,literal,none,118,93,25,99e8202
1,arithmetic-shallow,1000,333,literal,gzip,106,81,25,99e8202
1,arithmetic-shallow,1000,334,compact,none,33,4,29,99e8202
1,arithmetic-shallow,1000,334,literal,none,118,93,25,99e8202
1,arithmetic-shallow,1000,334,literal,gzip,107,82,25,99e8202
1,arithmetic-shallow,1000,335,compact,none,33,4,29,99e8202
1,arithmetic-shallow,1000,335,literal,none,118,93,25,99e8202
1,arithmetic-shallow,1000,335,literal,gzip,105,80,25,99e8202
1,arithmetic-shallow,1000,336,compact,none,33,4,29,99e8202
1,arithmetic-shallow,1000,336,literal,none,118,93,25,99e8202
1,arithmetic-shallow,1000,336,literal,gzip,106,81,25,99e8202
1,arithmetic-shallow,1000,337,compact,none,33,4,29,99e8202
1,arithmetic-shallow,1000,337,literal,none,118,93,25,99e8202
1,arithmetic-shallow,1000,337,literal,gzip,107,82,25,99e8202
1,arithmetic-shallow,1000,338,compact,none,33,4,29,99e8202
1,arithmetic-shallow,1000,338,literal,none,118,93,25,99e8202
1,arithmetic-shallow,1000,338,literal,gzip,107,82,25,99e8202
1,arithmetic-shallow,1000,339,compact,none,33,4,29,99e8202
1,arithmetic-shallow,1000,339,literal,none,118,93,25,99e8202
1,arithmetic-shallow,1000,339,literal,gzip,106,81,25,99e8202
1,arithmetic-shallow,1000,340,compact,none,33,4,29,99e8202
1,arithmetic-shallow,1000,340,literal,none,118,93,25,99e8202
1,arithmetic-shallow,1000,340,literal,gzip,105,80,25,99e8202
1,arithmetic-shallow,1000,341,compact,none,33,4,29,99e8202
1,arithmetic-shallow,1000,341,literal,none,118,93,25,99e8202
1,arithmetic-shallow,1000,341,literal,gzip,107,82,25,99e8202
1,arithmetic-shallow,1000,342,compact,none,33,4,29,99e8202
1,arithmetic-shallow,1000,342,literal,none,118,93,25,99e8202
1,arithmetic-shallow,1000,342,literal,gzip,106,81,25,99e8202
1,arithmetic-shallow,1000,343,compact,none,33,4,29,99e8202
1,arithmetic-shallow,1000,343,literal,none,118,93,25,99e8202
1,arithmetic-shallow,1000,343,literal,gzip,107,82,25,99e8202
1,arithmetic-shallow,1000,344,compact,none,33,4,29,99e8202
1,arithmetic-shallow,1000,344,literal,none,118,93,25,99e8202
1,arithmetic-shallow,1000,344,literal,gzip,107,82,25,99e8202
1,arithmetic-shallow,1000,345,compact,none,33,4,29,99e8202
1,arithmetic-shallow,1000,345,literal,none,118,93,25,99e8202
1,arithmetic-shallow,1000,345,literal,gzip,104,79,25,99e8202
1,arithmetic-shallow,1000,346,compact,none,33,4,29,99e8202
1,arithmetic-shallow,1000,346,literal,none,118,93,25,99e8202
1,arithmetic-shallow,1000,346,literal,gzip,107,82,25,99e8202
1,arithmetic-shallow,1000,347,compact,none,33,4,29,99e8202
1,arithmetic-shallow,1000,347,literal,none,118,93,25,99e8202
1,arithmetic-shallow,1000,347,literal,gzip,107,82,25,99e8202
1,arithmetic-shallow,1000,348,compact,none,33,4,29,99e8202
1,arithmetic-shallow,1000,348,literal,none,118,93,25,99e8202
1,arithmetic-shallow,1000,348,literal,gzip,106,81,25,99e8202
1,arithmetic-shallow,1000,349,compact,none,33,4,29,99e8202
1,arithmetic-shallow,1000,349,literal,none,118,93,25,99e8202
1,arithmetic-shallow,1000,349,literal,gzip,107,82,25,99e8202
1,arithmetic-shallow,1000,350,compact,none,33,4,29,99e8202
1,arithmetic-shallow,1000,350,literal,none,118,93,25,99e8202
1,arithmetic-shallow,1000,350,literal,gzip,105,80,25,99e8202
1,arithmetic-shallow,1000,351,compact,none,33,4,29,99e8202
1,arithmetic-shallow,1000,351,literal,none,118,93,25,99e8202
1,arithmetic-shallow,1000,351,literal,gzip,106,81,25,99e8202
1,arithmetic-shallow,1000,352,compact,none,33,4,29,99e8202
1,arithmetic-shallow,1000,352,literal,none,118,93,25,99e8202
1,arithmetic-shallow,1000,352,literal,gzip,107,82,25,99e8202
1,arithmetic-shallow,1000,353,compact,none,33,4,29,99e8202
1,arithmetic-shallow,1000,353,literal,none,118,93,25,99e8202
1,arithmetic-shallow,1000,353,literal,gzip,107,82,25,99e8202
1,arithmetic-shallow,1000,354,compact,none,33,4,29,99e8202
1,arithmetic-shallow,1000,354,literal,none,118,93,25,99e8202
1,arithmetic-shallow,1000,354,literal,gzip,106,81,25,99e8202
1,arithmetic-shallow,1000,355,compact,none,33,4,29,99e8202
1,arithmetic-shallow,1000,355,literal,none,118,93,25,99e8202
1,arithmetic-shallow,1000,355,literal,gzip,105,80,25,99e8202
1,arithmetic-shallow,1000,356,compact,none,33,4,29,99e8202
1,arithmetic-shallow,1000,356,literal,none,118,93,25,99e8202
1,arithmetic-shallow,1000,356,literal,gzip,107,82,25,99e8202
1,arithmetic-shallow,1000,357,compact,none,33,4,29,99e8202
1,arithmetic-shallow,1000,357,literal,none,118,93,25,99e8202
1,arithmetic-shallow,1000,357,literal,gzip,106,81,25,99e8202
1,arithmetic-shallow,1000,358,compact,none,33,4,29,99e8202
1,arithmetic-shallow,1000,358,literal,none,118,93,25,99e8202
1,arithmetic-shallow,1000,358,literal,gzip,107,82,25,99e8202
1,arithmetic-shallow,1000,359,compact,none,33,4,29,99e8202
1,arithmetic-shallow,1000,359,literal,none,118,93,25,99e8202
1,arithmetic-shallow,1000,359,literal,gzip,107,82,25,99e8202
1,arithmetic-shallow,1000,360,compact,none,33,4,29,99e8202
1,arithmetic-shallow,1000,360,literal,none,118,93,25,99e8202
1,arithmetic-shallow,1000,360,literal,gzip,104,79,25,99e8202
1,arithmetic-shallow,1000,361,compact,none,33,4,29,99e8202
1,arithmetic-shallow,1000,361,literal,none,118,93,25,99e8202
1,arithmetic-shallow,1000,361,literal,gzip,107,82,25,99e8202
1,arithmetic-shallow,1000,362,compact,none,33,4,29,99e8202
1,arithmetic-shallow,1000,362,literal,none,118,93,25,99e8202
1,arithmetic-shallow,1000,362,literal,gzip,107,82,25,99e8202
1,arithmetic-shallow,1000,363,compact,none,33,4,29,99e8202
1,arithmetic-shallow,1000,363,literal,none,118,93,25,99e8202
1,arithmetic-shallow,1000,363,literal,gzip,106,81,25,99e8202
1,arithmetic-shallow,1000,364,compact,none,33,4,29,99e8202
1,arithmetic-shallow,1000,364,literal,none,118,93,25,99e8202
1,arithmetic-shallow,1000,364,literal,gzip,107,82,25,99e8202
1,arithmetic-shallow,1000,365,compact,none,33,4,29,99e8202
1,arithmetic-shallow,1000,365,literal,none,118,93,25,99e8202
1,arithmetic-shallow,1000,365,literal,gzip,105,80,25,99e8202
1,arithmetic-shallow,1000,366,compact,none,33,4,29,99e8202
1,arithmetic-shallow,1000,366,literal,none,118,93,25,99e8202
1,arithmetic-shallow,1000,366,literal,gzip,106,81,25,99e8202
1,arithmetic-shallow,1000,367,compact,none,33,4,29,99e8202
1,arithmetic-shallow,1000,367,literal,none,118,93,25,99e8202
1,arithmetic-shallow,1000,367,literal,gzip,107,82,25,99e8202
1,arithmetic-shallow,1000,368,compact,none,33,4,29,99e8202
1,arithmetic-shallow,1000,368,literal,none,118,93,25,99e8202
1,arithmetic-shallow,1000,368,literal,gzip,107,82,25,99e8202
1,arithmetic-shallow,1000,369,compact,none,33,4,29,99e8202
1,arithmetic-shallow,1000,369,literal,none,118,93,25,99e8202
1,arithmetic-shallow,1000,369,literal,gzip,106,81,25,99e8202
1,arithmetic-shallow,1000,370,compact,none,33,4,29,99e8202
1,arithmetic-shallow,1000,370,literal,none,118,93,25,99e8202
1,arithmetic-shallow,1000,370,literal,gzip,105,80,25,99e8202
1,arithmetic-shallow,1000,371,compact,none,33,4,29,99e8202
1,arithmetic-shallow,1000,371,literal,none,118,93,25,99e8202
1,arithmetic-shallow,1000,371,literal,gzip,107,82,25,99e8202
1,arithmetic-shallow,1000,372,compact,none,33,4,29,99e8202
1,arithmetic-shallow,1000,372,literal,none,118,93,25,99e8202
1,arithmetic-shallow,1000,372,literal,gzip,106,81,25,99e8202
1,arithmetic-shallow,1000,373,compact,none,33,4,29,99e8202
1,arithmetic-shallow,1000,373,literal,none,118,93,25,99e8202
1,arithmetic-shallow,1000,373,literal,gzip,107,82,25,99e8202
1,arithmetic-shallow,1000,374,compact,none,33,4,29,99e8202
1,arithmetic-shallow,1000,374,literal,none,118,93,25,99e8202
1,arithmetic-shallow,1000,374,literal,gzip,107,82,25,99e8202
1,arithmetic-shallow,1000,375,compact,none,33,4,29,99e8202
1,arithmetic-shallow,1000,375,literal,none,118,93,25,99e8202
1,arithmetic-shallow,1000,375,literal,gzip,104,79,25,99e8202
1,arithmetic-shallow,1000,376,compact,none,33,4,29,99e8202
1,arithmetic-shallow,1000,376,literal,none,118,93,25,99e8202
1,arithmetic-shallow,1000,376,literal,gzip,107,82,25,99e8202
1,arithmetic-shallow,1000,377,compact,none,33,4,29,99e8202
1,arithmetic-shallow,1000,377,literal,none,118,93,25,99e8202
1,arithmetic-shallow,1000,377,literal,gzip,107,82,25,99e8202
1,arithmetic-shallow,1000,378,compact,none,33,4,29,99e8202
1,arithmetic-shallow,1000,378,literal,none,118,93,25,99e8202
1,arithmetic-shallow,1000,378,literal,gzip,106,81,25,99e8202
1,arithmetic-shallow,1000,379,compact,none,33,4,29,99e8202
1,arithmetic-shallow,1000,379,literal,none,118,93,25,99e8202
1,arithmetic-shallow,1000,379,literal,gzip,107,82,25,99e8202
1,arithmetic-shallow,1000,380,compact,none,33,4,29,99e8202
1,arithmetic-shallow,1000,380,literal,none,118,93,25,99e8202
1,arithmetic-shallow,1000,380,literal,gzip,105,80,25,99e8202
1,arithmetic-shallow,1000,381,compact,none,33,4,29,99e8202
1,arithmetic-shallow,1000,381,literal,none,118,93,25,99e8202
1,arithmetic-shallow,1000,381,literal,gzip,106,81,25,99e8202
1,arithmetic-shallow,1000,382,compact,none,33,4,29,99e8202
1,arithmetic-shallow,1000,382,literal,none,118,93,25,99e8202
1,arithmetic-shallow,1000,382,literal,gzip,107,82,25,99e8202
1,arithmetic-shallow,1000,383,compact,none,33,4,29,99e8202
1,arithmetic-shallow,1000,383,literal,none,118,93,25,99e8202
1,arithmetic-shallow,1000,383,literal,gzip,107,82,25,99e8202
1,arithmetic-shallow,1000,384,compact,none,33,4,29,99e8202
1,arithmetic-shallow,1000,384,literal,none,118,93,25,99e8202
1,arithmetic-shallow,1000,384,literal,gzip,106,81,25,99e8202
1,arithmetic-shallow,1000,385,compact,none,33,4,29,99e8202
1,arithmetic-shallow,1000,385,literal,none,118,93,25,99e8202
1,arithmetic-shallow,1000,385,literal,gzip,105,80,25,99e8202
1,arithmetic-shallow,1000,386,compact,none,33,4,29,99e8202
1,arithmetic-shallow,1000,386,literal,none,118,93,25,99e8202
1,arithmetic-shallow,1000,386,literal,gzip,107,82,25,99e8202
1,arithmetic-shallow,1000,387,compact,none,33,4,29,99e8202
1,arithmetic-shallow,1000,387,literal,none,118,93,25,99e8202
1,arithmetic-shallow,1000,387,literal,gzip,106,81,25,99e8202
1,arithmetic-shallow,1000,388,compact,none,33,4,29,99e8202
1,arithmetic-shallow,1000,388,literal,none,118,93,25,99e8202
1,arithmetic-shallow,1000,388,literal,gzip,107,82,25,99e8202
1,arithmetic-shallow,1000,389,compact,none,33,4,29,99e8202
1,arithmetic-shallow,1000,389,literal,none,118,93,25,99e8202
1,arithmetic-shallow,1000,389,literal,gzip,107,82,25,99e8202
1,arithmetic-shallow,1000,390,compact,none,33,4,29,99e8202
1,arithmetic-shallow,1000,390,literal,none,118,93,25,99e8202
1,arithmetic-shallow,1000,390,literal,gzip,104,79,25,99e8202
1,arithmetic-shallow,1000,391,compact,none,33,4,29,99e8202
1,arithmetic-shallow,1000,391,literal,none,118,93,25,99e8202
1,arithmetic-shallow,1000,391,literal,gzip,107,82,25,99e8202
1,arithmetic-shallow,1000,392,compact,none,33,4,29,99e8202
1,arithmetic-shallow,1000,392,literal,none,118,93,25,99e8202
1,arithmetic-shallow,1000,392,literal,gzip,107,82,25,99e8202
1,arithmetic-shallow,1000,393,compact,none,33,4,29,99e8202
1,arithmetic-shallow,1000,393,literal,none,118,93,25,99e8202
1,arithmetic-shallow,1000,393,literal,gzip,106,81,25,99e8202
1,arithmetic-shallow,1000,394,compact,none,33,4,29,99e8202
1,arithmetic-shallow,1000,394,literal,none,118,93,25,99e8202
1,arithmetic-shallow,1000,394,literal,gzip,107,82,25,99e8202
1,arithmetic-shallow,1000,395,compact,none,33,4,29,99e8202
1,arithmetic-shallow,1000,395,literal,none,118,93,25,99e8202
1,arithmetic-shallow,1000,395,literal,gzip,105,80,25,99e8202
1,arithmetic-shallow,1000,396,compact,none,33,4,29,99e8202
1,arithmetic-shallow,1000,396,literal,none,118,93,25,99e8202
1,arithmetic-shallow,1000,396,literal,gzip,106,81,25,99e8202
1,arithmetic-shallow,1000,397,compact,none,33,4,29,99e8202
1,arithmetic-shallow,1000,397,literal,none,118,93,25,99e8202
1,arithmetic-shallow,1000,397,literal,gzip,107,82,25,99e8202
1,arithmetic-shallow,1000,398,compact,none,33,4,29,99e8202
1,arithmetic-shallow,1000,398,literal,none,118,93,25,99e8202
1,arithmetic-shallow,1000,398,literal,gzip,107,82,25,99e8202
1,arithmetic-shallow,1000,399,compact,none,33,4,29,99e8202
1,arithmetic-shallow,1000,399,literal,none,118,93,25,99e8202
1,arithmetic-shallow,1000,399,literal,gzip,106,81,25,99e8202
1,arithmetic-shallow,1000,400,compact,none,33,4,29,99e8202
1,arithmetic-shallow,1000,400,literal,none,118,93,25,99e8202
1,arithmetic-shallow,1000,400,literal,gzip,105,80,25,99e8202
1,arithmetic-shallow,1000,401,compact,none,33,4,29,99e8202
1,arithmetic-shallow,1000,401,literal,none,118,93,25,99e8202
1,arithmetic-shallow,1000,401,literal,gzip,107,82,25,99e8202
1,arithmetic-shallow,1000,402,compact,none,33,4,29,99e8202
1,arithmetic-shallow,1000,402,literal,none,118,93,25,99e8202
1,arithmetic-shallow,1000,402,literal,gzip,106,81,25,99e8202
1,arithmetic-shallow,1000,403,compact,none,33,4,29,99e8202
1,arithmetic-shallow,1000,403,literal,none,118,93,25,99e8202
1,arithmetic-shallow,1000,403,literal,gzip,107,82,25,99e8202
1,arithmetic-shallow,1000,404,compact,none,33,4,29,99e8202
1,arithmetic-shallow,1000,404,literal,none,118,93,25,99e8202
1,arithmetic-shallow,1000,404,literal,gzip,107,82,25,99e8202
1,arithmetic-shallow,1000,405,compact,none,33,4,29,99e8202
1,arithmetic-shallow,1000,405,literal,none,118,93,25,99e8202
1,arithmetic-shallow,1000,405,literal,gzip,104,79,25,99e8202
1,arithmetic-shallow,1000,406,compact,none,33,4,29,99e8202
1,arithmetic-shallow,1000,406,literal,none,118,93,25,99e8202
1,arithmetic-shallow,1000,406,literal,gzip,107,82,25,99e8202
1,arithmetic-shallow,1000,407,compact,none,33,4,29,99e8202
1,arithmetic-shallow,1000,407,literal,none,118,93,25,99e8202
1,arithmetic-shallow,1000,407,literal,gzip,107,82,25,99e8202
1,arithmetic-shallow,1000,408,compact,none,33,4,29,99e8202
1,arithmetic-shallow,1000,408,literal,none,118,93,25,99e8202
1,arithmetic-shallow,1000,408,literal,gzip,106,81,25,99e8202
1,arithmetic-shallow,1000,409,compact,none,33,4,29,99e8202
1,arithmetic-shallow,1000,409,literal,none,118,93,25,99e8202
1,arithmetic-shallow,1000,409,literal,gzip,107,82,25,99e8202
1,arithmetic-shallow,1000,410,compact,none,33,4,29,99e8202
1,arithmetic-shallow,1000,410,literal,none,118,93,25,99e8202
1,arithmetic-shallow,1000,410,literal,gzip,105,80,25,99e8202
1,arithmetic-shallow,1000,411,compact,none,33,4,29,99e8202
1,arithmetic-shallow,1000,411,literal,none,118,93,25,99e8202
1,arithmetic-shallow,1000,411,literal,gzip,106,81,25,99e8202
1,arithmetic-shallow,1000,412,compact,none,33,4,29,99e8202
1,arithmetic-shallow,1000,412,literal,none,118,93,25,99e8202
1,arithmetic-shallow,1000,412,literal,gzip,107,82,25,99e8202
1,arithmetic-shallow,1000,413,compact,none,33,4,29,99e8202
1,arithmetic-shallow,1000,413,literal,none,118,93,25,99e8202
1,arithmetic-shallow,1000,413,literal,gzip,107,82,25,99e8202
1,arithmetic-shallow,1000,414,compact,none,33,4,29,99e8202
1,arithmetic-shallow,1000,414,literal,none,118,93,25,99e8202
1,arithmetic-shallow,1000,414,literal,gzip,106,81,25,99e8202
1,arithmetic-shallow,1000,415,compact,none,33,4,29,99e8202
1,arithmetic-shallow,1000,415,literal,none,118,93,25,99e8202
1,arithmetic-shallow,1000,415,literal,gzip,105,80,25,99e8202
1,arithmetic-shallow,1000,416,compact,none,33,4,29,99e8202
1,arithmetic-shallow,1000,416,literal,none,118,93,25,99e8202
1,arithmetic-shallow,1000,416,literal,gzip,107,82,25,99e8202
1,arithmetic-shallow,1000,417,compact,none,33,4,29,99e8202
1,arithmetic-shallow,1000,417,literal,none,118,93,25,99e8202
1,arithmetic-shallow,1000,417,literal,gzip,106,81,25,99e8202
1,arithmetic-shallow,1000,418,compact,none,33,4,29,99e8202
1,arithmetic-shallow,1000,418,literal,none,118,93,25,99e8202
1,arithmetic-shallow,1000,418,literal,gzip,107,82,25,99e8202
1,arithmetic-shallow,1000,419,compact,none,33,4,29,99e8202
1,arithmetic-shallow,1000,419,literal,none,118,93,25,99e8202
1,arithmetic-shallow,1000,419,literal,gzip,107,82,25,99e8202
1,arithmetic-shallow,1000,420,compact,none,33,4,29,99e8202
1,arithmetic-shallow,1000,420,literal,none,118,93,25,99e8202
1,arithmetic-shallow,1000,420,literal,gzip,104,79,25,99e8202
1,arithmetic-shallow,1000,421,compact,none,33,4,29,99e8202
1,arithmetic-shallow,1000,421,literal,none,118,93,25,99e8202
1,arithmetic-shallow,1000,421,literal,gzip,107,82,25,99e8202
1,arithmetic-shallow,1000,422,compact,none,33,4,29,99e8202
1,arithmetic-shallow,1000,422,literal,none,118,93,25,99e8202
1,arithmetic-shallow,1000,422,literal,gzip,107,82,25,99e8202
1,arithmetic-shallow,1000,423,compact,none,33,4,29,99e8202
1,arithmetic-shallow,1000,423,literal,none,118,93,25,99e8202
1,arithmetic-shallow,1000,423,literal,gzip,106,81,25,99e8202
1,arithmetic-shallow,1000,424,compact,none,33,4,29,99e8202
1,arithmetic-shallow,1000,424,literal,none,118,93,25,99e8202
1,arithmetic-shallow,1000,424,literal,gzip,107,82,25,99e8202
1,arithmetic-shallow,1000,425,compact,none,33,4,29,99e8202
1,arithmetic-shallow,1000,425,literal,none,118,93,25,99e8202
1,arithmetic-shallow,1000,425,literal,gzip,105,80,25,99e8202
1,arithmetic-shallow,1000,426,compact,none,33,4,29,99e8202
1,arithmetic-shallow,1000,426,literal,none,118,93,25,99e8202
1,arithmetic-shallow,1000,426,literal,gzip,106,81,25,99e8202
1,arithmetic-shallow,1000,427,compact,none,33,4,29,99e8202
1,arithmetic-shallow,1000,427,literal,none,118,93,25,99e8202
1,arithmetic-shallow,1000,427,literal,gzip,107,82,25,99e8202
1,arithmetic-shallow,1000,428,compact,none,33,4,29,99e8202
1,arithmetic-shallow,1000,428,literal,none,118,93,25,99e8202
1,arithmetic-shallow,1000,428,literal,gzip,107,82,25,99e8202
1,arithmetic-shallow,1000,429,compact,none,33,4,29,99e8202
1,arithmetic-shallow,1000,429,literal,none,118,93,25,99e8202
1,arithmetic-shallow,1000,429,literal,gzip,106,81,25,99e8202
1,arithmetic-shallow,1000,430,compact,none,33,4,29,99e8202
1,arithmetic-shallow,1000,430,literal,none,118,93,25,99e8202
1,arithmetic-shallow,1000,430,literal,gzip,105,80,25,99e8202
1,arithmetic-shallow,1000,431,compact,none,33,4,29,99e8202
1,arithmetic-shallow,1000,431,literal,none,118,93,25,99e8202
1,arithmetic-shallow,1000,431,literal,gzip,107,82,25,99e8202
1,arithmetic-shallow,1000,432,compact,none,33,4,29,99e8202
1,arithmetic-shallow,1000,432,literal,none,118,93,25,99e8202
1,arithmetic-shallow,1000,432,literal,gzip,106,81,25,99e8202
1,arithmetic-shallow,1000,433,compact,none,33,4,29,99e8202
1,arithmetic-shallow,1000,433,literal,none,118,93,25,99e8202
1,arithmetic-shallow,1000,433,literal,gzip,107,82,25,99e8202
1,arithmetic-shallow,1000,434,compact,none,33,4,29,99e8202
1,arithmetic-shallow,1000,434,literal,none,118,93,25,99e8202
1,arithmetic-shallow,1000,434,literal,gzip,107,82,25,99e8202
1,arithmetic-shallow,1000,435,compact,none,33,4,29,99e8202
1,arithmetic-shallow,1000,435,literal,none,118,93,25,99e8202
1,arithmetic-shallow,1000,435,literal,gzip,104,79,25,99e8202
1,arithmetic-shallow,1000,436,compact,none,33,4,29,99e8202
1,arithmetic-shallow,1000,436,literal,none,118,93,25,99e8202
1,arithmetic-shallow,1000,436,literal,gzip,107,82,25,99e8202
1,arithmetic-shallow,1000,437,compact,none,33,4,29,99e8202
1,arithmetic-shallow,1000,437,literal,none,118,93,25,99e8202
1,arithmetic-shallow,1000,437,literal,gzip,107,82,25,99e8202
1,arithmetic-shallow,1000,438,compact,none,33,4,29,99e8202
1,arithmetic-shallow,1000,438,literal,none,118,93,25,99e8202
1,arithmetic-shallow,1000,438,literal,gzip,106,81,25,99e8202
1,arithmetic-shallow,1000,439,compact,none,33,4,29,99e8202
1,arithmetic-shallow,1000,439,literal,none,118,93,25,99e8202
1,arithmetic-shallow,1000,439,literal,gzip,107,82,25,99e8202
1,arithmetic-shallow,1000,440,compact,none,33,4,29,99e8202
1,arithmetic-shallow,1000,440,literal,none,118,93,25,99e8202
1,arithmetic-shallow,1000,440,literal,gzip,105,80,25,99e8202
1,arithmetic-shallow,1000,441,compact,none,33,4,29,99e8202
1,arithmetic-shallow,1000,441,literal,none,118,93,25,99e8202
1,arithmetic-shallow,1000,441,literal,gzip,106,81,25,99e8202
1,arithmetic-shallow,1000,442,compact,none,33,4,29,99e8202
1,arithmetic-shallow,1000,442,literal,none,118,93,25,99e8202
1,arithmetic-shallow,1000,442,literal,gzip,107,82,25,99e8202
1,arithmetic-shallow,1000,443,compact,none,33,4,29,99e8202
1,arithmetic-shallow,1000,443,literal,none,118,93,25,99e8202
1,arithmetic-shallow,1000,443,literal,gzip,107,82,25,99e8202
1,arithmetic-shallow,1000,444,compact,none,33,4,29,99e8202
1,arithmetic-shallow,1000,444,literal,none,118,93,25,99e8202
1,arithmetic-shallow,1000,444,literal,gzip,106,81,25,99e8202
1,arithmetic-shallow,1000,445,compact,none,33,4,29,99e8202
1,arithmetic-shallow,1000,445,literal,none,118,93,25,99e8202
1,arithmetic-shallow,1000,445,literal,gzip,105,80,25,99e8202
1,arithmetic-shallow,1000,446,compact,none,33,4,29,99e8202
1,arithmetic-shallow,1000,446,literal,none,118,93,25,99e8202
1,arithmetic-shallow,1000,446,literal,gzip,107,82,25,99e8202
1,arithmetic-shallow,1000,447,compact,none,33,4,29,99e8202
1,arithmetic-shallow,1000,447,literal,none,118,93,25,99e8202
1,arithmetic-shallow,1000,447,literal,gzip,106,81,25,99e8202
1,arithmetic-shallow,1000,448,compact,none,33,4,29,99e8202
1,arithmetic-shallow,1000,448,literal,none,118,93,25,99e8202
1,arithmetic-shallow,1000,448,literal,gzip,107,82,25,99e8202
1,arithmetic-shallow,1000,449,compact,none,33,4,29,99e8202
1,arithmetic-shallow,1000,449,literal,none,118,93,25,99e8202
1,arithmetic-shallow,1000,449,literal,gzip,107,82,25,99e8202
1,arithmetic-shallow,1000,450,compact,none,33,4,29,99e8202
1,arithmetic-shallow,1000,450,literal,none,118,93,25,99e8202
1,arithmetic-shallow,1000,450,literal,gzip,104,79,25,99e8202
1,arithmetic-shallow,1000,451,compact,none,33,4,29,99e8202
1,arithmetic-shallow,1000,451,literal,none,118,93,25,99e8202
1,arithmetic-shallow,1000,451,literal,gzip,107,82,25,99e8202
1,arithmetic-shallow,1000,452,compact,none,33,4,29,99e8202
1,arithmetic-shallow,1000,452,literal,none,118,93,25,99e8202
1,arithmetic-shallow,1000,452,literal,gzip,107,82,25,99e8202
1,arithmetic-shallow,1000,453,compact,none,33,4,29,99e8202
1,arithmetic-shallow,1000,453,literal,none,118,93,25,99e8202
1,arithmetic-shallow,1000,453,literal,gzip,106,81,25,99e8202
1,arithmetic-shallow,1000,454,compact,none,33,4,29,99e8202
1,arithmetic-shallow,1000,454,literal,none,118,93,25,99e8202
1,arithmetic-shallow,1000,454,literal,gzip,107,82,25,99e8202
1,arithmetic-shallow,1000,455,compact,none,33,4,29,99e8202
1,arithmetic-shallow,1000,455,literal,none,118,93,25,99e8202
1,arithmetic-shallow,1000,455,literal,gzip,105,80,25,99e8202
1,arithmetic-shallow,1000,456,compact,none,33,4,29,99e8202
1,arithmetic-shallow,1000,456,literal,none,118,93,25,99e8202
1,arithmetic-shallow,1000,456,literal,gzip,106,81,25,99e8202
1,arithmetic-shallow,1000,457,compact,none,33,4,29,99e8202
1,arithmetic-shallow,1000,457,literal,none,118,93,25,99e8202
1,arithmetic-shallow,1000,457,literal,gzip,107,82,25,99e8202
1,arithmetic-shallow,1000,458,compact,none,33,4,29,99e8202
1,arithmetic-shallow,1000,458,literal,none,118,93,25,99e8202
1,arithmetic-shallow,1000,458,literal,gzip,107,82,25,99e8202
1,arithmetic-shallow,1000,459,compact,none,33,4,29,99e8202
1,arithmetic-shallow,1000,459,literal,none,118,93,25,99e8202
1,arithmetic-shallow,1000,459,literal,gzip,106,81,25,99e8202
1,arithmetic-shallow,1000,460,compact,none,33,4,29,99e8202
1,arithmetic-shallow,1000,460,literal,none,118,93,25,99e8202
1,arithmetic-shallow,1000,460,literal,gzip,105,80,25,99e8202
1,arithmetic-shallow,1000,461,compact,none,33,4,29,99e8202
1,arithmetic-shallow,1000,461,literal,none,118,93,25,99e8202
1,arithmetic-shallow,1000,461,literal,gzip,107,82,25,99e8202
1,arithmetic-shallow,1000,462,compact,none,33,4,29,99e8202
1,arithmetic-shallow,1000,462,literal,none,118,93,25,99e8202
1,arithmetic-shallow,1000,462,literal,gzip,106,81,25,99e8202
1,arithmetic-shallow,1000,463,compact,none,33,4,29,99e8202
1,arithmetic-shallow,1000,463,literal,none,118,93,25,99e8202
1,arithmetic-shallow,1000,463,literal,gzip,107,82,25,99e8202
1,arithmetic-shallow,1000,464,compact,none,33,4,29,99e8202
1,arithmetic-shallow,1000,464,literal,none,118,93,25,99e8202
1,arithmetic-shallow,1000,464,literal,gzip,107,82,25,99e8202
1,arithmetic-shallow,1000,465,compact,none,33,4,29,99e8202
1,arithmetic-shallow,1000,465,literal,none,118,93,25,99e8202
1,arithmetic-shallow,1000,465,literal,gzip,104,79,25,99e8202
1,arithmetic-shallow,1000,466,compact,none,33,4,29,99e8202
1,arithmetic-shallow,1000,466,literal,none,118,93,25,99e8202
1,arithmetic-shallow,1000,466,literal,gzip,107,82,25,99e8202
1,arithmetic-shallow,1000,467,compact,none,33,4,29,99e8202
1,arithmetic-shallow,1000,467,literal,none,118,93,25,99e8202
1,arithmetic-shallow,1000,467,literal,gzip,107,82,25,99e8202
1,arithmetic-shallow,1000,468,compact,none,33,4,29,99e8202
1,arithmetic-shallow,1000,468,literal,none,118,93,25,99e8202
1,arithmetic-shallow,1000,468,literal,gzip,106,81,25,99e8202
1,arithmetic-shallow,1000,469,compact,none,33,4,29,99e8202
1,arithmetic-shallow,1000,469,literal,none,118,93,25,99e8202
1,arithmetic-shallow,1000,469,literal,gzip,107,82,25,99e8202
1,arithmetic-shallow,1000,470,compact,none,33,4,29,99e8202
1,arithmetic-shallow,1000,470,literal,none,118,93,25,99e8202
1,arithmetic-shallow,1000,470,literal,gzip,105,80,25,99e8202
1,arithmetic-shallow,1000,471,compact,none,33,4,29,99e8202
1,arithmetic-shallow,1000,471,literal,none,118,93,25,99e8202
1,arithmetic-shallow,1000,471,literal,gzip,106,81,25,99e8202
1,arithmetic-shallow,1000,472,compact,none,33,4,29,99e8202
1,arithmetic-shallow,1000,472,literal,none,118,93,25,99e8202
1,arithmetic-shallow,1000,472,literal,gzip,107,82,25,99e8202
1,arithmetic-shallow,1000,473,compact,none,33,4,29,99e8202
1,arithmetic-shallow,1000,473,literal,none,118,93,25,99e8202
1,arithmetic-shallow,1000,473,literal,gzip,107,82,25,99e8202
1,arithmetic-shallow,1000,474,compact,none,33,4,29,99e8202
1,arithmetic-shallow,1000,474,literal,none,118,93,25,99e8202
1,arithmetic-shallow,1000,474,literal,gzip,106,81,25,99e8202
1,arithmetic-shallow,1000,475,compact,none,33,4,29,99e8202
1,arithmetic-shallow,1000,475,literal,none,118,93,25,99e8202
1,arithmetic-shallow,1000,475,literal,gzip,105,80,25,99e8202
1,arithmetic-shallow,1000,476,compact,none,33,4,29,99e8202
1,arithmetic-shallow,1000,476,literal,none,118,93,25,99e8202
1,arithmetic-shallow,1000,476,literal,gzip,107,82,25,99e8202
1,arithmetic-shallow,1000,477,compact,none,33,4,29,99e8202
1,arithmetic-shallow,1000,477,literal,none,118,93,25,99e8202
1,arithmetic-shallow,1000,477,literal,gzip,106,81,25,99e8202
1,arithmetic-shallow,1000,478,compact,none,33,4,29,99e8202
1,arithmetic-shallow,1000,478,literal,none,118,93,25,99e8202
1,arithmetic-shallow,1000,478,literal,gzip,107,82,25,99e8202
1,arithmetic-shallow,1000,479,compact,none,33,4,29,99e8202
1,arithmetic-shallow,1000,479,literal,none,118,93,25,99e8202
1,arithmetic-shallow,1000,479,literal,gzip,107,82,25,99e8202
1,arithmetic-shallow,1000,480,compact,none,33,4,29,99e8202
1,arithmetic-shallow,1000,480,literal,none,118,93,25,99e8202
1,arithmetic-shallow,1000,480,literal,gzip,104,79,25,99e8202
1,arithmetic-shallow,1000,481,compact,none,33,4,29,99e8202
1,arithmetic-shallow,1000,481,literal,none,118,93,25,99e8202
1,arithmetic-shallow,1000,481,literal,gzip,107,82,25,99e8202
1,arithmetic-shallow,1000,482,compact,none,33,4,29,99e8202
1,arithmetic-shallow,1000,482,literal,none,118,93,25,99e8202
1,arithmetic-shallow,1000,482,literal,gzip,107,82,25,99e8202
1,arithmetic-shallow,1000,483,compact,none,33,4,29,99e8202
1,arithmetic-shallow,1000,483,literal,none,118,93,25,99e8202
1,arithmetic-shallow,1000,483,literal,gzip,106,81,25,99e8202
1,arithmetic-shallow,1000,484,compact,none,33,4,29,99e8202
1,arithmetic-shallow,1000,484,literal,none,118,93,25,99e8202
1,arithmetic-shallow,1000,484,literal,gzip,107,82,25,99e8202
1,arithmetic-shallow,1000,485,compact,none,33,4,29,99e8202
1,arithmetic-shallow,1000,485,literal,none,118,93,25,99e8202
1,arithmetic-shallow,1000,485,literal,gzip,105,80,25,99e8202
1,arithmetic-shallow,1000,486,compact,none,33,4,29,99e8202
1,arithmetic-shallow,1000,486,literal,none,118,93,25,99e8202
1,arithmetic-shallow,1000,486,literal,gzip,106,81,25,99e8202
1,arithmetic-shallow,1000,487,compact,none,33,4,29,99e8202
1,arithmetic-shallow,1000,487,literal,none,118,93,25,99e8202
1,arithmetic-shallow,1000,487,literal,gzip,107,82,25,99e8202
1,arithmetic-shallow,1000,488,compact,none,33,4,29,99e8202
1,arithmetic-shallow,1000,488,literal,none,118,93,25,99e8202
1,arithmetic-shallow,1000,488,literal,gzip,107,82,25,99e8202
1,arithmetic-shallow,1000,489,compact,none,33,4,29,99e8202
1,arithmetic-shallow,1000,489,literal,none,118,93,25,99e8202
1,arithmetic-shallow,1000,489,literal,gzip,106,81,25,99e8202
1,arithmetic-shallow,1000,490,compact,none,33,4,29,99e8202
1,arithmetic-shallow,1000,490,literal,none,118,93,25,99e8202
1,arithmetic-shallow,1000,490,literal,gzip,105,80,25,99e8202
1,arithmetic-shallow,1000,491,compact,none,33,4,29,99e8202
1,arithmetic-shallow,1000,491,literal,none,118,93,25,99e8202
1,arithmetic-shallow,1000,491,literal,gzip,107,82,25,99e8202
1,arithmetic-shallow,1000,492,compact,none,33,4,29,99e8202
1,arithmetic-shallow,1000,492,literal,none,118,93,25,99e8202
1,arithmetic-shallow,1000,492,literal,gzip,106,81,25,99e8202
1,arithmetic-shallow,1000,493,compact,none,33,4,29,99e8202
1,arithmetic-shallow,1000,493,literal,none,118,93,25,99e8202
1,arithmetic-shallow,1000,493,literal,gzip,107,82,25,99e8202
1,arithmetic-shallow,1000,494,compact,none,33,4,29,99e8202
1,arithmetic-shallow,1000,494,literal,none,118,93,25,99e8202
1,arithmetic-shallow,1000,494,literal,gzip,107,82,25,99e8202
1,arithmetic-shallow,1000,495,compact,none,33,4,29,99e8202
1,arithmetic-shallow,1000,495,literal,none,118,93,25,99e8202
1,arithmetic-shallow,1000,495,literal,gzip,104,79,25,99e8202
1,arithmetic-shallow,1000,496,compact,none,33,4,29,99e8202
1,arithmetic-shallow,1000,496,literal,none,118,93,25,99e8202
1,arithmetic-shallow,1000,496,literal,gzip,107,82,25,99e8202
1,arithmetic-shallow,1000,497,compact,none,33,4,29,99e8202
1,arithmetic-shallow,1000,497,literal,none,118,93,25,99e8202
1,arithmetic-shallow,1000,497,literal,gzip,107,82,25,99e8202
1,arithmetic-shallow,1000,498,compact,none,33,4,29,99e8202
1,arithmetic-shallow,1000,498,literal,none,118,93,25,99e8202
1,arithmetic-shallow,1000,498,literal,gzip,106,81,25,99e8202
1,arithmetic-shallow,1000,499,compact,none,33,4,29,99e8202
1,arithmetic-shallow,1000,499,literal,none,118,93,25,99e8202
1,arithmetic-shallow,1000,499,literal,gzip,107,82,25,99e8202
1,arithmetic-shallow,1000,500,compact,none,33,4,29,99e8202
1,arithmetic-shallow,1000,500,literal,none,118,93,25,99e8202
1,arithmetic-shallow,1000,500,literal,gzip,105,80,25,99e8202
1,arithmetic-shallow,1000,501,compact,none,33,4,29,99e8202
1,arithmetic-shallow,1000,501,literal,none,118,93,25,99e8202
1,arithmetic-shallow,1000,501,literal,gzip,106,81,25,99e8202
1,arithmetic-shallow,1000,502,compact,none,33,4,29,99e8202
1,arithmetic-shallow,1000,502,literal,none,118,93,25,99e8202
1,arithmetic-shallow,1000,502,literal,gzip,107,82,25,99e8202
1,arithmetic-shallow,1000,503,compact,none,33,4,29,99e8202
1,arithmetic-shallow,1000,503,literal,none,118,93,25,99e8202
1,arithmetic-shallow,1000,503,literal,gzip,107,82,25,99e8202
1,arithmetic-shallow,1000,504,compact,none,33,4,29,99e8202
1,arithmetic-shallow,1000,504,literal,none,118,93,25,99e8202
1,arithmetic-shallow,1000,504,literal,gzip,106,81,25,99e8202
1,arithmetic-shallow,1000,505,compact,none,33,4,29,99e8202
1,arithmetic-shallow,1000,505,literal,none,118,93,25,99e8202
1,arithmetic-shallow,1000,505,literal,gzip,105,80,25,99e8202
1,arithmetic-shallow,1000,506,compact,none,33,4,29,99e8202
1,arithmetic-shallow,1000,506,literal,none,118,93,25,99e8202
1,arithmetic-shallow,1000,506,literal,gzip,107,82,25,99e8202
1,arithmetic-shallow,1000,507,compact,none,33,4,29,99e8202
1,arithmetic-shallow,1000,507,literal,none,118,93,25,99e8202
1,arithmetic-shallow,1000,507,literal,gzip,106,81,25,99e8202
1,arithmetic-shallow,1000,508,compact,none,33,4,29,99e8202
1,arithmetic-shallow,1000,508,literal,none,118,93,25,99e8202
1,arithmetic-shallow,1000,508,literal,gzip,107,82,25,99e8202
1,arithmetic-shallow,1000,509,compact,none,33,4,29,99e8202
1,arithmetic-shallow,1000,509,literal,none,118,93,25,99e8202
1,arithmetic-shallow,1000,509,literal,gzip,107,82,25,99e8202
1,arithmetic-shallow,1000,510,compact,none,33,4,29,99e8202
1,arithmetic-shallow,1000,510,literal,none,118,93,25,99e8202
1,arithmetic-shallow,1000,510,literal,gzip,104,79,25,99e8202
1,arithmetic-shallow,1000,511,compact,none,33,4,29,99e8202
1,arithmetic-shallow,1000,511,literal,none,118,93,25,99e8202
1,arithmetic-shallow,1000,511,literal,gzip,107,82,25,99e8202
1,arithmetic-shallow,1000,512,compact,none,33,4,29,99e8202
1,arithmetic-shallow,1000,512,literal,none,118,93,25,99e8202
1,arithmetic-shallow,1000,512,literal,gzip,107,82,25,99e8202
1,arithmetic-shallow,1000,513,compact,none,33,4,29,99e8202
1,arithmetic-shallow,1000,513,literal,none,118,93,25,99e8202
1,arithmetic-shallow,1000,513,literal,gzip,106,81,25,99e8202
1,arithmetic-shallow,1000,514,compact,none,33,4,29,99e8202
1,arithmetic-shallow,1000,514,literal,none,118,93,25,99e8202
1,arithmetic-shallow,1000,514,literal,gzip,107,82,25,99e8202
1,arithmetic-shallow,1000,515,compact,none,33,4,29,99e8202
1,arithmetic-shallow,1000,515,literal,none,118,93,25,99e8202
1,arithmetic-shallow,1000,515,literal,gzip,105,80,25,99e8202
1,arithmetic-shallow,1000,516,compact,none,33,4,29,99e8202
1,arithmetic-shallow,1000,516,literal,none,118,93,25,99e8202
1,arithmetic-shallow,1000,516,literal,gzip,106,81,25,99e8202
1,arithmetic-shallow,1000,517,compact,none,33,4,29,99e8202
1,arithmetic-shallow,1000,517,literal,none,118,93,25,99e8202
1,arithmetic-shallow,1000,517,literal,gzip,107,82,25,99e8202
1,arithmetic-shallow,1000,518,compact,none,33,4,29,99e8202
1,arithmetic-shallow,1000,518,literal,none,118,93,25,99e8202
1,arithmetic-shallow,1000,518,literal,gzip,107,82,25,99e8202
1,arithmetic-shallow,1000,519,compact,none,33,4,29,99e8202
1,arithmetic-shallow,1000,519,literal,none,118,93,25,99e8202
1,arithmetic-shallow,1000,519,literal,gzip,106,81,25,99e8202
1,arithmetic-shallow,1000,520,compact,none,33,4,29,99e8202
1,arithmetic-shallow,1000,520,literal,none,118,93,25,99e8202
1,arithmetic-shallow,1000,520,literal,gzip,105,80,25,99e8202
1,arithmetic-shallow,1000,521,compact,none,33,4,29,99e8202
1,arithmetic-shallow,1000,521,literal,none,118,93,25,99e8202
1,arithmetic-shallow,1000,521,literal,gzip,107,82,25,99e8202
1,arithmetic-shallow,1000,522,compact,none,33,4,29,99e8202
1,arithmetic-shallow,1000,522,literal,none,118,93,25,99e8202
1,arithmetic-shallow,1000,522,literal,gzip,106,81,25,99e8202
1,arithmetic-shallow,1000,523,compact,none,33,4,29,99e8202
1,arithmetic-shallow,1000,523,literal,none,118,93,25,99e8202
1,arithmetic-shallow,1000,523,literal,gzip,107,82,25,99e8202
1,arithmetic-shallow,1000,524,compact,none,33,4,29,99e8202
1,arithmetic-shallow,1000,524,literal,none,118,93,25,99e8202
1,arithmetic-shallow,1000,524,literal,gzip,107,82,25,99e8202
1,arithmetic-shallow,1000,525,compact,none,33,4,29,99e8202
1,arithmetic-shallow,1000,525,literal,none,118,93,25,99e8202
1,arithmetic-shallow,1000,525,literal,gzip,104,79,25,99e8202
1,arithmetic-shallow,1000,526,compact,none,33,4,29,99e8202
1,arithmetic-shallow,1000,526,literal,none,118,93,25,99e8202
1,arithmetic-shallow,1000,526,literal,gzip,107,82,25,99e8202
1,arithmetic-shallow,1000,527,compact,none,33,4,29,99e8202
1,arithmetic-shallow,1000,527,literal,none,118,93,25,99e8202
1,arithmetic-shallow,1000,527,literal,gzip,107,82,25,99e8202
1,arithmetic-shallow,1000,528,compact,none,33,4,29,99e8202
1,arithmetic-shallow,1000,528,literal,none,118,93,25,99e8202
1,arithmetic-shallow,1000,528,literal,gzip,106,81,25,99e8202
1,arithmetic-shallow,1000,529,compact,none,33,4,29,99e8202
1,arithmetic-shallow,1000,529,literal,none,118,93,25,99e8202
1,arithmetic-shallow,1000,529,literal,gzip,107,82,25,99e8202
1,arithmetic-shallow,1000,530,compact,none,33,4,29,99e8202
1,arithmetic-shallow,1000,530,literal,none,118,93,25,99e8202
1,arithmetic-shallow,1000,530,literal,gzip,105,80,25,99e8202
1,arithmetic-shallow,1000,531,compact,none,33,4,29,99e8202
1,arithmetic-shallow,1000,531,literal,none,118,93,25,99e8202
1,arithmetic-shallow,1000,531,literal,gzip,106,81,25,99e8202
1,arithmetic-shallow,1000,532,compact,none,33,4,29,99e8202
1,arithmetic-shallow,1000,532,literal,none,118,93,25,99e8202
1,arithmetic-shallow,1000,532,literal,gzip,107,82,25,99e8202
1,arithmetic-shallow,1000,533,compact,none,33,4,29,99e8202
1,arithmetic-shallow,1000,533,literal,none,118,93,25,99e8202
1,arithmetic-shallow,1000,533,literal,gzip,107,82,25,99e8202
1,arithmetic-shallow,1000,534,compact,none,33,4,29,99e8202
1,arithmetic-shallow,1000,534,literal,none,118,93,25,99e8202
1,arithmetic-shallow,1000,534,literal,gzip,106,81,25,99e8202
1,arithmetic-shallow,1000,535,compact,none,33,4,29,99e8202
1,arithmetic-shallow,1000,535,literal,none,118,93,25,99e8202
1,arithmetic-shallow,1000,535,literal,gzip,105,80,25,99e8202
1,arithmetic-shallow,1000,536,compact,none,33,4,29,99e8202
1,arithmetic-shallow,1000,536,literal,none,118,93,25,99e8202
1,arithmetic-shallow,1000,536,literal,gzip,107,82,25,99e8202
1,arithmetic-shallow,1000,537,compact,none,33,4,29,99e8202
1,arithmetic-shallow,1000,537,literal,none,118,93,25,99e8202
1,arithmetic-shallow,1000,537,literal,gzip,106,81,25,99e8202
1,arithmetic-shallow,1000,538,compact,none,33,4,29,99e8202
1,arithmetic-shallow,1000,538,literal,none,118,93,25,99e8202
1,arithmetic-shallow,1000,538,literal,gzip,107,82,25,99e8202
1,arithmetic-shallow,1000,539,compact,none,33,4,29,99e8202
1,arithmetic-shallow,1000,539,literal,none,118,93,25,99e8202
1,arithmetic-shallow,1000,539,literal,gzip,107,82,25,99e8202
1,arithmetic-shallow,1000,540,compact,none,33,4,29,99e8202
1,arithmetic-shallow,1000,540,literal,none,118,93,25,99e8202
1,arithmetic-shallow,1000,540,literal,gzip,104,79,25,99e8202
1,arithmetic-shallow,1000,541,compact,none,33,4,29,99e8202
1,arithmetic-shallow,1000,541,literal,none,118,93,25,99e8202
1,arithmetic-shallow,1000,541,literal,gzip,107,82,25,99e8202
1,arithmetic-shallow,1000,542,compact,none,33,4,29,99e8202
1,arithmetic-shallow,1000,542,literal,none,118,93,25,99e8202
1,arithmetic-shallow,1000,542,literal,gzip,107,82,25,99e8202
1,arithmetic-shallow,1000,543,compact,none,33,4,29,99e8202
1,arithmetic-shallow,1000,543,literal,none,118,93,25,99e8202
1,arithmetic-shallow,1000,543,literal,gzip,106,81,25,99e8202
1,arithmetic-shallow,1000,544,compact,none,33,4,29,99e8202
1,arithmetic-shallow,1000,544,literal,none,118,93,25,99e8202
1,arithmetic-shallow,1000,544,literal,gzip,107,82,25,99e8202
1,arithmetic-shallow,1000,545,compact,none,33,4,29,99e8202
1,arithmetic-shallow,1000,545,literal,none,118,93,25,99e8202
1,arithmetic-shallow,1000,545,literal,gzip,105,80,25,99e8202
1,arithmetic-shallow,1000,546,compact,none,33,4,29,99e8202
1,arithmetic-shallow,1000,546,literal,none,118,93,25,99e8202
1,arithmetic-shallow,1000,546,literal,gzip,106,81,25,99e8202
1,arithmetic-shallow,1000,547,compact,none,33,4,29,99e8202
1,arithmetic-shallow,1000,547,literal,none,118,93,25,99e8202
1,arithmetic-shallow,1000,547,literal,gzip,107,82,25,99e8202
1,arithmetic-shallow,1000,548,compact,none,33,4,29,99e8202
1,arithmetic-shallow,1000,548,literal,none,118,93,25,99e8202
1,arithmetic-shallow,1000,548,literal,gzip,107,82,25,99e8202
1,arithmetic-shallow,1000,549,compact,none,33,4,29,99e8202
1,arithmetic-shallow,1000,549,literal,none,118,93,25,99e8202
1,arithmetic-shallow,1000,549,literal,gzip,106,81,25,99e8202
1,arithmetic-shallow,1000,550,compact,none,33,4,29,99e8202
1,arithmetic-shallow,1000,550,literal,none,118,93,25,99e8202
1,arithmetic-shallow,1000,550,literal,gzip,105,80,25,99e8202
1,arithmetic-shallow,1000,551,compact,none,33,4,29,99e8202
1,arithmetic-shallow,1000,551,literal,none,118,93,25,99e8202
1,arithmetic-shallow,1000,551,literal,gzip,107,82,25,99e8202
1,arithmetic-shallow,1000,552,compact,none,33,4,29,99e8202
1,arithmetic-shallow,1000,552,literal,none,118,93,25,99e8202
1,arithmetic-shallow,1000,552,literal,gzip,106,81,25,99e8202
1,arithmetic-shallow,1000,553,compact,none,33,4,29,99e8202
1,arithmetic-shallow,1000,553,literal,none,118,93,25,99e8202
1,arithmetic-shallow,1000,553,literal,gzip,107,82,25,99e8202
1,arithmetic-shallow,1000,554,compact,none,33,4,29,99e8202
1,arithmetic-shallow,1000,554,literal,none,118,93,25,99e8202
1,arithmetic-shallow,1000,554,literal,gzip,107,82,25,99e8202
1,arithmetic-shallow,1000,555,compact,none,33,4,29,99e8202
1,arithmetic-shallow,1000,555,literal,none,118,93,25,99e8202
1,arithmetic-shallow,1000,555,literal,gzip,104,79,25,99e8202
1,arithmetic-shallow,1000,556,compact,none,33,4,29,99e8202
1,arithmetic-shallow,1000,556,literal,none,118,93,25,99e8202
1,arithmetic-shallow,1000,556,literal,gzip,107,82,25,99e8202
1,arithmetic-shallow,1000,557,compact,none,33,4,29,99e8202
1,arithmetic-shallow,1000,557,literal,none,118,93,25,99e8202
1,arithmetic-shallow,1000,557,literal,gzip,107,82,25,99e8202
1,arithmetic-shallow,1000,558,compact,none,33,4,29,99e8202
1,arithmetic-shallow,1000,558,literal,none,118,93,25,99e8202
1,arithmetic-shallow,1000,558,literal,gzip,106,81,25,99e8202
1,arithmetic-shallow,1000,559,compact,none,33,4,29,99e8202
1,arithmetic-shallow,1000,559,literal,none,118,93,25,99e8202
1,arithmetic-shallow,1000,559,literal,gzip,107,82,25,99e8202
1,arithmetic-shallow,1000,560,compact,none,33,4,29,99e8202
1,arithmetic-shallow,1000,560,literal,none,118,93,25,99e8202
1,arithmetic-shallow,1000,560,literal,gzip,105,80,25,99e8202
1,arithmetic-shallow,1000,561,compact,none,33,4,29,99e8202
1,arithmetic-shallow,1000,561,literal,none,118,93,25,99e8202
1,arithmetic-shallow,1000,561,literal,gzip,106,81,25,99e8202
1,arithmetic-shallow,1000,562,compact,none,33,4,29,99e8202
1,arithmetic-shallow,1000,562,literal,none,118,93,25,99e8202
1,arithmetic-shallow,1000,562,literal,gzip,107,82,25,99e8202
1,arithmetic-shallow,1000,563,compact,none,33,4,29,99e8202
1,arithmetic-shallow,1000,563,literal,none,118,93,25,99e8202
1,arithmetic-shallow,1000,563,literal,gzip,107,82,25,99e8202
1,arithmetic-shallow,1000,564,compact,none,33,4,29,99e8202
1,arithmetic-shallow,1000,564,literal,none,118,93,25,99e8202
1,arithmetic-shallow,1000,564,literal,gzip,106,81,25,99e8202
1,arithmetic-shallow,1000,565,compact,none,33,4,29,99e8202
1,arithmetic-shallow,1000,565,literal,none,118,93,25,99e8202
1,arithmetic-shallow,1000,565,literal,gzip,105,80,25,99e8202
1,arithmetic-shallow,1000,566,compact,none,33,4,29,99e8202
1,arithmetic-shallow,1000,566,literal,none,118,93,25,99e8202
1,arithmetic-shallow,1000,566,literal,gzip,107,82,25,99e8202
1,arithmetic-shallow,1000,567,compact,none,33,4,29,99e8202
1,arithmetic-shallow,1000,567,literal,none,118,93,25,99e8202
1,arithmetic-shallow,1000,567,literal,gzip,106,81,25,99e8202
1,arithmetic-shallow,1000,568,compact,none,33,4,29,99e8202
1,arithmetic-shallow,1000,568,literal,none,118,93,25,99e8202
1,arithmetic-shallow,1000,568,literal,gzip,107,82,25,99e8202
1,arithmetic-shallow,1000,569,compact,none,33,4,29,99e8202
1,arithmetic-shallow,1000,569,literal,none,118,93,25,99e8202
1,arithmetic-shallow,1000,569,literal,gzip,107,82,25,99e8202
1,arithmetic-shallow,1000,570,compact,none,33,4,29,99e8202
1,arithmetic-shallow,1000,570,literal,none,118,93,25,99e8202
1,arithmetic-shallow,1000,570,literal,gzip,104,79,25,99e8202
1,arithmetic-shallow,1000,571,compact,none,33,4,29,99e8202
1,arithmetic-shallow,1000,571,literal,none,118,93,25,99e8202
1,arithmetic-shallow,1000,571,literal,gzip,107,82,25,99e8202
1,arithmetic-shallow,1000,572,compact,none,33,4,29,99e8202
1,arithmetic-shallow,1000,572,literal,none,118,93,25,99e8202
1,arithmetic-shallow,1000,572,literal,gzip,107,82,25,99e8202
1,arithmetic-shallow,1000,573,compact,none,33,4,29,99e8202
1,arithmetic-shallow,1000,573,literal,none,118,93,25,99e8202
1,arithmetic-shallow,1000,573,literal,gzip,106,81,25,99e8202
1,arithmetic-shallow,1000,574,compact,none,33,4,29,99e8202
1,arithmetic-shallow,1000,574,literal,none,118,93,25,99e8202
1,arithmetic-shallow,1000,574,literal,gzip,107,82,25,99e8202
1,arithmetic-shallow,1000,575,compact,none,33,4,29,99e8202
1,arithmetic-shallow,1000,575,literal,none,118,93,25,99e8202
1,arithmetic-shallow,1000,575,literal,gzip,105,80,25,99e8202
1,arithmetic-shallow,1000,576,compact,none,33,4,29,99e8202
1,arithmetic-shallow,1000,576,literal,none,118,93,25,99e8202
1,arithmetic-shallow,1000,576,literal,gzip,106,81,25,99e8202
1,arithmetic-shallow,1000,577,compact,none,33,4,29,99e8202
1,arithmetic-shallow,1000,577,literal,none,118,93,25,99e8202
1,arithmetic-shallow,1000,577,literal,gzip,107,82,25,99e8202
1,arithmetic-shallow,1000,578,compact,none,33,4,29,99e8202
1,arithmetic-shallow,1000,578,literal,none,118,93,25,99e8202
1,arithmetic-shallow,1000,578,literal,gzip,107,82,25,99e8202
1,arithmetic-shallow,1000,579,compact,none,33,4,29,99e8202
1,arithmetic-shallow,1000,579,literal,none,118,93,25,99e8202
1,arithmetic-shallow,1000,579,literal,gzip,106,81,25,99e8202
1,arithmetic-shallow,1000,580,compact,none,33,4,29,99e8202
1,arithmetic-shallow,1000,580,literal,none,118,93,25,99e8202
1,arithmetic-shallow,1000,580,literal,gzip,105,80,25,99e8202
1,arithmetic-shallow,1000,581,compact,none,33,4,29,99e8202
1,arithmetic-shallow,1000,581,literal,none,118,93,25,99e8202
1,arithmetic-shallow,1000,581,literal,gzip,107,82,25,99e8202
1,arithmetic-shallow,1000,582,compact,none,33,4,29,99e8202
1,arithmetic-shallow,1000,582,literal,none,118,93,25,99e8202
1,arithmetic-shallow,1000,582,literal,gzip,106,81,25,99e8202
1,arithmetic-shallow,1000,583,compact,none,33,4,29,99e8202
1,arithmetic-shallow,1000,583,literal,none,118,93,25,99e8202
1,arithmetic-shallow,1000,583,literal,gzip,107,82,25,99e8202
1,arithmetic-shallow,1000,584,compact,none,33,4,29,99e8202
1,arithmetic-shallow,1000,584,literal,none,118,93,25,99e8202
1,arithmetic-shallow,1000,584,literal,gzip,107,82,25,99e8202
1,arithmetic-shallow,1000,585,compact,none,33,4,29,99e8202
1,arithmetic-shallow,1000,585,literal,none,118,93,25,99e8202
1,arithmetic-shallow,1000,585,literal,gzip,104,79,25,99e8202
1,arithmetic-shallow,1000,586,compact,none,33,4,29,99e8202
1,arithmetic-shallow,1000,586,literal,none,118,93,25,99e8202
1,arithmetic-shallow,1000,586,literal,gzip,107,82,25,99e8202
1,arithmetic-shallow,1000,587,compact,none,33,4,29,99e8202
1,arithmetic-shallow,1000,587,literal,none,118,93,25,99e8202
1,arithmetic-shallow,1000,587,literal,gzip,107,82,25,99e8202
1,arithmetic-shallow,1000,588,compact,none,33,4,29,99e8202
1,arithmetic-shallow,1000,588,literal,none,118,93,25,99e8202
1,arithmetic-shallow,1000,588,literal,gzip,106,81,25,99e8202
1,arithmetic-shallow,1000,589,compact,none,33,4,29,99e8202
1,arithmetic-shallow,1000,589,literal,none,118,93,25,99e8202
1,arithmetic-shallow,1000,589,literal,gzip,107,82,25,99e8202
1,arithmetic-shallow,1000,590,compact,none,33,4,29,99e8202
1,arithmetic-shallow,1000,590,literal,none,118,93,25,99e8202
1,arithmetic-shallow,1000,590,literal,gzip,105,80,25,99e8202
1,arithmetic-shallow,1000,591,compact,none,33,4,29,99e8202
1,arithmetic-shallow,1000,591,literal,none,118,93,25,99e8202
1,arithmetic-shallow,1000,591,literal,gzip,106,81,25,99e8202
1,arithmetic-shallow,1000,592,compact,none,33,4,29,99e8202
1,arithmetic-shallow,1000,592,literal,none,118,93,25,99e8202
1,arithmetic-shallow,1000,592,literal,gzip,107,82,25,99e8202
1,arithmetic-shallow,1000,593,compact,none,33,4,29,99e8202
1,arithmetic-shallow,1000,593,literal,none,118,93,25,99e8202
1,arithmetic-shallow,1000,593,literal,gzip,107,82,25,99e8202
1,arithmetic-shallow,1000,594,compact,none,33,4,29,99e8202
1,arithmetic-shallow,1000,594,literal,none,118,93,25,99e8202
1,arithmetic-shallow,1000,594,literal,gzip,106,81,25,99e8202
1,arithmetic-shallow,1000,595,compact,none,33,4,29,99e8202
1,arithmetic-shallow,1000,595,literal,none,118,93,25,99e8202
1,arithmetic-shallow,1000,595,literal,gzip,105,80,25,99e8202
1,arithmetic-shallow,1000,596,compact,none,33,4,29,99e8202
1,arithmetic-shallow,1000,596,literal,none,118,93,25,99e8202
1,arithmetic-shallow,1000,596,literal,gzip,107,82,25,99e8202
1,arithmetic-shallow,1000,597,compact,none,33,4,29,99e8202
1,arithmetic-shallow,1000,597,literal,none,118,93,25,99e8202
1,arithmetic-shallow,1000,597,literal,gzip,106,81,25,99e8202
1,arithmetic-shallow,1000,598,compact,none,33,4,29,99e8202
1,arithmetic-shallow,1000,598,literal,none,118,93,25,99e8202
1,arithmetic-shallow,1000,598,literal,gzip,107,82,25,99e8202
1,arithmetic-shallow,1000,599,compact,none,33,4,29,99e8202
1,arithmetic-shallow,1000,599,literal,none,118,93,25,99e8202
1,arithmetic-shallow,1000,599,literal,gzip,107,82,25,99e8202
1,arithmetic-shallow,1000,600,compact,none,33,4,29,99e8202
1,arithmetic-shallow,1000,600,literal,none,118,93,25,99e8202
1,arithmetic-shallow,1000,600,literal,gzip,104,79,25,99e8202
1,arithmetic-shallow,1000,601,compact,none,33,4,29,99e8202
1,arithmetic-shallow,1000,601,literal,none,118,93,25,99e8202
1,arithmetic-shallow,1000,601,literal,gzip,107,82,25,99e8202
1,arithmetic-shallow,1000,602,compact,none,33,4,29,99e8202
1,arithmetic-shallow,1000,602,literal,none,118,93,25,99e8202
1,arithmetic-shallow,1000,602,literal,gzip,107,82,25,99e8202
1,arithmetic-shallow,1000,603,compact,none,33,4,29,99e8202
1,arithmetic-shallow,1000,603,literal,none,118,93,25,99e8202
1,arithmetic-shallow,1000,603,literal,gzip,106,81,25,99e8202
1,arithmetic-shallow,1000,604,compact,none,33,4,29,99e8202
1,arithmetic-shallow,1000,604,literal,none,118,93,25,99e8202
1,arithmetic-shallow,1000,604,literal,gzip,107,82,25,99e8202
1,arithmetic-shallow,1000,605,compact,none,33,4,29,99e8202
1,arithmetic-shallow,1000,605,literal,none,118,93,25,99e8202
1,arithmetic-shallow,1000,605,literal,gzip,105,80,25,99e8202
1,arithmetic-shallow,1000,606,compact,none,33,4,29,99e8202
1,arithmetic-shallow,1000,606,literal,none,118,93,25,99e8202
1,arithmetic-shallow,1000,606,literal,gzip,106,81,25,99e8202
1,arithmetic-shallow,1000,607,compact,none,33,4,29,99e8202
1,arithmetic-shallow,1000,607,literal,none,118,93,25,99e8202
1,arithmetic-shallow,1000,607,literal,gzip,107,82,25,99e8202
1,arithmetic-shallow,1000,608,compact,none,33,4,29,99e8202
1,arithmetic-shallow,1000,608,literal,none,118,93,25,99e8202
1,arithmetic-shallow,1000,608,literal,gzip,107,82,25,99e8202
1,arithmetic-shallow,1000,609,compact,none,33,4,29,99e8202
1,arithmetic-shallow,1000,609,literal,none,118,93,25,99e8202
1,arithmetic-shallow,1000,609,literal,gzip,106,81,25,99e8202
1,arithmetic-shallow,1000,610,compact,none,33,4,29,99e8202
1,arithmetic-shallow,1000,610,literal,none,118,93,25,99e8202
1,arithmetic-shallow,1000,610,literal,gzip,105,80,25,99e8202
1,arithmetic-shallow,1000,611,compact,none,33,4,29,99e8202
1,arithmetic-shallow,1000,611,literal,none,118,93,25,99e8202
1,arithmetic-shallow,1000,611,literal,gzip,107,82,25,99e8202
1,arithmetic-shallow,1000,612,compact,none,33,4,29,99e8202
1,arithmetic-shallow,1000,612,literal,none,118,93,25,99e8202
1,arithmetic-shallow,1000,612,literal,gzip,106,81,25,99e8202
1,arithmetic-shallow,1000,613,compact,none,33,4,29,99e8202
1,arithmetic-shallow,1000,613,literal,none,118,93,25,99e8202
1,arithmetic-shallow,1000,613,literal,gzip,107,82,25,99e8202
1,arithmetic-shallow,1000,614,compact,none,33,4,29,99e8202
1,arithmetic-shallow,1000,614,literal,none,118,93,25,99e8202
1,arithmetic-shallow,1000,614,literal,gzip,107,82,25,99e8202
1,arithmetic-shallow,1000,615,compact,none,33,4,29,99e8202
1,arithmetic-shallow,1000,615,literal,none,118,93,25,99e8202
1,arithmetic-shallow,1000,615,literal,gzip,104,79,25,99e8202
1,arithmetic-shallow,1000,616,compact,none,33,4,29,99e8202
1,arithmetic-shallow,1000,616,literal,none,118,93,25,99e8202
1,arithmetic-shallow,1000,616,literal,gzip,107,82,25,99e8202
1,arithmetic-shallow,1000,617,compact,none,33,4,29,99e8202
1,arithmetic-shallow,1000,617,literal,none,118,93,25,99e8202
1,arithmetic-shallow,1000,617,literal,gzip,107,82,25,99e8202
1,arithmetic-shallow,1000,618,compact,none,33,4,29,99e8202
1,arithmetic-shallow,1000,618,literal,none,118,93,25,99e8202
1,arithmetic-shallow,1000,618,literal,gzip,106,81,25,99e8202
1,arithmetic-shallow,1000,619,compact,none,33,4,29,99e8202
1,arithmetic-shallow,1000,619,literal,none,118,93,25,99e8202
1,arithmetic-shallow,1000,619,literal,gzip,107,82,25,99e8202
1,arithmetic-shallow,1000,620,compact,none,33,4,29,99e8202
1,arithmetic-shallow,1000,620,literal,none,118,93,25,99e8202
1,arithmetic-shallow,1000,620,literal,gzip,105,80,25,99e8202
1,arithmetic-shallow,1000,621,compact,none,33,4,29,99e8202
1,arithmetic-shallow,1000,621,literal,none,118,93,25,99e8202
1,arithmetic-shallow,1000,621,literal,gzip,106,81,25,99e8202
1,arithmetic-shallow,1000,622,compact,none,33,4,29,99e8202
1,arithmetic-shallow,1000,622,literal,none,118,93,25,99e8202
1,arithmetic-shallow,1000,622,literal,gzip,107,82,25,99e8202
1,arithmetic-shallow,1000,623,compact,none,33,4,29,99e8202
1,arithmetic-shallow,1000,623,literal,none,118,93,25,99e8202
1,arithmetic-shallow,1000,623,literal,gzip,107,82,25,99e8202
1,arithmetic-shallow,1000,624,compact,none,33,4,29,99e8202
1,arithmetic-shallow,1000,624,literal,none,118,93,25,99e8202
1,arithmetic-shallow,1000,624,literal,gzip,106,81,25,99e8202
1,arithmetic-shallow,1000,625,compact,none,33,4,29,99e8202
1,arithmetic-shallow,1000,625,literal,none,118,93,25,99e8202
1,arithmetic-shallow,1000,625,literal,gzip,105,80,25,99e8202
1,arithmetic-shallow,1000,626,compact,none,33,4,29,99e8202
1,arithmetic-shallow,1000,626,literal,none,118,93,25,99e8202
1,arithmetic-shallow,1000,626,literal,gzip,107,82,25,99e8202
1,arithmetic-shallow,1000,627,compact,none,33,4,29,99e8202
1,arithmetic-shallow,1000,627,literal,none,118,93,25,99e8202
1,arithmetic-shallow,1000,627,literal,gzip,106,81,25,99e8202
1,arithmetic-shallow,1000,628,compact,none,33,4,29,99e8202
1,arithmetic-shallow,1000,628,literal,none,118,93,25,99e8202
1,arithmetic-shallow,1000,628,literal,gzip,107,82,25,99e8202
1,arithmetic-shallow,1000,629,compact,none,33,4,29,99e8202
1,arithmetic-shallow,1000,629,literal,none,118,93,25,99e8202
1,arithmetic-shallow,1000,629,literal,gzip,107,82,25,99e8202
1,arithmetic-shallow,1000,630,compact,none,33,4,29,99e8202
1,arithmetic-shallow,1000,630,literal,none,118,93,25,99e8202
1,arithmetic-shallow,1000,630,literal,gzip,104,79,25,99e8202
1,arithmetic-shallow,1000,631,compact,none,33,4,29,99e8202
1,arithmetic-shallow,1000,631,literal,none,118,93,25,99e8202
1,arithmetic-shallow,1000,631,literal,gzip,107,82,25,99e8202
1,arithmetic-shallow,1000,632,compact,none,33,4,29,99e8202
1,arithmetic-shallow,1000,632,literal,none,118,93,25,99e8202
1,arithmetic-shallow,1000,632,literal,gzip,107,82,25,99e8202
1,arithmetic-shallow,1000,633,compact,none,33,4,29,99e8202
1,arithmetic-shallow,1000,633,literal,none,118,93,25,99e8202
1,arithmetic-shallow,1000,633,literal,gzip,106,81,25,99e8202
1,arithmetic-shallow,1000,634,compact,none,33,4,29,99e8202
1,arithmetic-shallow,1000,634,literal,none,118,93,25,99e8202
1,arithmetic-shallow,1000,634,literal,gzip,107,82,25,99e8202
1,arithmetic-shallow,1000,635,compact,none,33,4,29,99e8202
1,arithmetic-shallow,1000,635,literal,none,118,93,25,99e8202
1,arithmetic-shallow,1000,635,literal,gzip,105,80,25,99e8202
1,arithmetic-shallow,1000,636,compact,none,33,4,29,99e8202
1,arithmetic-shallow,1000,636,literal,none,118,93,25,99e8202
1,arithmetic-shallow,1000,636,literal,gzip,106,81,25,99e8202
1,arithmetic-shallow,1000,637,compact,none,33,4,29,99e8202
1,arithmetic-shallow,1000,637,literal,none,118,93,25,99e8202
1,arithmetic-shallow,1000,637,literal,gzip,107,82,25,99e8202
1,arithmetic-shallow,1000,638,compact,none,33,4,29,99e8202
1,arithmetic-shallow,1000,638,literal,none,118,93,25,99e8202
1,arithmetic-shallow,1000,638,literal,gzip,107,82,25,99e8202
1,arithmetic-shallow,1000,639,compact,none,33,4,29,99e8202
1,arithmetic-shallow,1000,639,literal,none,118,93,25,99e8202
1,arithmetic-shallow,1000,639,literal,gzip,106,81,25,99e8202
1,arithmetic-shallow,1000,640,compact,none,33,4,29,99e8202
1,arithmetic-shallow,1000,640,literal,none,118,93,25,99e8202
1,arithmetic-shallow,1000,640,literal,gzip,105,80,25,99e8202
1,arithmetic-shallow,1000,641,compact,none,33,4,29,99e8202
1,arithmetic-shallow,1000,641,literal,none,118,93,25,99e8202
1,arithmetic-shallow,1000,641,literal,gzip,107,82,25,99e8202
1,arithmetic-shallow,1000,642,compact,none,33,4,29,99e8202
1,arithmetic-shallow,1000,642,literal,none,118,93,25,99e8202
1,arithmetic-shallow,1000,642,literal,gzip,106,81,25,99e8202
1,arithmetic-shallow,1000,643,compact,none,33,4,29,99e8202
1,arithmetic-shallow,1000,643,literal,none,118,93,25,99e8202
1,arithmetic-shallow,1000,643,literal,gzip,107,82,25,99e8202
1,arithmetic-shallow,1000,644,compact,none,33,4,29,99e8202
1,arithmetic-shallow,1000,644,literal,none,118,93,25,99e8202
1,arithmetic-shallow,1000,644,literal,gzip,107,82,25,99e8202
1,arithmetic-shallow,1000,645,compact,none,33,4,29,99e8202
1,arithmetic-shallow,1000,645,literal,none,118,93,25,99e8202
1,arithmetic-shallow,1000,645,literal,gzip,104,79,25,99e8202
1,arithmetic-shallow,1000,646,compact,none,33,4,29,99e8202
1,arithmetic-shallow,1000,646,literal,none,118,93,25,99e8202
1,arithmetic-shallow,1000,646,literal,gzip,107,82,25,99e8202
1,arithmetic-shallow,1000,647,compact,none,33,4,29,99e8202
1,arithmetic-shallow,1000,647,literal,none,118,93,25,99e8202
1,arithmetic-shallow,1000,647,literal,gzip,107,82,25,99e8202
1,arithmetic-shallow,1000,648,compact,none,33,4,29,99e8202
1,arithmetic-shallow,1000,648,literal,none,118,93,25,99e8202
1,arithmetic-shallow,1000,648,literal,gzip,106,81,25,99e8202
1,arithmetic-shallow,1000,649,compact,none,33,4,29,99e8202
1,arithmetic-shallow,1000,649,literal,none,118,93,25,99e8202
1,arithmetic-shallow,1000,649,literal,gzip,107,82,25,99e8202
1,arithmetic-shallow,1000,650,compact,none,33,4,29,99e8202
1,arithmetic-shallow,1000,650,literal,none,118,93,25,99e8202
1,arithmetic-shallow,1000,650,literal,gzip,105,80,25,99e8202
1,arithmetic-shallow,1000,651,compact,none,33,4,29,99e8202
1,arithmetic-shallow,1000,651,literal,none,118,93,25,99e8202
1,arithmetic-shallow,1000,651,literal,gzip,106,81,25,99e8202
1,arithmetic-shallow,1000,652,compact,none,33,4,29,99e8202
1,arithmetic-shallow,1000,652,literal,none,118,93,25,99e8202
1,arithmetic-shallow,1000,652,literal,gzip,107,82,25,99e8202
1,arithmetic-shallow,1000,653,compact,none,33,4,29,99e8202
1,arithmetic-shallow,1000,653,literal,none,118,93,25,99e8202
1,arithmetic-shallow,1000,653,literal,gzip,107,82,25,99e8202
1,arithmetic-shallow,1000,654,compact,none,33,4,29,99e8202
1,arithmetic-shallow,1000,654,literal,none,118,93,25,99e8202
1,arithmetic-shallow,1000,654,literal,gzip,106,81,25,99e8202
1,arithmetic-shallow,1000,655,compact,none,33,4,29,99e8202
1,arithmetic-shallow,1000,655,literal,none,118,93,25,99e8202
1,arithmetic-shallow,1000,655,literal,gzip,105,80,25,99e8202
1,arithmetic-shallow,1000,656,compact,none,33,4,29,99e8202
1,arithmetic-shallow,1000,656,literal,none,118,93,25,99e8202
1,arithmetic-shallow,1000,656,literal,gzip,107,82,25,99e8202
1,arithmetic-shallow,1000,657,compact,none,33,4,29,99e8202
1,arithmetic-shallow,1000,657,literal,none,118,93,25,99e8202
1,arithmetic-shallow,1000,657,literal,gzip,106,81,25,99e8202
1,arithmetic-shallow,1000,658,compact,none,33,4,29,99e8202
1,arithmetic-shallow,1000,658,literal,none,118,93,25,99e8202
1,arithmetic-shallow,1000,658,literal,gzip,107,82,25,99e8202
1,arithmetic-shallow,1000,659,compact,none,33,4,29,99e8202
1,arithmetic-shallow,1000,659,literal,none,118,93,25,99e8202
1,arithmetic-shallow,1000,659,literal,gzip,107,82,25,99e8202
1,arithmetic-shallow,1000,660,compact,none,33,4,29,99e8202
1,arithmetic-shallow,1000,660,literal,none,118,93,25,99e8202
1,arithmetic-shallow,1000,660,literal,gzip,104,79,25,99e8202
1,arithmetic-shallow,1000,661,compact,none,33,4,29,99e8202
1,arithmetic-shallow,1000,661,literal,none,118,93,25,99e8202
1,arithmetic-shallow,1000,661,literal,gzip,107,82,25,99e8202
1,arithmetic-shallow,1000,662,compact,none,33,4,29,99e8202
1,arithmetic-shallow,1000,662,literal,none,118,93,25,99e8202
1,arithmetic-shallow,1000,662,literal,gzip,107,82,25,99e8202
1,arithmetic-shallow,1000,663,compact,none,33,4,29,99e8202
1,arithmetic-shallow,1000,663,literal,none,118,93,25,99e8202
1,arithmetic-shallow,1000,663,literal,gzip,106,81,25,99e8202
1,arithmetic-shallow,1000,664,compact,none,33,4,29,99e8202
1,arithmetic-shallow,1000,664,literal,none,118,93,25,99e8202
1,arithmetic-shallow,1000,664,literal,gzip,107,82,25,99e8202
1,arithmetic-shallow,1000,665,compact,none,33,4,29,99e8202
1,arithmetic-shallow,1000,665,literal,none,118,93,25,99e8202
1,arithmetic-shallow,1000,665,literal,gzip,105,80,25,99e8202
1,arithmetic-shallow,1000,666,compact,none,33,4,29,99e8202
1,arithmetic-shallow,1000,666,literal,none,118,93,25,99e8202
1,arithmetic-shallow,1000,666,literal,gzip,106,81,25,99e8202
1,arithmetic-shallow,1000,667,compact,none,33,4,29,99e8202
1,arithmetic-shallow,1000,667,literal,none,118,93,25,99e8202
1,arithmetic-shallow,1000,667,literal,gzip,107,82,25,99e8202
1,arithmetic-shallow,1000,668,compact,none,33,4,29,99e8202
1,arithmetic-shallow,1000,668,literal,none,118,93,25,99e8202
1,arithmetic-shallow,1000,668,literal,gzip,107,82,25,99e8202
1,arithmetic-shallow,1000,669,compact,none,33,4,29,99e8202
1,arithmetic-shallow,1000,669,literal,none,118,93,25,99e8202
1,arithmetic-shallow,1000,669,literal,gzip,106,81,25,99e8202
1,arithmetic-shallow,1000,670,compact,none,33,4,29,99e8202
1,arithmetic-shallow,1000,670,literal,none,118,93,25,99e8202
1,arithmetic-shallow,1000,670,literal,gzip,105,80,25,99e8202
1,arithmetic-shallow,1000,671,compact,none,33,4,29,99e8202
1,arithmetic-shallow,1000,671,literal,none,118,93,25,99e8202
1,arithmetic-shallow,1000,671,literal,gzip,107,82,25,99e8202
1,arithmetic-shallow,1000,672,compact,none,33,4,29,99e8202
1,arithmetic-shallow,1000,672,literal,none,118,93,25,99e8202
1,arithmetic-shallow,1000,672,literal,gzip,106,81,25,99e8202
1,arithmetic-shallow,1000,673,compact,none,33,4,29,99e8202
1,arithmetic-shallow,1000,673,literal,none,118,93,25,99e8202
1,arithmetic-shallow,1000,673,literal,gzip,107,82,25,99e8202
1,arithmetic-shallow,1000,674,compact,none,33,4,29,99e8202
1,arithmetic-shallow,1000,674,literal,none,118,93,25,99e8202
1,arithmetic-shallow,1000,674,literal,gzip,107,82,25,99e8202
1,arithmetic-shallow,1000,675,compact,none,33,4,29,99e8202
1,arithmetic-shallow,1000,675,literal,none,118,93,25,99e8202
1,arithmetic-shallow,1000,675,literal,gzip,104,79,25,99e8202
1,arithmetic-shallow,1000,676,compact,none,33,4,29,99e8202
1,arithmetic-shallow,1000,676,literal,none,118,93,25,99e8202
1,arithmetic-shallow,1000,676,literal,gzip,107,82,25,99e8202
1,arithmetic-shallow,1000,677,compact,none,33,4,29,99e8202
1,arithmetic-shallow,1000,677,literal,none,118,93,25,99e8202
1,arithmetic-shallow,1000,677,literal,gzip,107,82,25,99e8202
1,arithmetic-shallow,1000,678,compact,none,33,4,29,99e8202
1,arithmetic-shallow,1000,678,literal,none,118,93,25,99e8202
1,arithmetic-shallow,1000,678,literal,gzip,106,81,25,99e8202
1,arithmetic-shallow,1000,679,compact,none,33,4,29,99e8202
1,arithmetic-shallow,1000,679,literal,none,118,93,25,99e8202
1,arithmetic-shallow,1000,679,literal,gzip,107,82,25,99e8202
1,arithmetic-shallow,1000,680,compact,none,33,4,29,99e8202
1,arithmetic-shallow,1000,680,literal,none,118,93,25,99e8202
1,arithmetic-shallow,1000,680,literal,gzip,105,80,25,99e8202
1,arithmetic-shallow,1000,681,compact,none,33,4,29,99e8202
1,arithmetic-shallow,1000,681,literal,none,118,93,25,99e8202
1,arithmetic-shallow,1000,681,literal,gzip,106,81,25,99e8202
1,arithmetic-shallow,1000,682,compact,none,33,4,29,99e8202
1,arithmetic-shallow,1000,682,literal,none,118,93,25,99e8202
1,arithmetic-shallow,1000,682,literal,gzip,107,82,25,99e8202
1,arithmetic-shallow,1000,683,compact,none,33,4,29,99e8202
1,arithmetic-shallow,1000,683,literal,none,118,93,25,99e8202
1,arithmetic-shallow,1000,683,literal,gzip,107,82,25,99e8202
1,arithmetic-shallow,1000,684,compact,none,33,4,29,99e8202
1,arithmetic-shallow,1000,684,literal,none,118,93,25,99e8202
1,arithmetic-shallow,1000,684,literal,gzip,106,81,25,99e8202
1,arithmetic-shallow,1000,685,compact,none,33,4,29,99e8202
1,arithmetic-shallow,1000,685,literal,none,118,93,25,99e8202
1,arithmetic-shallow,1000,685,literal,gzip,105,80,25,99e8202
1,arithmetic-shallow,1000,686,compact,none,33,4,29,99e8202
1,arithmetic-shallow,1000,686,literal,none,118,93,25,99e8202
1,arithmetic-shallow,1000,686,literal,gzip,107,82,25,99e8202
1,arithmetic-shallow,1000,687,compact,none,33,4,29,99e8202
1,arithmetic-shallow,1000,687,literal,none,118,93,25,99e8202
1,arithmetic-shallow,1000,687,literal,gzip,106,81,25,99e8202
1,arithmetic-shallow,1000,688,compact,none,33,4,29,99e8202
1,arithmetic-shallow,1000,688,literal,none,118,93,25,99e8202
1,arithmetic-shallow,1000,688,literal,gzip,107,82,25,99e8202
1,arithmetic-shallow,1000,689,compact,none,33,4,29,99e8202
1,arithmetic-shallow,1000,689,literal,none,118,93,25,99e8202
1,arithmetic-shallow,1000,689,literal,gzip,107,82,25,99e8202
1,arithmetic-shallow,1000,690,compact,none,33,4,29,99e8202
1,arithmetic-shallow,1000,690,literal,none,118,93,25,99e8202
1,arithmetic-shallow,1000,690,literal,gzip,104,79,25,99e8202
1,arithmetic-shallow,1000,691,compact,none,33,4,29,99e8202
1,arithmetic-shallow,1000,691,literal,none,118,93,25,99e8202
1,arithmetic-shallow,1000,691,literal,gzip,107,82,25,99e8202
1,arithmetic-shallow,1000,692,compact,none,33,4,29,99e8202
1,arithmetic-shallow,1000,692,literal,none,118,93,25,99e8202
1,arithmetic-shallow,1000,692,literal,gzip,107,82,25,99e8202
1,arithmetic-shallow,1000,693,compact,none,33,4,29,99e8202
1,arithmetic-shallow,1000,693,literal,none,118,93,25,99e8202
1,arithmetic-shallow,1000,693,literal,gzip,106,81,25,99e8202
1,arithmetic-shallow,1000,694,compact,none,33,4,29,99e8202
1,arithmetic-shallow,1000,694,literal,none,118,93,25,99e8202
1,arithmetic-shallow,1000,694,literal,gzip,107,82,25,99e8202
1,arithmetic-shallow,1000,695,compact,none,33,4,29,99e8202
1,arithmetic-shallow,1000,695,literal,none,118,93,25,99e8202
1,arithmetic-shallow,1000,695,literal,gzip,105,80,25,99e8202
1,arithmetic-shallow,1000,696,compact,none,33,4,29,99e8202
1,arithmetic-shallow,1000,696,literal,none,118,93,25,99e8202
1,arithmetic-shallow,1000,696,literal,gzip,106,81,25,99e8202
1,arithmetic-shallow,1000,697,compact,none,33,4,29,99e8202
1,arithmetic-shallow,1000,697,literal,none,118,93,25,99e8202
1,arithmetic-shallow,1000,697,literal,gzip,107,82,25,99e8202
1,arithmetic-shallow,1000,698,compact,none,33,4,29,99e8202
1,arithmetic-shallow,1000,698,literal,none,118,93,25,99e8202
1,arithmetic-shallow,1000,698,literal,gzip,107,82,25,99e8202
1,arithmetic-shallow,1000,699,compact,none,33,4,29,99e8202
1,arithmetic-shallow,1000,699,literal,none,118,93,25,99e8202
1,arithmetic-shallow,1000,699,literal,gzip,106,81,25,99e8202
1,arithmetic-shallow,1000,700,compact,none,33,4,29,99e8202
1,arithmetic-shallow,1000,700,literal,none,118,93,25,99e8202
1,arithmetic-shallow,1000,700,literal,gzip,105,80,25,99e8202
1,arithmetic-shallow,1000,701,compact,none,33,4,29,99e8202
1,arithmetic-shallow,1000,701,literal,none,118,93,25,99e8202
1,arithmetic-shallow,1000,701,literal,gzip,107,82,25,99e8202
1,arithmetic-shallow,1000,702,compact,none,33,4,29,99e8202
1,arithmetic-shallow,1000,702,literal,none,118,93,25,99e8202
1,arithmetic-shallow,1000,702,literal,gzip,106,81,25,99e8202
1,arithmetic-shallow,1000,703,compact,none,33,4,29,99e8202
1,arithmetic-shallow,1000,703,literal,none,118,93,25,99e8202
1,arithmetic-shallow,1000,703,literal,gzip,107,82,25,99e8202
1,arithmetic-shallow,1000,704,compact,none,33,4,29,99e8202
1,arithmetic-shallow,1000,704,literal,none,118,93,25,99e8202
1,arithmetic-shallow,1000,704,literal,gzip,107,82,25,99e8202
1,arithmetic-shallow,1000,705,compact,none,33,4,29,99e8202
1,arithmetic-shallow,1000,705,literal,none,118,93,25,99e8202
1,arithmetic-shallow,1000,705,literal,gzip,104,79,25,99e8202
1,arithmetic-shallow,1000,706,compact,none,33,4,29,99e8202
1,arithmetic-shallow,1000,706,literal,none,118,93,25,99e8202
1,arithmetic-shallow,1000,706,literal,gzip,107,82,25,99e8202
1,arithmetic-shallow,1000,707,compact,none,33,4,29,99e8202
1,arithmetic-shallow,1000,707,literal,none,118,93,25,99e8202
1,arithmetic-shallow,1000,707,literal,gzip,107,82,25,99e8202
1,arithmetic-shallow,1000,708,compact,none,33,4,29,99e8202
1,arithmetic-shallow,1000,708,literal,none,118,93,25,99e8202
1,arithmetic-shallow,1000,708,literal,gzip,106,81,25,99e8202
1,arithmetic-shallow,1000,709,compact,none,33,4,29,99e8202
1,arithmetic-shallow,1000,709,literal,none,118,93,25,99e8202
1,arithmetic-shallow,1000,709,literal,gzip,107,82,25,99e8202
1,arithmetic-shallow,1000,710,compact,none,33,4,29,99e8202
1,arithmetic-shallow,1000,710,literal,none,118,93,25,99e8202
1,arithmetic-shallow,1000,710,literal,gzip,105,80,25,99e8202
1,arithmetic-shallow,1000,711,compact,none,33,4,29,99e8202
1,arithmetic-shallow,1000,711,literal,none,118,93,25,99e8202
1,arithmetic-shallow,1000,711,literal,gzip,106,81,25,99e8202
1,arithmetic-shallow,1000,712,compact,none,33,4,29,99e8202
1,arithmetic-shallow,1000,712,literal,none,118,93,25,99e8202
1,arithmetic-shallow,1000,712,literal,gzip,107,82,25,99e8202
1,arithmetic-shallow,1000,713,compact,none,33,4,29,99e8202
1,arithmetic-shallow,1000,713,literal,none,118,93,25,99e8202
1,arithmetic-shallow,1000,713,literal,gzip,107,82,25,99e8202
1,arithmetic-shallow,1000,714,compact,none,33,4,29,99e8202
1,arithmetic-shallow,1000,714,literal,none,118,93,25,99e8202
1,arithmetic-shallow,1000,714,literal,gzip,106,81,25,99e8202
1,arithmetic-shallow,1000,715,compact,none,33,4,29,99e8202
1,arithmetic-shallow,1000,715,literal,none,118,93,25,99e8202
1,arithmetic-shallow,1000,715,literal,gzip,105,80,25,99e8202
1,arithmetic-shallow,1000,716,compact,none,33,4,29,99e8202
1,arithmetic-shallow,1000,716,literal,none,118,93,25,99e8202
1,arithmetic-shallow,1000,716,literal,gzip,107,82,25,99e8202
1,arithmetic-shallow,1000,717,compact,none,33,4,29,99e8202
1,arithmetic-shallow,1000,717,literal,none,118,93,25,99e8202
1,arithmetic-shallow,1000,717,literal,gzip,106,81,25,99e8202
1,arithmetic-shallow,1000,718,compact,none,33,4,29,99e8202
1,arithmetic-shallow,1000,718,literal,none,118,93,25,99e8202
1,arithmetic-shallow,1000,718,literal,gzip,107,82,25,99e8202
1,arithmetic-shallow,1000,719,compact,none,33,4,29,99e8202
1,arithmetic-shallow,1000,719,literal,none,118,93,25,99e8202
1,arithmetic-shallow,1000,719,literal,gzip,107,82,25,99e8202
1,arithmetic-shallow,1000,720,compact,none,33,4,29,99e8202
1,arithmetic-shallow,1000,720,literal,none,118,93,25,99e8202
1,arithmetic-shallow,1000,720,literal,gzip,104,79,25,99e8202
1,arithmetic-shallow,1000,721,compact,none,33,4,29,99e8202
1,arithmetic-shallow,1000,721,literal,none,118,93,25,99e8202
1,arithmetic-shallow,1000,721,literal,gzip,107,82,25,99e8202
1,arithmetic-shallow,1000,722,compact,none,33,4,29,99e8202
1,arithmetic-shallow,1000,722,literal,none,118,93,25,99e8202
1,arithmetic-shallow,1000,722,literal,gzip,107,82,25,99e8202
1,arithmetic-shallow,1000,723,compact,none,33,4,29,99e8202
1,arithmetic-shallow,1000,723,literal,none,118,93,25,99e8202
1,arithmetic-shallow,1000,723,literal,gzip,106,81,25,99e8202
1,arithmetic-shallow,1000,724,compact,none,33,4,29,99e8202
1,arithmetic-shallow,1000,724,literal,none,118,93,25,99e8202
1,arithmetic-shallow,1000,724,literal,gzip,107,82,25,99e8202
1,arithmetic-shallow,1000,725,compact,none,33,4,29,99e8202
1,arithmetic-shallow,1000,725,literal,none,118,93,25,99e8202
1,arithmetic-shallow,1000,725,literal,gzip,105,80,25,99e8202
1,arithmetic-shallow,1000,726,compact,none,33,4,29,99e8202
1,arithmetic-shallow,1000,726,literal,none,118,93,25,99e8202
1,arithmetic-shallow,1000,726,literal,gzip,106,81,25,99e8202
1,arithmetic-shallow,1000,727,compact,none,33,4,29,99e8202
1,arithmetic-shallow,1000,727,literal,none,118,93,25,99e8202
1,arithmetic-shallow,1000,727,literal,gzip,107,82,25,99e8202
1,arithmetic-shallow,1000,728,compact,none,33,4,29,99e8202
1,arithmetic-shallow,1000,728,literal,none,118,93,25,99e8202
1,arithmetic-shallow,1000,728,literal,gzip,107,82,25,99e8202
1,arithmetic-shallow,1000,729,compact,none,33,4,29,99e8202
1,arithmetic-shallow,1000,729,literal,none,118,93,25,99e8202
1,arithmetic-shallow,1000,729,literal,gzip,106,81,25,99e8202
1,arithmetic-shallow,1000,730,compact,none,33,4,29,99e8202
1,arithmetic-shallow,1000,730,literal,none,118,93,25,99e8202
1,arithmetic-shallow,1000,730,literal,gzip,105,80,25,99e8202
1,arithmetic-shallow,1000,731,compact,none,33,4,29,99e8202
1,arithmetic-shallow,1000,731,literal,none,118,93,25,99e8202
1,arithmetic-shallow,1000,731,literal,gzip,107,82,25,99e8202
1,arithmetic-shallow,1000,732,compact,none,33,4,29,99e8202
1,arithmetic-shallow,1000,732,literal,none,118,93,25,99e8202
1,arithmetic-shallow,1000,732,literal,gzip,106,81,25,99e8202
1,arithmetic-shallow,1000,733,compact,none,33,4,29,99e8202
1,arithmetic-shallow,1000,733,literal,none,118,93,25,99e8202
1,arithmetic-shallow,1000,733,literal,gzip,107,82,25,99e8202
1,arithmetic-shallow,1000,734,compact,none,33,4,29,99e8202
1,arithmetic-shallow,1000,734,literal,none,118,93,25,99e8202
1,arithmetic-shallow,1000,734,literal,gzip,107,82,25,99e8202
1,arithmetic-shallow,1000,735,compact,none,33,4,29,99e8202
1,arithmetic-shallow,1000,735,literal,none,118,93,25,99e8202
1,arithmetic-shallow,1000,735,literal,gzip,104,79,25,99e8202
1,arithmetic-shallow,1000,736,compact,none,33,4,29,99e8202
1,arithmetic-shallow,1000,736,literal,none,118,93,25,99e8202
1,arithmetic-shallow,1000,736,literal,gzip,107,82,25,99e8202
1,arithmetic-shallow,1000,737,compact,none,33,4,29,99e8202
1,arithmetic-shallow,1000,737,literal,none,118,93,25,99e8202
1,arithmetic-shallow,1000,737,literal,gzip,107,82,25,99e8202
1,arithmetic-shallow,1000,738,compact,none,33,4,29,99e8202
1,arithmetic-shallow,1000,738,literal,none,118,93,25,99e8202
1,arithmetic-shallow,1000,738,literal,gzip,106,81,25,99e8202
1,arithmetic-shallow,1000,739,compact,none,33,4,29,99e8202
1,arithmetic-shallow,1000,739,literal,none,118,93,25,99e8202
1,arithmetic-shallow,1000,739,literal,gzip,107,82,25,99e8202
1,arithmetic-shallow,1000,740,compact,none,33,4,29,99e8202
1,arithmetic-shallow,1000,740,literal,none,118,93,25,99e8202
1,arithmetic-shallow,1000,740,literal,gzip,105,80,25,99e8202
1,arithmetic-shallow,1000,741,compact,none,33,4,29,99e8202
1,arithmetic-shallow,1000,741,literal,none,118,93,25,99e8202
1,arithmetic-shallow,1000,741,literal,gzip,106,81,25,99e8202
1,arithmetic-shallow,1000,742,compact,none,33,4,29,99e8202
1,arithmetic-shallow,1000,742,literal,none,118,93,25,99e8202
1,arithmetic-shallow,1000,742,literal,gzip,107,82,25,99e8202
1,arithmetic-shallow,1000,743,compact,none,33,4,29,99e8202
1,arithmetic-shallow,1000,743,literal,none,118,93,25,99e8202
1,arithmetic-shallow,1000,743,literal,gzip,107,82,25,99e8202
1,arithmetic-shallow,1000,744,compact,none,33,4,29,99e8202
1,arithmetic-shallow,1000,744,literal,none,118,93,25,99e8202
1,arithmetic-shallow,1000,744,literal,gzip,106,81,25,99e8202
1,arithmetic-shallow,1000,745,compact,none,33,4,29,99e8202
1,arithmetic-shallow,1000,745,literal,none,118,93,25,99e8202
1,arithmetic-shallow,1000,745,literal,gzip,105,80,25,99e8202
1,arithmetic-shallow,1000,746,compact,none,33,4,29,99e8202
1,arithmetic-shallow,1000,746,literal,none,118,93,25,99e8202
1,arithmetic-shallow,1000,746,literal,gzip,107,82,25,99e8202
1,arithmetic-shallow,1000,747,compact,none,33,4,29,99e8202
1,arithmetic-shallow,1000,747,literal,none,118,93,25,99e8202
1,arithmetic-shallow,1000,747,literal,gzip,106,81,25,99e8202
1,arithmetic-shallow,1000,748,compact,none,33,4,29,99e8202
1,arithmetic-shallow,1000,748,literal,none,118,93,25,99e8202
1,arithmetic-shallow,1000,748,literal,gzip,107,82,25,99e8202
1,arithmetic-shallow,1000,749,compact,none,33,4,29,99e8202
1,arithmetic-shallow,1000,749,literal,none,118,93,25,99e8202
1,arithmetic-shallow,1000,749,literal,gzip,107,82,25,99e8202
1,arithmetic-shallow,1000,750,compact,none,33,4,29,99e8202
1,arithmetic-shallow,1000,750,literal,none,118,93,25,99e8202
1,arithmetic-shallow,1000,750,literal,gzip,104,79,25,99e8202
1,arithmetic-shallow,1000,751,compact,none,33,4,29,99e8202
1,arithmetic-shallow,1000,751,literal,none,118,93,25,99e8202
1,arithmetic-shallow,1000,751,literal,gzip,107,82,25,99e8202
1,arithmetic-shallow,1000,752,compact,none,33,4,29,99e8202
1,arithmetic-shallow,1000,752,literal,none,118,93,25,99e8202
1,arithmetic-shallow,1000,752,literal,gzip,107,82,25,99e8202
1,arithmetic-shallow,1000,753,compact,none,33,4,29,99e8202
1,arithmetic-shallow,1000,753,literal,none,118,93,25,99e8202
1,arithmetic-shallow,1000,753,literal,gzip,106,81,25,99e8202
1,arithmetic-shallow,1000,754,compact,none,33,4,29,99e8202
1,arithmetic-shallow,1000,754,literal,none,118,93,25,99e8202
1,arithmetic-shallow,1000,754,literal,gzip,107,82,25,99e8202
1,arithmetic-shallow,1000,755,compact,none,33,4,29,99e8202
1,arithmetic-shallow,1000,755,literal,none,118,93,25,99e8202
1,arithmetic-shallow,1000,755,literal,gzip,105,80,25,99e8202
1,arithmetic-shallow,1000,756,compact,none,33,4,29,99e8202
1,arithmetic-shallow,1000,756,literal,none,118,93,25,99e8202
1,arithmetic-shallow,1000,756,literal,gzip,106,81,25,99e8202
1,arithmetic-shallow,1000,757,compact,none,33,4,29,99e8202
1,arithmetic-shallow,1000,757,literal,none,118,93,25,99e8202
1,arithmetic-shallow,1000,757,literal,gzip,107,82,25,99e8202
1,arithmetic-shallow,1000,758,compact,none,33,4,29,99e8202
1,arithmetic-shallow,1000,758,literal,none,118,93,25,99e8202
1,arithmetic-shallow,1000,758,literal,gzip,107,82,25,99e8202
1,arithmetic-shallow,1000,759,compact,none,33,4,29,99e8202
1,arithmetic-shallow,1000,759,literal,none,118,93,25,99e8202
1,arithmetic-shallow,1000,759,literal,gzip,106,81,25,99e8202
1,arithmetic-shallow,1000,760,compact,none,33,4,29,99e8202
1,arithmetic-shallow,1000,760,literal,none,118,93,25,99e8202
1,arithmetic-shallow,1000,760,literal,gzip,105,80,25,99e8202
1,arithmetic-shallow,1000,761,compact,none,33,4,29,99e8202
1,arithmetic-shallow,1000,761,literal,none,118,93,25,99e8202
1,arithmetic-shallow,1000,761,literal,gzip,107,82,25,99e8202
1,arithmetic-shallow,1000,762,compact,none,33,4,29,99e8202
1,arithmetic-shallow,1000,762,literal,none,118,93,25,99e8202
1,arithmetic-shallow,1000,762,literal,gzip,106,81,25,99e8202
1,arithmetic-shallow,1000,763,compact,none,33,4,29,99e8202
1,arithmetic-shallow,1000,763,literal,none,118,93,25,99e8202
1,arithmetic-shallow,1000,763,literal,gzip,107,82,25,99e8202
1,arithmetic-shallow,1000,764,compact,none,33,4,29,99e8202
1,arithmetic-shallow,1000,764,literal,none,118,93,25,99e8202
1,arithmetic-shallow,1000,764,literal,gzip,107,82,25,99e8202
1,arithmetic-shallow,1000,765,compact,none,33,4,29,99e8202
1,arithmetic-shallow,1000,765,literal,none,118,93,25,99e8202
1,arithmetic-shallow,1000,765,literal,gzip,104,79,25,99e8202
1,arithmetic-shallow,1000,766,compact,none,33,4,29,99e8202
1,arithmetic-shallow,1000,766,literal,none,118,93,25,99e8202
1,arithmetic-shallow,1000,766,literal,gzip,107,82,25,99e8202
1,arithmetic-shallow,1000,767,compact,none,33,4,29,99e8202
1,arithmetic-shallow,1000,767,literal,none,118,93,25,99e8202
1,arithmetic-shallow,1000,767,literal,gzip,107,82,25,99e8202
1,arithmetic-shallow,1000,768,compact,none,33,4,29,99e8202
1,arithmetic-shallow,1000,768,literal,none,118,93,25,99e8202
1,arithmetic-shallow,1000,768,literal,gzip,106,81,25,99e8202
1,arithmetic-shallow,1000,769,compact,none,33,4,29,99e8202
1,arithmetic-shallow,1000,769,literal,none,118,93,25,99e8202
1,arithmetic-shallow,1000,769,literal,gzip,107,82,25,99e8202
1,arithmetic-shallow,1000,770,compact,none,33,4,29,99e8202
1,arithmetic-shallow,1000,770,literal,none,118,93,25,99e8202
1,arithmetic-shallow,1000,770,literal,gzip,105,80,25,99e8202
1,arithmetic-shallow,1000,771,compact,none,33,4,29,99e8202
1,arithmetic-shallow,1000,771,literal,none,118,93,25,99e8202
1,arithmetic-shallow,1000,771,literal,gzip,106,81,25,99e8202
1,arithmetic-shallow,1000,772,compact,none,33,4,29,99e8202
1,arithmetic-shallow,1000,772,literal,none,118,93,25,99e8202
1,arithmetic-shallow,1000,772,literal,gzip,107,82,25,99e8202
1,arithmetic-shallow,1000,773,compact,none,33,4,29,99e8202
1,arithmetic-shallow,1000,773,literal,none,118,93,25,99e8202
1,arithmetic-shallow,1000,773,literal,gzip,107,82,25,99e8202
1,arithmetic-shallow,1000,774,compact,none,33,4,29,99e8202
1,arithmetic-shallow,1000,774,literal,none,118,93,25,99e8202
1,arithmetic-shallow,1000,774,literal,gzip,106,81,25,99e8202
1,arithmetic-shallow,1000,775,compact,none,33,4,29,99e8202
1,arithmetic-shallow,1000,775,literal,none,118,93,25,99e8202
1,arithmetic-shallow,1000,775,literal,gzip,105,80,25,99e8202
1,arithmetic-shallow,1000,776,compact,none,33,4,29,99e8202
1,arithmetic-shallow,1000,776,literal,none,118,93,25,99e8202
1,arithmetic-shallow,1000,776,literal,gzip,107,82,25,99e8202
1,arithmetic-shallow,1000,777,compact,none,33,4,29,99e8202
1,arithmetic-shallow,1000,777,literal,none,118,93,25,99e8202
1,arithmetic-shallow,1000,777,literal,gzip,106,81,25,99e8202
1,arithmetic-shallow,1000,778,compact,none,33,4,29,99e8202
1,arithmetic-shallow,1000,778,literal,none,118,93,25,99e8202
1,arithmetic-shallow,1000,778,literal,gzip,107,82,25,99e8202
1,arithmetic-shallow,1000,779,compact,none,33,4,29,99e8202
1,arithmetic-shallow,1000,779,literal,none,118,93,25,99e8202
1,arithmetic-shallow,1000,779,literal,gzip,107,82,25,99e8202
1,arithmetic-shallow,1000,780,compact,none,33,4,29,99e8202
1,arithmetic-shallow,1000,780,literal,none,118,93,25,99e8202
1,arithmetic-shallow,1000,780,literal,gzip,104,79,25,99e8202
1,arithmetic-shallow,1000,781,compact,none,33,4,29,99e8202
1,arithmetic-shallow,1000,781,literal,none,118,93,25,99e8202
1,arithmetic-shallow,1000,781,literal,gzip,107,82,25,99e8202
1,arithmetic-shallow,1000,782,compact,none,33,4,29,99e8202
1,arithmetic-shallow,1000,782,literal,none,118,93,25,99e8202
1,arithmetic-shallow,1000,782,literal,gzip,107,82,25,99e8202
1,arithmetic-shallow,1000,783,compact,none,33,4,29,99e8202
1,arithmetic-shallow,1000,783,literal,none,118,93,25,99e8202
1,arithmetic-shallow,1000,783,literal,gzip,106,81,25,99e8202
1,arithmetic-shallow,1000,784,compact,none,33,4,29,99e8202
1,arithmetic-shallow,1000,784,literal,none,118,93,25,99e8202
1,arithmetic-shallow,1000,784,literal,gzip,107,82,25,99e8202
1,arithmetic-shallow,1000,785,compact,none,33,4,29,99e8202
1,arithmetic-shallow,1000,785,literal,none,118,93,25,99e8202
1,arithmetic-shallow,1000,785,literal,gzip,105,80,25,99e8202
1,arithmetic-shallow,1000,786,compact,none,33,4,29,99e8202
1,arithmetic-shallow,1000,786,literal,none,118,93,25,99e8202
1,arithmetic-shallow,1000,786,literal,gzip,106,81,25,99e8202
1,arithmetic-shallow,1000,787,compact,none,33,4,29,99e8202
1,arithmetic-shallow,1000,787,literal,none,118,93,25,99e8202
1,arithmetic-shallow,1000,787,literal,gzip,107,82,25,99e8202
1,arithmetic-shallow,1000,788,compact,none,33,4,29,99e8202
1,arithmetic-shallow,1000,788,literal,none,118,93,25,99e8202
1,arithmetic-shallow,1000,788,literal,gzip,107,82,25,99e8202
1,arithmetic-shallow,1000,789,compact,none,33,4,29,99e8202
1,arithmetic-shallow,1000,789,literal,none,118,93,25,99e8202
1,arithmetic-shallow,1000,789,literal,gzip,106,81,25,99e8202
1,arithmetic-shallow,1000,790,compact,none,33,4,29,99e8202
1,arithmetic-shallow,1000,790,literal,none,118,93,25,99e8202
1,arithmetic-shallow,1000,790,literal,gzip,105,80,25,99e8202
1,arithmetic-shallow,1000,791,compact,none,33,4,29,99e8202
1,arithmetic-shallow,1000,791,literal,none,118,93,25,99e8202
1,arithmetic-shallow,1000,791,literal,gzip,107,82,25,99e8202
1,arithmetic-shallow,1000,792,compact,none,33,4,29,99e8202
1,arithmetic-shallow,1000,792,literal,none,118,93,25,99e8202
1,arithmetic-shallow,1000,792,literal,gzip,106,81,25,99e8202
1,arithmetic-shallow,1000,793,compact,none,33,4,29,99e8202
1,arithmetic-shallow,1000,793,literal,none,118,93,25,99e8202
1,arithmetic-shallow,1000,793,literal,gzip,107,82,25,99e8202
1,arithmetic-shallow,1000,794,compact,none,33,4,29,99e8202
1,arithmetic-shallow,1000,794,literal,none,118,93,25,99e8202
1,arithmetic-shallow,1000,794,literal,gzip,107,82,25,99e8202
1,arithmetic-shallow,1000,795,compact,none,33,4,29,99e8202
1,arithmetic-shallow,1000,795,literal,none,118,93,25,99e8202
1,arithmetic-shallow,1000,795,literal,gzip,104,79,25,99e8202
1,arithmetic-shallow,1000,796,compact,none,33,4,29,99e8202
1,arithmetic-shallow,1000,796,literal,none,118,93,25,99e8202
1,arithmetic-shallow,1000,796,literal,gzip,107,82,25,99e8202
1,arithmetic-shallow,1000,797,compact,none,33,4,29,99e8202
1,arithmetic-shallow,1000,797,literal,none,118,93,25,99e8202
1,arithmetic-shallow,1000,797,literal,gzip,107,82,25,99e8202
1,arithmetic-shallow,1000,798,compact,none,33,4,29,99e8202
1,arithmetic-shallow,1000,798,literal,none,118,93,25,99e8202
1,arithmetic-shallow,1000,798,literal,gzip,106,81,25,99e8202
1,arithmetic-shallow,1000,799,compact,none,33,4,29,99e8202
1,arithmetic-shallow,1000,799,literal,none,118,93,25,99e8202
1,arithmetic-shallow,1000,799,literal,gzip,107,82,25,99e8202
1,arithmetic-shallow,1000,800,compact,none,33,4,29,99e8202
1,arithmetic-shallow,1000,800,literal,none,118,93,25,99e8202
1,arithmetic-shallow,1000,800,literal,gzip,105,80,25,99e8202
1,arithmetic-shallow,1000,801,compact,none,33,4,29,99e8202
1,arithmetic-shallow,1000,801,literal,none,118,93,25,99e8202
1,arithmetic-shallow,1000,801,literal,gzip,106,81,25,99e8202
1,arithmetic-shallow,1000,802,compact,none,33,4,29,99e8202
1,arithmetic-shallow,1000,802,literal,none,118,93,25,99e8202
1,arithmetic-shallow,1000,802,literal,gzip,107,82,25,99e8202
1,arithmetic-shallow,1000,803,compact,none,33,4,29,99e8202
1,arithmetic-shallow,1000,803,literal,none,118,93,25,99e8202
1,arithmetic-shallow,1000,803,literal,gzip,107,82,25,99e8202
1,arithmetic-shallow,1000,804,compact,none,33,4,29,99e8202
1,arithmetic-shallow,1000,804,literal,none,118,93,25,99e8202
1,arithmetic-shallow,1000,804,literal,gzip,106,81,25,99e8202
1,arithmetic-shallow,1000,805,compact,none,33,4,29,99e8202
1,arithmetic-shallow,1000,805,literal,none,118,93,25,99e8202
1,arithmetic-shallow,1000,805,literal,gzip,105,80,25,99e8202
1,arithmetic-shallow,1000,806,compact,none,33,4,29,99e8202
1,arithmetic-shallow,1000,806,literal,none,118,93,25,99e8202
1,arithmetic-shallow,1000,806,literal,gzip,107,82,25,99e8202
1,arithmetic-shallow,1000,807,compact,none,33,4,29,99e8202
1,arithmetic-shallow,1000,807,literal,none,118,93,25,99e8202
1,arithmetic-shallow,1000,807,literal,gzip,106,81,25,99e8202
1,arithmetic-shallow,1000,808,compact,none,33,4,29,99e8202
1,arithmetic-shallow,1000,808,literal,none,118,93,25,99e8202
1,arithmetic-shallow,1000,808,literal,gzip,107,82,25,99e8202
1,arithmetic-shallow,1000,809,compact,none,33,4,29,99e8202
1,arithmetic-shallow,1000,809,literal,none,118,93,25,99e8202
1,arithmetic-shallow,1000,809,literal,gzip,107,82,25,99e8202
1,arithmetic-shallow,1000,810,compact,none,33,4,29,99e8202
1,arithmetic-shallow,1000,810,literal,none,118,93,25,99e8202
1,arithmetic-shallow,1000,810,literal,gzip,104,79,25,99e8202
1,arithmetic-shallow,1000,811,compact,none,33,4,29,99e8202
1,arithmetic-shallow,1000,811,literal,none,118,93,25,99e8202
1,arithmetic-shallow,1000,811,literal,gzip,107,82,25,99e8202
1,arithmetic-shallow,1000,812,compact,none,33,4,29,99e8202
1,arithmetic-shallow,1000,812,literal,none,118,93,25,99e8202
1,arithmetic-shallow,1000,812,literal,gzip,107,82,25,99e8202
1,arithmetic-shallow,1000,813,compact,none,33,4,29,99e8202
1,arithmetic-shallow,1000,813,literal,none,118,93,25,99e8202
1,arithmetic-shallow,1000,813,literal,gzip,106,81,25,99e8202
1,arithmetic-shallow,1000,814,compact,none,33,4,29,99e8202
1,arithmetic-shallow,1000,814,literal,none,118,93,25,99e8202
1,arithmetic-shallow,1000,814,literal,gzip,107,82,25,99e8202
1,arithmetic-shallow,1000,815,compact,none,33,4,29,99e8202
1,arithmetic-shallow,1000,815,literal,none,118,93,25,99e8202
1,arithmetic-shallow,1000,815,literal,gzip,105,80,25,99e8202
1,arithmetic-shallow,1000,816,compact,none,33,4,29,99e8202
1,arithmetic-shallow,1000,816,literal,none,118,93,25,99e8202
1,arithmetic-shallow,1000,816,literal,gzip,106,81,25,99e8202
1,arithmetic-shallow,1000,817,compact,none,33,4,29,99e8202
1,arithmetic-shallow,1000,817,literal,none,118,93,25,99e8202
1,arithmetic-shallow,1000,817,literal,gzip,107,82,25,99e8202
1,arithmetic-shallow,1000,818,compact,none,33,4,29,99e8202
1,arithmetic-shallow,1000,818,literal,none,118,93,25,99e8202
1,arithmetic-shallow,1000,818,literal,gzip,107,82,25,99e8202
1,arithmetic-shallow,1000,819,compact,none,33,4,29,99e8202
1,arithmetic-shallow,1000,819,literal,none,118,93,25,99e8202
1,arithmetic-shallow,1000,819,literal,gzip,106,81,25,99e8202
1,arithmetic-shallow,1000,820,compact,none,33,4,29,99e8202
1,arithmetic-shallow,1000,820,literal,none,118,93,25,99e8202
1,arithmetic-shallow,1000,820,literal,gzip,105,80,25,99e8202
1,arithmetic-shallow,1000,821,compact,none,33,4,29,99e8202
1,arithmetic-shallow,1000,821,literal,none,118,93,25,99e8202
1,arithmetic-shallow,1000,821,literal,gzip,107,82,25,99e8202
1,arithmetic-shallow,1000,822,compact,none,33,4,29,99e8202
1,arithmetic-shallow,1000,822,literal,none,118,93,25,99e8202
1,arithmetic-shallow,1000,822,literal,gzip,106,81,25,99e8202
1,arithmetic-shallow,1000,823,compact,none,33,4,29,99e8202
1,arithmetic-shallow,1000,823,literal,none,118,93,25,99e8202
1,arithmetic-shallow,1000,823,literal,gzip,107,82,25,99e8202
1,arithmetic-shallow,1000,824,compact,none,33,4,29,99e8202
1,arithmetic-shallow,1000,824,literal,none,118,93,25,99e8202
1,arithmetic-shallow,1000,824,literal,gzip,107,82,25,99e8202
1,arithmetic-shallow,1000,825,compact,none,33,4,29,99e8202
1,arithmetic-shallow,1000,825,literal,none,118,93,25,99e8202
1,arithmetic-shallow,1000,825,literal,gzip,104,79,25,99e8202
1,arithmetic-shallow,1000,826,compact,none,33,4,29,99e8202
1,arithmetic-shallow,1000,826,literal,none,118,93,25,99e8202
1,arithmetic-shallow,1000,826,literal,gzip,107,82,25,99e8202
1,arithmetic-shallow,1000,827,compact,none,33,4,29,99e8202
1,arithmetic-shallow,1000,827,literal,none,118,93,25,99e8202
1,arithmetic-shallow,1000,827,literal,gzip,107,82,25,99e8202
1,arithmetic-shallow,1000,828,compact,none,33,4,29,99e8202
1,arithmetic-shallow,1000,828,literal,none,118,93,25,99e8202
1,arithmetic-shallow,1000,828,literal,gzip,106,81,25,99e8202
1,arithmetic-shallow,1000,829,compact,none,33,4,29,99e8202
1,arithmetic-shallow,1000,829,literal,none,118,93,25,99e8202
1,arithmetic-shallow,1000,829,literal,gzip,107,82,25,99e8202
1,arithmetic-shallow,1000,830,compact,none,33,4,29,99e8202
1,arithmetic-shallow,1000,830,literal,none,118,93,25,99e8202
1,arithmetic-shallow,1000,830,literal,gzip,105,80,25,99e8202
1,arithmetic-shallow,1000,831,compact,none,33,4,29,99e8202
1,arithmetic-shallow,1000,831,literal,none,118,93,25,99e8202
1,arithmetic-shallow,1000,831,literal,gzip,106,81,25,99e8202
1,arithmetic-shallow,1000,832,compact,none,33,4,29,99e8202
1,arithmetic-shallow,1000,832,literal,none,118,93,25,99e8202
1,arithmetic-shallow,1000,832,literal,gzip,107,82,25,99e8202
1,arithmetic-shallow,1000,833,compact,none,33,4,29,99e8202
1,arithmetic-shallow,1000,833,literal,none,118,93,25,99e8202
1,arithmetic-shallow,1000,833,literal,gzip,107,82,25,99e8202
1,arithmetic-shallow,1000,834,compact,none,33,4,29,99e8202
1,arithmetic-shallow,1000,834,literal,none,118,93,25,99e8202
1,arithmetic-shallow,1000,834,literal,gzip,106,81,25,99e8202
1,arithmetic-shallow,1000,835,compact,none,33,4,29,99e8202
1,arithmetic-shallow,1000,835,literal,none,118,93,25,99e8202
1,arithmetic-shallow,1000,835,literal,gzip,105,80,25,99e8202
1,arithmetic-shallow,1000,836,compact,none,33,4,29,99e8202
1,arithmetic-shallow,1000,836,literal,none,118,93,25,99e8202
1,arithmetic-shallow,1000,836,literal,gzip,107,82,25,99e8202
1,arithmetic-shallow,1000,837,compact,none,33,4,29,99e8202
1,arithmetic-shallow,1000,837,literal,none,118,93,25,99e8202
1,arithmetic-shallow,1000,837,literal,gzip,106,81,25,99e8202
1,arithmetic-shallow,1000,838,compact,none,33,4,29,99e8202
1,arithmetic-shallow,1000,838,literal,none,118,93,25,99e8202
1,arithmetic-shallow,1000,838,literal,gzip,107,82,25,99e8202
1,arithmetic-shallow,1000,839,compact,none,33,4,29,99e8202
1,arithmetic-shallow,1000,839,literal,none,118,93,25,99e8202
1,arithmetic-shallow,1000,839,literal,gzip,107,82,25,99e8202
1,arithmetic-shallow,1000,840,compact,none,33,4,29,99e8202
1,arithmetic-shallow,1000,840,literal,none,118,93,25,99e8202
1,arithmetic-shallow,1000,840,literal,gzip,104,79,25,99e8202
1,arithmetic-shallow,1000,841,compact,none,33,4,29,99e8202
1,arithmetic-shallow,1000,841,literal,none,118,93,25,99e8202
1,arithmetic-shallow,1000,841,literal,gzip,107,82,25,99e8202
1,arithmetic-shallow,1000,842,compact,none,33,4,29,99e8202
1,arithmetic-shallow,1000,842,literal,none,118,93,25,99e8202
1,arithmetic-shallow,1000,842,literal,gzip,107,82,25,99e8202
1,arithmetic-shallow,1000,843,compact,none,33,4,29,99e8202
1,arithmetic-shallow,1000,843,literal,none,118,93,25,99e8202
1,arithmetic-shallow,1000,843,literal,gzip,106,81,25,99e8202
1,arithmetic-shallow,1000,844,compact,none,33,4,29,99e8202
1,arithmetic-shallow,1000,844,literal,none,118,93,25,99e8202
1,arithmetic-shallow,1000,844,literal,gzip,107,82,25,99e8202
1,arithmetic-shallow,1000,845,compact,none,33,4,29,99e8202
1,arithmetic-shallow,1000,845,literal,none,118,93,25,99e8202
1,arithmetic-shallow,1000,845,literal,gzip,105,80,25,99e8202
1,arithmetic-shallow,1000,846,compact,none,33,4,29,99e8202
1,arithmetic-shallow,1000,846,literal,none,118,93,25,99e8202
1,arithmetic-shallow,1000,846,literal,gzip,106,81,25,99e8202
1,arithmetic-shallow,1000,847,compact,none,33,4,29,99e8202
1,arithmetic-shallow,1000,847,literal,none,118,93,25,99e8202
1,arithmetic-shallow,1000,847,literal,gzip,107,82,25,99e8202
1,arithmetic-shallow,1000,848,compact,none,33,4,29,99e8202
1,arithmetic-shallow,1000,848,literal,none,118,93,25,99e8202
1,arithmetic-shallow,1000,848,literal,gzip,107,82,25,99e8202
1,arithmetic-shallow,1000,849,compact,none,33,4,29,99e8202
1,arithmetic-shallow,1000,849,literal,none,118,93,25,99e8202
1,arithmetic-shallow,1000,849,literal,gzip,106,81,25,99e8202
1,arithmetic-shallow,1000,850,compact,none,33,4,29,99e8202
1,arithmetic-shallow,1000,850,literal,none,118,93,25,99e8202
1,arithmetic-shallow,1000,850,literal,gzip,105,80,25,99e8202
1,arithmetic-shallow,1000,851,compact,none,33,4,29,99e8202
1,arithmetic-shallow,1000,851,literal,none,118,93,25,99e8202
1,arithmetic-shallow,1000,851,literal,gzip,107,82,25,99e8202
1,arithmetic-shallow,1000,852,compact,none,33,4,29,99e8202
1,arithmetic-shallow,1000,852,literal,none,118,93,25,99e8202
1,arithmetic-shallow,1000,852,literal,gzip,106,81,25,99e8202
1,arithmetic-shallow,1000,853,compact,none,33,4,29,99e8202
1,arithmetic-shallow,1000,853,literal,none,118,93,25,99e8202
1,arithmetic-shallow,1000,853,literal,gzip,107,82,25,99e8202
1,arithmetic-shallow,1000,854,compact,none,33,4,29,99e8202
1,arithmetic-shallow,1000,854,literal,none,118,93,25,99e8202
1,arithmetic-shallow,1000,854,literal,gzip,107,82,25,99e8202
1,arithmetic-shallow,1000,855,compact,none,33,4,29,99e8202
1,arithmetic-shallow,1000,855,literal,none,118,93,25,99e8202
1,arithmetic-shallow,1000,855,literal,gzip,104,79,25,99e8202
1,arithmetic-shallow,1000,856,compact,none,33,4,29,99e8202
1,arithmetic-shallow,1000,856,literal,none,118,93,25,99e8202
1,arithmetic-shallow,1000,856,literal,gzip,107,82,25,99e8202
1,arithmetic-shallow,1000,857,compact,none,33,4,29,99e8202
1,arithmetic-shallow,1000,857,literal,none,118,93,25,99e8202
1,arithmetic-shallow,1000,857,literal,gzip,107,82,25,99e8202
1,arithmetic-shallow,1000,858,compact,none,33,4,29,99e8202
1,arithmetic-shallow,1000,858,literal,none,118,93,25,99e8202
1,arithmetic-shallow,1000,858,literal,gzip,106,81,25,99e8202
1,arithmetic-shallow,1000,859,compact,none,33,4,29,99e8202
1,arithmetic-shallow,1000,859,literal,none,118,93,25,99e8202
1,arithmetic-shallow,1000,859,literal,gzip,107,82,25,99e8202
1,arithmetic-shallow,1000,860,compact,none,33,4,29,99e8202
1,arithmetic-shallow,1000,860,literal,none,118,93,25,99e8202
1,arithmetic-shallow,1000,860,literal,gzip,105,80,25,99e8202
1,arithmetic-shallow,1000,861,compact,none,33,4,29,99e8202
1,arithmetic-shallow,1000,861,literal,none,118,93,25,99e8202
1,arithmetic-shallow,1000,861,literal,gzip,106,81,25,99e8202
1,arithmetic-shallow,1000,862,compact,none,33,4,29,99e8202
1,arithmetic-shallow,1000,862,literal,none,118,93,25,99e8202
1,arithmetic-shallow,1000,862,literal,gzip,107,82,25,99e8202
1,arithmetic-shallow,1000,863,compact,none,33,4,29,99e8202
1,arithmetic-shallow,1000,863,literal,none,118,93,25,99e8202
1,arithmetic-shallow,1000,863,literal,gzip,107,82,25,99e8202
1,arithmetic-shallow,1000,864,compact,none,33,4,29,99e8202
1,arithmetic-shallow,1000,864,literal,none,118,93,25,99e8202
1,arithmetic-shallow,1000,864,literal,gzip,106,81,25,99e8202
1,arithmetic-shallow,1000,865,compact,none,33,4,29,99e8202
1,arithmetic-shallow,1000,865,literal,none,118,93,25,99e8202
1,arithmetic-shallow,1000,865,literal,gzip,105,80,25,99e8202
1,arithmetic-shallow,1000,866,compact,none,33,4,29,99e8202
1,arithmetic-shallow,1000,866,literal,none,118,93,25,99e8202
1,arithmetic-shallow,1000,866,literal,gzip,107,82,25,99e8202
1,arithmetic-shallow,1000,867,compact,none,33,4,29,99e8202
1,arithmetic-shallow,1000,867,literal,none,118,93,25,99e8202
1,arithmetic-shallow,1000,867,literal,gzip,106,81,25,99e8202
1,arithmetic-shallow,1000,868,compact,none,33,4,29,99e8202
1,arithmetic-shallow,1000,868,literal,none,118,93,25,99e8202
1,arithmetic-shallow,1000,868,literal,gzip,107,82,25,99e8202
1,arithmetic-shallow,1000,869,compact,none,33,4,29,99e8202
1,arithmetic-shallow,1000,869,literal,none,118,93,25,99e8202
1,arithmetic-shallow,1000,869,literal,gzip,107,82,25,99e8202
1,arithmetic-shallow,1000,870,compact,none,33,4,29,99e8202
1,arithmetic-shallow,1000,870,literal,none,118,93,25,99e8202
1,arithmetic-shallow,1000,870,literal,gzip,104,79,25,99e8202
1,arithmetic-shallow,1000,871,compact,none,33,4,29,99e8202
1,arithmetic-shallow,1000,871,literal,none,118,93,25,99e8202
1,arithmetic-shallow,1000,871,literal,gzip,107,82,25,99e8202
1,arithmetic-shallow,1000,872,compact,none,33,4,29,99e8202
1,arithmetic-shallow,1000,872,literal,none,118,93,25,99e8202
1,arithmetic-shallow,1000,872,literal,gzip,107,82,25,99e8202
1,arithmetic-shallow,1000,873,compact,none,33,4,29,99e8202
1,arithmetic-shallow,1000,873,literal,none,118,93,25,99e8202
1,arithmetic-shallow,1000,873,literal,gzip,106,81,25,99e8202
1,arithmetic-shallow,1000,874,compact,none,33,4,29,99e8202
1,arithmetic-shallow,1000,874,literal,none,118,93,25,99e8202
1,arithmetic-shallow,1000,874,literal,gzip,107,82,25,99e8202
1,arithmetic-shallow,1000,875,compact,none,33,4,29,99e8202
1,arithmetic-shallow,1000,875,literal,none,118,93,25,99e8202
1,arithmetic-shallow,1000,875,literal,gzip,105,80,25,99e8202
1,arithmetic-shallow,1000,876,compact,none,33,4,29,99e8202
1,arithmetic-shallow,1000,876,literal,none,118,93,25,99e8202
1,arithmetic-shallow,1000,876,literal,gzip,106,81,25,99e8202
1,arithmetic-shallow,1000,877,compact,none,33,4,29,99e8202
1,arithmetic-shallow,1000,877,literal,none,118,93,25,99e8202
1,arithmetic-shallow,1000,877,literal,gzip,107,82,25,99e8202
1,arithmetic-shallow,1000,878,compact,none,33,4,29,99e8202
1,arithmetic-shallow,1000,878,literal,none,118,93,25,99e8202
1,arithmetic-shallow,1000,878,literal,gzip,107,82,25,99e8202
1,arithmetic-shallow,1000,879,compact,none,33,4,29,99e8202
1,arithmetic-shallow,1000,879,literal,none,118,93,25,99e8202
1,arithmetic-shallow,1000,879,literal,gzip,106,81,25,99e8202
1,arithmetic-shallow,1000,880,compact,none,33,4,29,99e8202
1,arithmetic-shallow,1000,880,literal,none,118,93,25,99e8202
1,arithmetic-shallow,1000,880,literal,gzip,105,80,25,99e8202
1,arithmetic-shallow,1000,881,compact,none,33,4,29,99e8202
1,arithmetic-shallow,1000,881,literal,none,118,93,25,99e8202
1,arithmetic-shallow,1000,881,literal,gzip,107,82,25,99e8202
1,arithmetic-shallow,1000,882,compact,none,33,4,29,99e8202
1,arithmetic-shallow,1000,882,literal,none,118,93,25,99e8202
1,arithmetic-shallow,1000,882,literal,gzip,106,81,25,99e8202
1,arithmetic-shallow,1000,883,compact,none,33,4,29,99e8202
1,arithmetic-shallow,1000,883,literal,none,118,93,25,99e8202
1,arithmetic-shallow,1000,883,literal,gzip,107,82,25,99e8202
1,arithmetic-shallow,1000,884,compact,none,33,4,29,99e8202
1,arithmetic-shallow,1000,884,literal,none,118,93,25,99e8202
1,arithmetic-shallow,1000,884,literal,gzip,107,82,25,99e8202
1,arithmetic-shallow,1000,885,compact,none,33,4,29,99e8202
1,arithmetic-shallow,1000,885,literal,none,118,93,25,99e8202
1,arithmetic-shallow,1000,885,literal,gzip,104,79,25,99e8202
1,arithmetic-shallow,1000,886,compact,none,33,4,29,99e8202
1,arithmetic-shallow,1000,886,literal,none,118,93,25,99e8202
1,arithmetic-shallow,1000,886,literal,gzip,107,82,25,99e8202
1,arithmetic-shallow,1000,887,compact,none,33,4,29,99e8202
1,arithmetic-shallow,1000,887,literal,none,118,93,25,99e8202
1,arithmetic-shallow,1000,887,literal,gzip,107,82,25,99e8202
1,arithmetic-shallow,1000,888,compact,none,33,4,29,99e8202
1,arithmetic-shallow,1000,888,literal,none,118,93,25,99e8202
1,arithmetic-shallow,1000,888,literal,gzip,106,81,25,99e8202
1,arithmetic-shallow,1000,889,compact,none,33,4,29,99e8202
1,arithmetic-shallow,1000,889,literal,none,118,93,25,99e8202
1,arithmetic-shallow,1000,889,literal,gzip,107,82,25,99e8202
1,arithmetic-shallow,1000,890,compact,none,33,4,29,99e8202
1,arithmetic-shallow,1000,890,literal,none,118,93,25,99e8202
1,arithmetic-shallow,1000,890,literal,gzip,105,80,25,99e8202
1,arithmetic-shallow,1000,891,compact,none,33,4,29,99e8202
1,arithmetic-shallow,1000,891,literal,none,118,93,25,99e8202
1,arithmetic-shallow,1000,891,literal,gzip,106,81,25,99e8202
1,arithmetic-shallow,1000,892,compact,none,33,4,29,99e8202
1,arithmetic-shallow,1000,892,literal,none,118,93,25,99e8202
1,arithmetic-shallow,1000,892,literal,gzip,107,82,25,99e8202
1,arithmetic-shallow,1000,893,compact,none,33,4,29,99e8202
1,arithmetic-shallow,1000,893,literal,none,118,93,25,99e8202
1,arithmetic-shallow,1000,893,literal,gzip,107,82,25,99e8202
1,arithmetic-shallow,1000,894,compact,none,33,4,29,99e8202
1,arithmetic-shallow,1000,894,literal,none,118,93,25,99e8202
1,arithmetic-shallow,1000,894,literal,gzip,106,81,25,99e8202
1,arithmetic-shallow,1000,895,compact,none,33,4,29,99e8202
1,arithmetic-shallow,1000,895,literal,none,118,93,25,99e8202
1,arithmetic-shallow,1000,895,literal,gzip,105,80,25,99e8202
1,arithmetic-shallow,1000,896,compact,none,33,4,29,99e8202
1,arithmetic-shallow,1000,896,literal,none,118,93,25,99e8202
1,arithmetic-shallow,1000,896,literal,gzip,107,82,25,99e8202
1,arithmetic-shallow,1000,897,compact,none,33,4,29,99e8202
1,arithmetic-shallow,1000,897,literal,none,118,93,25,99e8202
1,arithmetic-shallow,1000,897,literal,gzip,106,81,25,99e8202
1,arithmetic-shallow,1000,898,compact,none,33,4,29,99e8202
1,arithmetic-shallow,1000,898,literal,none,118,93,25,99e8202
1,arithmetic-shallow,1000,898,literal,gzip,107,82,25,99e8202
1,arithmetic-shallow,1000,899,compact,none,33,4,29,99e8202
1,arithmetic-shallow,1000,899,literal,none,118,93,25,99e8202
1,arithmetic-shallow,1000,899,literal,gzip,107,82,25,99e8202
1,arithmetic-shallow,1000,900,compact,none,33,4,29,99e8202
1,arithmetic-shallow,1000,900,literal,none,118,93,25,99e8202
1,arithmetic-shallow,1000,900,literal,gzip,104,79,25,99e8202
1,arithmetic-shallow,1000,901,compact,none,33,4,29,99e8202
1,arithmetic-shallow,1000,901,literal,none,118,93,25,99e8202
1,arithmetic-shallow,1000,901,literal,gzip,107,82,25,99e8202
1,arithmetic-shallow,1000,902,compact,none,33,4,29,99e8202
1,arithmetic-shallow,1000,902,literal,none,118,93,25,99e8202
1,arithmetic-shallow,1000,902,literal,gzip,107,82,25,99e8202
1,arithmetic-shallow,1000,903,compact,none,33,4,29,99e8202
1,arithmetic-shallow,1000,903,literal,none,118,93,25,99e8202
1,arithmetic-shallow,1000,903,literal,gzip,106,81,25,99e8202
1,arithmetic-shallow,1000,904,compact,none,33,4,29,99e8202
1,arithmetic-shallow,1000,904,literal,none,118,93,25,99e8202
1,arithmetic-shallow,1000,904,literal,gzip,107,82,25,99e8202
1,arithmetic-shallow,1000,905,compact,none,33,4,29,99e8202
1,arithmetic-shallow,1000,905,literal,none,118,93,25,99e8202
1,arithmetic-shallow,1000,905,literal,gzip,105,80,25,99e8202
1,arithmetic-shallow,1000,906,compact,none,33,4,29,99e8202
1,arithmetic-shallow,1000,906,literal,none,118,93,25,99e8202
1,arithmetic-shallow,1000,906,literal,gzip,106,81,25,99e8202
1,arithmetic-shallow,1000,907,compact,none,33,4,29,99e8202
1,arithmetic-shallow,1000,907,literal,none,118,93,25,99e8202
1,arithmetic-shallow,1000,907,literal,gzip,107,82,25,99e8202
1,arithmetic-shallow,1000,908,compact,none,33,4,29,99e8202
1,arithmetic-shallow,1000,908,literal,none,118,93,25,99e8202
1,arithmetic-shallow,1000,908,literal,gzip,107,82,25,99e8202
1,arithmetic-shallow,1000,909,compact,none,33,4,29,99e8202
1,arithmetic-shallow,1000,909,literal,none,118,93,25,99e8202
1,arithmetic-shallow,1000,909,literal,gzip,106,81,25,99e8202
1,arithmetic-shallow,1000,910,compact,none,33,4,29,99e8202
1,arithmetic-shallow,1000,910,literal,none,118,93,25,99e8202
1,arithmetic-shallow,1000,910,literal,gzip,105,80,25,99e8202
1,arithmetic-shallow,1000,911,compact,none,33,4,29,99e8202
1,arithmetic-shallow,1000,911,literal,none,118,93,25,99e8202
1,arithmetic-shallow,1000,911,literal,gzip,107,82,25,99e8202
1,arithmetic-shallow,1000,912,compact,none,33,4,29,99e8202
1,arithmetic-shallow,1000,912,literal,none,118,93,25,99e8202
1,arithmetic-shallow,1000,912,literal,gzip,106,81,25,99e8202
1,arithmetic-shallow,1000,913,compact,none,33,4,29,99e8202
1,arithmetic-shallow,1000,913,literal,none,118,93,25,99e8202
1,arithmetic-shallow,1000,913,literal,gzip,107,82,25,99e8202
1,arithmetic-shallow,1000,914,compact,none,33,4,29,99e8202
1,arithmetic-shallow,1000,914,literal,none,118,93,25,99e8202
1,arithmetic-shallow,1000,914,literal,gzip,107,82,25,99e8202
1,arithmetic-shallow,1000,915,compact,none,33,4,29,99e8202
1,arithmetic-shallow,1000,915,literal,none,118,93,25,99e8202
1,arithmetic-shallow,1000,915,literal,gzip,104,79,25,99e8202
1,arithmetic-shallow,1000,916,compact,none,33,4,29,99e8202
1,arithmetic-shallow,1000,916,literal,none,118,93,25,99e8202
1,arithmetic-shallow,1000,916,literal,gzip,107,82,25,99e8202
1,arithmetic-shallow,1000,917,compact,none,33,4,29,99e8202
1,arithmetic-shallow,1000,917,literal,none,118,93,25,99e8202
1,arithmetic-shallow,1000,917,literal,gzip,107,82,25,99e8202
1,arithmetic-shallow,1000,918,compact,none,33,4,29,99e8202
1,arithmetic-shallow,1000,918,literal,none,118,93,25,99e8202
1,arithmetic-shallow,1000,918,literal,gzip,106,81,25,99e8202
1,arithmetic-shallow,1000,919,compact,none,33,4,29,99e8202
1,arithmetic-shallow,1000,919,literal,none,118,93,25,99e8202
1,arithmetic-shallow,1000,919,literal,gzip,107,82,25,99e8202
1,arithmetic-shallow,1000,920,compact,none,33,4,29,99e8202
1,arithmetic-shallow,1000,920,literal,none,118,93,25,99e8202
1,arithmetic-shallow,1000,920,literal,gzip,105,80,25,99e8202
1,arithmetic-shallow,1000,921,compact,none,33,4,29,99e8202
1,arithmetic-shallow,1000,921,literal,none,118,93,25,99e8202
1,arithmetic-shallow,1000,921,literal,gzip,106,81,25,99e8202
1,arithmetic-shallow,1000,922,compact,none,33,4,29,99e8202
1,arithmetic-shallow,1000,922,literal,none,118,93,25,99e8202
1,arithmetic-shallow,1000,922,literal,gzip,107,82,25,99e8202
1,arithmetic-shallow,1000,923,compact,none,33,4,29,99e8202
1,arithmetic-shallow,1000,923,literal,none,118,93,25,99e8202
1,arithmetic-shallow,1000,923,literal,gzip,107,82,25,99e8202
1,arithmetic-shallow,1000,924,compact,none,33,4,29,99e8202
1,arithmetic-shallow,1000,924,literal,none,118,93,25,99e8202
1,arithmetic-shallow,1000,924,literal,gzip,106,81,25,99e8202
1,arithmetic-shallow,1000,925,compact,none,33,4,29,99e8202
1,arithmetic-shallow,1000,925,literal,none,118,93,25,99e8202
1,arithmetic-shallow,1000,925,literal,gzip,105,80,25,99e8202
1,arithmetic-shallow,1000,926,compact,none,33,4,29,99e8202
1,arithmetic-shallow,1000,926,literal,none,118,93,25,99e8202
1,arithmetic-shallow,1000,926,literal,gzip,107,82,25,99e8202
1,arithmetic-shallow,1000,927,compact,none,33,4,29,99e8202
1,arithmetic-shallow,1000,927,literal,none,118,93,25,99e8202
1,arithmetic-shallow,1000,927,literal,gzip,106,81,25,99e8202
1,arithmetic-shallow,1000,928,compact,none,33,4,29,99e8202
1,arithmetic-shallow,1000,928,literal,none,118,93,25,99e8202
1,arithmetic-shallow,1000,928,literal,gzip,107,82,25,99e8202
1,arithmetic-shallow,1000,929,compact,none,33,4,29,99e8202
1,arithmetic-shallow,1000,929,literal,none,118,93,25,99e8202
1,arithmetic-shallow,1000,929,literal,gzip,107,82,25,99e8202
1,arithmetic-shallow,1000,930,compact,none,33,4,29,99e8202
1,arithmetic-shallow,1000,930,literal,none,118,93,25,99e8202
1,arithmetic-shallow,1000,930,literal,gzip,104,79,25,99e8202
1,arithmetic-shallow,1000,931,compact,none,33,4,29,99e8202
1,arithmetic-shallow,1000,931,literal,none,118,93,25,99e8202
1,arithmetic-shallow,1000,931,literal,gzip,107,82,25,99e8202
1,arithmetic-shallow,1000,932,compact,none,33,4,29,99e8202
1,arithmetic-shallow,1000,932,literal,none,118,93,25,99e8202
1,arithmetic-shallow,1000,932,literal,gzip,107,82,25,99e8202
1,arithmetic-shallow,1000,933,compact,none,33,4,29,99e8202
1,arithmetic-shallow,1000,933,literal,none,118,93,25,99e8202
1,arithmetic-shallow,1000,933,literal,gzip,106,81,25,99e8202
1,arithmetic-shallow,1000,934,compact,none,33,4,29,99e8202
1,arithmetic-shallow,1000,934,literal,none,118,93,25,99e8202
1,arithmetic-shallow,1000,934,literal,gzip,107,82,25,99e8202
1,arithmetic-shallow,1000,935,compact,none,33,4,29,99e8202
1,arithmetic-shallow,1000,935,literal,none,118,93,25,99e8202
1,arithmetic-shallow,1000,935,literal,gzip,105,80,25,99e8202
1,arithmetic-shallow,1000,936,compact,none,33,4,29,99e8202
1,arithmetic-shallow,1000,936,literal,none,118,93,25,99e8202
1,arithmetic-shallow,1000,936,literal,gzip,106,81,25,99e8202
1,arithmetic-shallow,1000,937,compact,none,33,4,29,99e8202
1,arithmetic-shallow,1000,937,literal,none,118,93,25,99e8202
1,arithmetic-shallow,1000,937,literal,gzip,107,82,25,99e8202
1,arithmetic-shallow,1000,938,compact,none,33,4,29,99e8202
1,arithmetic-shallow,1000,938,literal,none,118,93,25,99e8202
1,arithmetic-shallow,1000,938,literal,gzip,107,82,25,99e8202
1,arithmetic-shallow,1000,939,compact,none,33,4,29,99e8202
1,arithmetic-shallow,1000,939,literal,none,118,93,25,99e8202
1,arithmetic-shallow,1000,939,literal,gzip,106,81,25,99e8202
1,arithmetic-shallow,1000,940,compact,none,33,4,29,99e8202
1,arithmetic-shallow,1000,940,literal,none,118,93,25,99e8202
1,arithmetic-shallow,1000,940,literal,gzip,105,80,25,99e8202
1,arithmetic-shallow,1000,941,compact,none,33,4,29,99e8202
1,arithmetic-shallow,1000,941,literal,none,118,93,25,99e8202
1,arithmetic-shallow,1000,941,literal,gzip,107,82,25,99e8202
1,arithmetic-shallow,1000,942,compact,none,33,4,29,99e8202
1,arithmetic-shallow,1000,942,literal,none,118,93,25,99e8202
1,arithmetic-shallow,1000,942,literal,gzip,106,81,25,99e8202
1,arithmetic-shallow,1000,943,compact,none,33,4,29,99e8202
1,arithmetic-shallow,1000,943,literal,none,118,93,25,99e8202
1,arithmetic-shallow,1000,943,literal,gzip,107,82,25,99e8202
1,arithmetic-shallow,1000,944,compact,none,33,4,29,99e8202
1,arithmetic-shallow,1000,944,literal,none,118,93,25,99e8202
1,arithmetic-shallow,1000,944,literal,gzip,107,82,25,99e8202
1,arithmetic-shallow,1000,945,compact,none,33,4,29,99e8202
1,arithmetic-shallow,1000,945,literal,none,118,93,25,99e8202
1,arithmetic-shallow,1000,945,literal,gzip,104,79,25,99e8202
1,arithmetic-shallow,1000,946,compact,none,33,4,29,99e8202
1,arithmetic-shallow,1000,946,literal,none,118,93,25,99e8202
1,arithmetic-shallow,1000,946,literal,gzip,107,82,25,99e8202
1,arithmetic-shallow,1000,947,compact,none,33,4,29,99e8202
1,arithmetic-shallow,1000,947,literal,none,118,93,25,99e8202
1,arithmetic-shallow,1000,947,literal,gzip,107,82,25,99e8202
1,arithmetic-shallow,1000,948,compact,none,33,4,29,99e8202
1,arithmetic-shallow,1000,948,literal,none,118,93,25,99e8202
1,arithmetic-shallow,1000,948,literal,gzip,106,81,25,99e8202
1,arithmetic-shallow,1000,949,compact,none,33,4,29,99e8202
1,arithmetic-shallow,1000,949,literal,none,118,93,25,99e8202
1,arithmetic-shallow,1000,949,literal,gzip,107,82,25,99e8202
1,arithmetic-shallow,1000,950,compact,none,33,4,29,99e8202
1,arithmetic-shallow,1000,950,literal,none,118,93,25,99e8202
1,arithmetic-shallow,1000,950,literal,gzip,105,80,25,99e8202
1,arithmetic-shallow,1000,951,compact,none,33,4,29,99e8202
1,arithmetic-shallow,1000,951,literal,none,118,93,25,99e8202
1,arithmetic-shallow,1000,951,literal,gzip,106,81,25,99e8202
1,arithmetic-shallow,1000,952,compact,none,33,4,29,99e8202
1,arithmetic-shallow,1000,952,literal,none,118,93,25,99e8202
1,arithmetic-shallow,1000,952,literal,gzip,107,82,25,99e8202
1,arithmetic-shallow,1000,953,compact,none,33,4,29,99e8202
1,arithmetic-shallow,1000,953,literal,none,118,93,25,99e8202
1,arithmetic-shallow,1000,953,literal,gzip,107,82,25,99e8202
1,arithmetic-shallow,1000,954,compact,none,33,4,29,99e8202
1,arithmetic-shallow,1000,954,literal,none,118,93,25,99e8202
1,arithmetic-shallow,1000,954,literal,gzip,106,81,25,99e8202
1,arithmetic-shallow,1000,955,compact,none,33,4,29,99e8202
1,arithmetic-shallow,1000,955,literal,none,118,93,25,99e8202
1,arithmetic-shallow,1000,955,literal,gzip,105,80,25,99e8202
1,arithmetic-shallow,1000,956,compact,none,33,4,29,99e8202
1,arithmetic-shallow,1000,956,literal,none,118,93,25,99e8202
1,arithmetic-shallow,1000,956,literal,gzip,107,82,25,99e8202
1,arithmetic-shallow,1000,957,compact,none,33,4,29,99e8202
1,arithmetic-shallow,1000,957,literal,none,118,93,25,99e8202
1,arithmetic-shallow,1000,957,literal,gzip,106,81,25,99e8202
1,arithmetic-shallow,1000,958,compact,none,33,4,29,99e8202
1,arithmetic-shallow,1000,958,literal,none,118,93,25,99e8202
1,arithmetic-shallow,1000,958,literal,gzip,107,82,25,99e8202
1,arithmetic-shallow,1000,959,compact,none,33,4,29,99e8202
1,arithmetic-shallow,1000,959,literal,none,118,93,25,99e8202
1,arithmetic-shallow,1000,959,literal,gzip,107,82,25,99e8202
1,arithmetic-shallow,1000,960,compact,none,33,4,29,99e8202
1,arithmetic-shallow,1000,960,literal,none,118,93,25,99e8202
1,arithmetic-shallow,1000,960,literal,gzip,104,79,25,99e8202
1,arithmetic-shallow,1000,961,compact,none,33,4,29,99e8202
1,arithmetic-shallow,1000,961,literal,none,118,93,25,99e8202
1,arithmetic-shallow,1000,961,literal,gzip,107,82,25,99e8202
1,arithmetic-shallow,1000,962,compact,none,33,4,29,99e8202
1,arithmetic-shallow,1000,962,literal,none,118,93,25,99e8202
1,arithmetic-shallow,1000,962,literal,gzip,107,82,25,99e8202
1,arithmetic-shallow,1000,963,compact,none,33,4,29,99e8202
1,arithmetic-shallow,1000,963,literal,none,118,93,25,99e8202
1,arithmetic-shallow,1000,963,literal,gzip,106,81,25,99e8202
1,arithmetic-shallow,1000,964,compact,none,33,4,29,99e8202
1,arithmetic-shallow,1000,964,literal,none,118,93,25,99e8202
1,arithmetic-shallow,1000,964,literal,gzip,107,82,25,99e8202
1,arithmetic-shallow,1000,965,compact,none,33,4,29,99e8202
1,arithmetic-shallow,1000,965,literal,none,118,93,25,99e8202
1,arithmetic-shallow,1000,965,literal,gzip,105,80,25,99e8202
1,arithmetic-shallow,1000,966,compact,none,33,4,29,99e8202
1,arithmetic-shallow,1000,966,literal,none,118,93,25,99e8202
1,arithmetic-shallow,1000,966,literal,gzip,106,81,25,99e8202
1,arithmetic-shallow,1000,967,compact,none,33,4,29,99e8202
1,arithmetic-shallow,1000,967,literal,none,118,93,25,99e8202
1,arithmetic-shallow,1000,967,literal,gzip,107,82,25,99e8202
1,arithmetic-shallow,1000,968,compact,none,33,4,29,99e8202
1,arithmetic-shallow,1000,968,literal,none,118,93,25,99e8202
1,arithmetic-shallow,1000,968,literal,gzip,107,82,25,99e8202
1,arithmetic-shallow,1000,969,compact,none,33,4,29,99e8202
1,arithmetic-shallow,1000,969,literal,none,118,93,25,99e8202
1,arithmetic-shallow,1000,969,literal,gzip,106,81,25,99e8202
1,arithmetic-shallow,1000,970,compact,none,33,4,29,99e8202
1,arithmetic-shallow,1000,970,literal,none,118,93,25,99e8202
1,arithmetic-shallow,1000,970,literal,gzip,105,80,25,99e8202
1,arithmetic-shallow,1000,971,compact,none,33,4,29,99e8202
1,arithmetic-shallow,1000,971,literal,none,118,93,25,99e8202
1,arithmetic-shallow,1000,971,literal,gzip,107,82,25,99e8202
1,arithmetic-shallow,1000,972,compact,none,33,4,29,99e8202
1,arithmetic-shallow,1000,972,literal,none,118,93,25,99e8202
1,arithmetic-shallow,1000,972,literal,gzip,106,81,25,99e8202
1,arithmetic-shallow,1000,973,compact,none,33,4,29,99e8202
1,arithmetic-shallow,1000,973,literal,none,118,93,25,99e8202
1,arithmetic-shallow,1000,973,literal,gzip,107,82,25,99e8202
1,arithmetic-shallow,1000,974,compact,none,33,4,29,99e8202
1,arithmetic-shallow,1000,974,literal,none,118,93,25,99e8202
1,arithmetic-shallow,1000,974,literal,gzip,107,82,25,99e8202
1,arithmetic-shallow,1000,975,compact,none,33,4,29,99e8202
1,arithmetic-shallow,1000,975,literal,none,118,93,25,99e8202
1,arithmetic-shallow,1000,975,literal,gzip,104,79,25,99e8202
1,arithmetic-shallow,1000,976,compact,none,33,4,29,99e8202
1,arithmetic-shallow,1000,976,literal,none,118,93,25,99e8202
1,arithmetic-shallow,1000,976,literal,gzip,107,82,25,99e8202
1,arithmetic-shallow,1000,977,compact,none,33,4,29,99e8202
1,arithmetic-shallow,1000,977,literal,none,118,93,25,99e8202
1,arithmetic-shallow,1000,977,literal,gzip,107,82,25,99e8202
1,arithmetic-shallow,1000,978,compact,none,33,4,29,99e8202
1,arithmetic-shallow,1000,978,literal,none,118,93,25,99e8202
1,arithmetic-shallow,1000,978,literal,gzip,106,81,25,99e8202
1,arithmetic-shallow,1000,979,compact,none,33,4,29,99e8202
1,arithmetic-shallow,1000,979,literal,none,118,93,25,99e8202
1,arithmetic-shallow,1000,979,literal,gzip,107,82,25,99e8202
1,arithmetic-shallow,1000,980,compact,none,33,4,29,99e8202
1,arithmetic-shallow,1000,980,literal,none,118,93,25,99e8202
1,arithmetic-shallow,1000,980,literal,gzip,105,80,25,99e8202
1,arithmetic-shallow,1000,981,compact,none,33,4,29,99e8202
1,arithmetic-shallow,1000,981,literal,none,118,93,25,99e8202
1,arithmetic-shallow,1000,981,literal,gzip,106,81,25,99e8202
1,arithmetic-shallow,1000,982,compact,none,33,4,29,99e8202
1,arithmetic-shallow,1000,982,literal,none,118,93,25,99e8202
1,arithmetic-shallow,1000,982,literal,gzip,107,82,25,99e8202
1,arithmetic-shallow,1000,983,compact,none,33,4,29,99e8202
1,arithmetic-shallow,1000,983,literal,none,118,93,25,99e8202
1,arithmetic-shallow,1000,983,literal,gzip,107,82,25,99e8202
1,arithmetic-shallow,1000,984,compact,none,33,4,29,99e8202
1,arithmetic-shallow,1000,984,literal,none,118,93,25,99e8202
1,arithmetic-shallow,1000,984,literal,gzip,106,81,25,99e8202
1,arithmetic-shallow,1000,985,compact,none,33,4,29,99e8202
1,arithmetic-shallow,1000,985,literal,none,118,93,25,99e8202
1,arithmetic-shallow,1000,985,literal,gzip,105,80,25,99e8202
1,arithmetic-shallow,1000,986,compact,none,33,4,29,99e8202
1,arithmetic-shallow,1000,986,literal,none,118,93,25,99e8202
1,arithmetic-shallow,1000,986,literal,gzip,107,82,25,99e8202
1,arithmetic-shallow,1000,987,compact,none,33,4,29,99e8202
1,arithmetic-shallow,1000,987,literal,none,118,93,25,99e8202
1,arithmetic-shallow,1000,987,literal,gzip,106,81,25,99e8202
1,arithmetic-shallow,1000,988,compact,none,33,4,29,99e8202
1,arithmetic-shallow,1000,988,literal,none,118,93,25,99e8202
1,arithmetic-shallow,1000,988,literal,gzip,107,82,25,99e8202
1,arithmetic-shallow,1000,989,compact,none,33,4,29,99e8202
1,arithmetic-shallow,1000,989,literal,none,118,93,25,99e8202
1,arithmetic-shallow,1000,989,literal,gzip,107,82,25,99e8202
1,arithmetic-shallow,1000,990,compact,none,33,4,29,99e8202
1,arithmetic-shallow,1000,990,literal,none,118,93,25,99e8202
1,arithmetic-shallow,1000,990,literal,gzip,104,79,25,99e8202
1,arithmetic-shallow,1000,991,compact,none,33,4,29,99e8202
1,arithmetic-shallow,1000,991,literal,none,118,93,25,99e8202
1,arithmetic-shallow,1000,991,literal,gzip,107,82,25,99e8202
1,arithmetic-shallow,1000,992,compact,none,33,4,29,99e8202
1,arithmetic-shallow,1000,992,literal,none,118,93,25,99e8202
1,arithmetic-shallow,1000,992,literal,gzip,107,82,25,99e8202
1,arithmetic-shallow,1000,993,compact,none,33,4,29,99e8202
1,arithmetic-shallow,1000,993,literal,none,118,93,25,99e8202
1,arithmetic-shallow,1000,993,literal,gzip,106,81,25,99e8202
1,arithmetic-shallow,1000,994,compact,none,33,4,29,99e8202
1,arithmetic-shallow,1000,994,literal,none,118,93,25,99e8202
1,arithmetic-shallow,1000,994,literal,gzip,107,82,25,99e8202
1,arithmetic-shallow,1000,995,compact,none,33,4,29,99e8202
1,arithmetic-shallow,1000,995,literal,none,118,93,25,99e8202
1,arithmetic-shallow,1000,995,literal,gzip,105,80,25,99e8202
1,arithmetic-shallow,1000,996,compact,none,33,4,29,99e8202
1,arithmetic-shallow,1000,996,literal,none,118,93,25,99e8202
1,arithmetic-shallow,1000,996,literal,gzip,106,81,25,99e8202
1,arithmetic-shallow,1000,997,compact,none,33,4,29,99e8202
1,arithmetic-shallow,1000,997,literal,none,118,93,25,99e8202
1,arithmetic-shallow,1000,997,literal,gzip,107,82,25,99e8202
1,arithmetic-shallow,1000,998,compact,none,33,4,29,99e8202
1,arithmetic-shallow,1000,998,literal,none,118,93,25,99e8202
1,arithmetic-shallow,1000,998,literal,gzip,107,82,25,99e8202
1,arithmetic-shallow,1000,999,compact,none,33,4,29,99e8202
1,arithmetic-shallow,1000,999,literal,none,118,93,25,99e8202
1,arithmetic-shallow,1000,999,literal,gzip,106,81,25,99e8202
1,arithmetic-shallow,1000,1000,compact,none,33,4,29,99e8202
1,arithmetic-shallow,1000,1000,literal,none,118,93,25,99e8202
1,arithmetic-shallow,1000,1000,literal,gzip,105,80,25,99e8202
2,branching-arith-medium,1000,1,compact,none,33,4,29,99e8202
2,branching-arith-medium,1000,1,literal,none,150,125,25,99e8202
2,branching-arith-medium,1000,1,literal,gzip,129,104,25,99e8202
2,branching-arith-medium,1000,2,compact,none,33,4,29,99e8202
2,branching-arith-medium,1000,2,literal,none,150,125,25,99e8202
2,branching-arith-medium,1000,2,literal,gzip,130,105,25,99e8202
2,branching-arith-medium,1000,3,compact,none,33,4,29,99e8202
2,branching-arith-medium,1000,3,literal,none,150,125,25,99e8202
2,branching-arith-medium,1000,3,literal,gzip,130,105,25,99e8202
2,branching-arith-medium,1000,4,compact,none,33,4,29,99e8202
2,branching-arith-medium,1000,4,literal,none,150,125,25,99e8202
2,branching-arith-medium,1000,4,literal,gzip,128,103,25,99e8202
2,branching-arith-medium,1000,5,compact,none,33,4,29,99e8202
2,branching-arith-medium,1000,5,literal,none,150,125,25,99e8202
2,branching-arith-medium,1000,5,literal,gzip,130,105,25,99e8202
2,branching-arith-medium,1000,6,compact,none,33,4,29,99e8202
2,branching-arith-medium,1000,6,literal,none,150,125,25,99e8202
2,branching-arith-medium,1000,6,literal,gzip,131,106,25,99e8202
2,branching-arith-medium,1000,7,compact,none,33,4,29,99e8202
2,branching-arith-medium,1000,7,literal,none,150,125,25,99e8202
2,branching-arith-medium,1000,7,literal,gzip,130,105,25,99e8202
2,branching-arith-medium,1000,8,compact,none,33,4,29,99e8202
2,branching-arith-medium,1000,8,literal,none,150,125,25,99e8202
2,branching-arith-medium,1000,8,literal,gzip,128,103,25,99e8202
2,branching-arith-medium,1000,9,compact,none,33,4,29,99e8202
2,branching-arith-medium,1000,9,literal,none,150,125,25,99e8202
2,branching-arith-medium,1000,9,literal,gzip,129,104,25,99e8202
2,branching-arith-medium,1000,10,compact,none,33,4,29,99e8202
2,branching-arith-medium,1000,10,literal,none,150,125,25,99e8202
2,branching-arith-medium,1000,10,literal,gzip,130,105,25,99e8202
2,branching-arith-medium,1000,11,compact,none,33,4,29,99e8202
2,branching-arith-medium,1000,11,literal,none,150,125,25,99e8202
2,branching-arith-medium,1000,11,literal,gzip,130,105,25,99e8202
2,branching-arith-medium,1000,12,compact,none,33,4,29,99e8202
2,branching-arith-medium,1000,12,literal,none,150,125,25,99e8202
2,branching-arith-medium,1000,12,literal,gzip,129,104,25,99e8202
2,branching-arith-medium,1000,13,compact,none,33,4,29,99e8202
2,branching-arith-medium,1000,13,literal,none,150,125,25,99e8202
2,branching-arith-medium,1000,13,literal,gzip,130,105,25,99e8202
2,branching-arith-medium,1000,14,compact,none,33,4,29,99e8202
2,branching-arith-medium,1000,14,literal,none,150,125,25,99e8202
2,branching-arith-medium,1000,14,literal,gzip,129,104,25,99e8202
2,branching-arith-medium,1000,15,compact,none,33,4,29,99e8202
2,branching-arith-medium,1000,15,literal,none,150,125,25,99e8202
2,branching-arith-medium,1000,15,literal,gzip,130,105,25,99e8202
2,branching-arith-medium,1000,16,compact,none,33,4,29,99e8202
2,branching-arith-medium,1000,16,literal,none,150,125,25,99e8202
2,branching-arith-medium,1000,16,literal,gzip,128,103,25,99e8202
2,branching-arith-medium,1000,17,compact,none,33,4,29,99e8202
2,branching-arith-medium,1000,17,literal,none,150,125,25,99e8202
2,branching-arith-medium,1000,17,literal,gzip,130,105,25,99e8202
2,branching-arith-medium,1000,18,compact,none,33,4,29,99e8202
2,branching-arith-medium,1000,18,literal,none,150,125,25,99e8202
2,branching-arith-medium,1000,18,literal,gzip,130,105,25,99e8202
2,branching-arith-medium,1000,19,compact,none,33,4,29,99e8202
2,branching-arith-medium,1000,19,literal,none,150,125,25,99e8202
2,branching-arith-medium,1000,19,literal,gzip,130,105,25,99e8202
2,branching-arith-medium,1000,20,compact,none,33,4,29,99e8202
2,branching-arith-medium,1000,20,literal,none,150,125,25,99e8202
2,branching-arith-medium,1000,20,literal,gzip,129,104,25,99e8202
2,branching-arith-medium,1000,21,compact,none,33,4,29,99e8202
2,branching-arith-medium,1000,21,literal,none,150,125,25,99e8202
2,branching-arith-medium,1000,21,literal,gzip,129,104,25,99e8202
2,branching-arith-medium,1000,22,compact,none,33,4,29,99e8202
2,branching-arith-medium,1000,22,literal,none,150,125,25,99e8202
2,branching-arith-medium,1000,22,literal,gzip,130,105,25,99e8202
2,branching-arith-medium,1000,23,compact,none,33,4,29,99e8202
2,branching-arith-medium,1000,23,literal,none,150,125,25,99e8202
2,branching-arith-medium,1000,23,literal,gzip,130,105,25,99e8202
2,branching-arith-medium,1000,24,compact,none,33,4,29,99e8202
2,branching-arith-medium,1000,24,literal,none,150,125,25,99e8202
2,branching-arith-medium,1000,24,literal,gzip,129,104,25,99e8202
2,branching-arith-medium,1000,25,compact,none,33,4,29,99e8202
2,branching-arith-medium,1000,25,literal,none,150,125,25,99e8202
2,branching-arith-medium,1000,25,literal,gzip,130,105,25,99e8202
2,branching-arith-medium,1000,26,compact,none,33,4,29,99e8202
2,branching-arith-medium,1000,26,literal,none,150,125,25,99e8202
2,branching-arith-medium,1000,26,literal,gzip,131,106,25,99e8202
2,branching-arith-medium,1000,27,compact,none,33,4,29,99e8202
2,branching-arith-medium,1000,27,literal,none,150,125,25,99e8202
2,branching-arith-medium,1000,27,literal,gzip,130,105,25,99e8202
2,branching-arith-medium,1000,28,compact,none,33,4,29,99e8202
2,branching-arith-medium,1000,28,literal,none,150,125,25,99e8202
2,branching-arith-medium,1000,28,literal,gzip,128,103,25,99e8202
2,branching-arith-medium,1000,29,compact,none,33,4,29,99e8202
2,branching-arith-medium,1000,29,literal,none,150,125,25,99e8202
2,branching-arith-medium,1000,29,literal,gzip,129,104,25,99e8202
2,branching-arith-medium,1000,30,compact,none,33,4,29,99e8202
2,branching-arith-medium,1000,30,literal,none,150,125,25,99e8202
2,branching-arith-medium,1000,30,literal,gzip,130,105,25,99e8202
2,branching-arith-medium,1000,31,compact,none,33,4,29,99e8202
2,branching-arith-medium,1000,31,literal,none,150,125,25,99e8202
2,branching-arith-medium,1000,31,literal,gzip,130,105,25,99e8202
2,branching-arith-medium,1000,32,compact,none,33,4,29,99e8202
2,branching-arith-medium,1000,32,literal,none,150,125,25,99e8202
2,branching-arith-medium,1000,32,literal,gzip,128,103,25,99e8202
2,branching-arith-medium,1000,33,compact,none,33,4,29,99e8202
2,branching-arith-medium,1000,33,literal,none,150,125,25,99e8202
2,branching-arith-medium,1000,33,literal,gzip,130,105,25,99e8202
2,branching-arith-medium,1000,34,compact,none,33,4,29,99e8202
2,branching-arith-medium,1000,34,literal,none,150,125,25,99e8202
2,branching-arith-medium,1000,34,literal,gzip,131,106,25,99e8202
2,branching-arith-medium,1000,35,compact,none,33,4,29,99e8202
2,branching-arith-medium,1000,35,literal,none,150,125,25,99e8202
2,branching-arith-medium,1000,35,literal,gzip,130,105,25,99e8202
2,branching-arith-medium,1000,36,compact,none,33,4,29,99e8202
2,branching-arith-medium,1000,36,literal,none,150,125,25,99e8202
2,branching-arith-medium,1000,36,literal,gzip,128,103,25,99e8202
2,branching-arith-medium,1000,37,compact,none,33,4,29,99e8202
2,branching-arith-medium,1000,37,literal,none,150,125,25,99e8202
2,branching-arith-medium,1000,37,literal,gzip,129,104,25,99e8202
2,branching-arith-medium,1000,38,compact,none,33,4,29,99e8202
2,branching-arith-medium,1000,38,literal,none,150,125,25,99e8202
2,branching-arith-medium,1000,38,literal,gzip,130,105,25,99e8202
2,branching-arith-medium,1000,39,compact,none,33,4,29,99e8202
2,branching-arith-medium,1000,39,literal,none,150,125,25,99e8202
2,branching-arith-medium,1000,39,literal,gzip,130,105,25,99e8202
2,branching-arith-medium,1000,40,compact,none,33,4,29,99e8202
2,branching-arith-medium,1000,40,literal,none,150,125,25,99e8202
2,branching-arith-medium,1000,40,literal,gzip,129,104,25,99e8202
2,branching-arith-medium,1000,41,compact,none,33,4,29,99e8202
2,branching-arith-medium,1000,41,literal,none,150,125,25,99e8202
2,branching-arith-medium,1000,41,literal,gzip,130,105,25,99e8202
2,branching-arith-medium,1000,42,compact,none,33,4,29,99e8202
2,branching-arith-medium,1000,42,literal,none,150,125,25,99e8202
2,branching-arith-medium,1000,42,literal,gzip,129,104,25,99e8202
2,branching-arith-medium,1000,43,compact,none,33,4,29,99e8202
2,branching-arith-medium,1000,43,literal,none,150,125,25,99e8202
2,branching-arith-medium,1000,43,literal,gzip,130,105,25,99e8202
2,branching-arith-medium,1000,44,compact,none,33,4,29,99e8202
2,branching-arith-medium,1000,44,literal,none,150,125,25,99e8202
2,branching-arith-medium,1000,44,literal,gzip,128,103,25,99e8202
2,branching-arith-medium,1000,45,compact,none,33,4,29,99e8202
2,branching-arith-medium,1000,45,literal,none,150,125,25,99e8202
2,branching-arith-medium,1000,45,literal,gzip,130,105,25,99e8202
2,branching-arith-medium,1000,46,compact,none,33,4,29,99e8202
2,branching-arith-medium,1000,46,literal,none,150,125,25,99e8202
2,branching-arith-medium,1000,46,literal,gzip,130,105,25,99e8202
2,branching-arith-medium,1000,47,compact,none,33,4,29,99e8202
2,branching-arith-medium,1000,47,literal,none,150,125,25,99e8202
2,branching-arith-medium,1000,47,literal,gzip,130,105,25,99e8202
2,branching-arith-medium,1000,48,compact,none,33,4,29,99e8202
2,branching-arith-medium,1000,48,literal,none,150,125,25,99e8202
2,branching-arith-medium,1000,48,literal,gzip,129,104,25,99e8202
2,branching-arith-medium,1000,49,compact,none,33,4,29,99e8202
2,branching-arith-medium,1000,49,literal,none,150,125,25,99e8202
2,branching-arith-medium,1000,49,literal,gzip,129,104,25,99e8202
2,branching-arith-medium,1000,50,compact,none,33,4,29,99e8202
2,branching-arith-medium,1000,50,literal,none,150,125,25,99e8202
2,branching-arith-medium,1000,50,literal,gzip,130,105,25,99e8202
2,branching-arith-medium,1000,51,compact,none,33,4,29,99e8202
2,branching-arith-medium,1000,51,literal,none,150,125,25,99e8202
2,branching-arith-medium,1000,51,literal,gzip,130,105,25,99e8202
2,branching-arith-medium,1000,52,compact,none,33,4,29,99e8202
2,branching-arith-medium,1000,52,literal,none,150,125,25,99e8202
2,branching-arith-medium,1000,52,literal,gzip,129,104,25,99e8202
2,branching-arith-medium,1000,53,compact,none,33,4,29,99e8202
2,branching-arith-medium,1000,53,literal,none,150,125,25,99e8202
2,branching-arith-medium,1000,53,literal,gzip,130,105,25,99e8202
2,branching-arith-medium,1000,54,compact,none,33,4,29,99e8202
2,branching-arith-medium,1000,54,literal,none,150,125,25,99e8202
2,branching-arith-medium,1000,54,literal,gzip,131,106,25,99e8202
2,branching-arith-medium,1000,55,compact,none,33,4,29,99e8202
2,branching-arith-medium,1000,55,literal,none,150,125,25,99e8202
2,branching-arith-medium,1000,55,literal,gzip,130,105,25,99e8202
2,branching-arith-medium,1000,56,compact,none,33,4,29,99e8202
2,branching-arith-medium,1000,56,literal,none,150,125,25,99e8202
2,branching-arith-medium,1000,56,literal,gzip,128,103,25,99e8202
2,branching-arith-medium,1000,57,compact,none,33,4,29,99e8202
2,branching-arith-medium,1000,57,literal,none,150,125,25,99e8202
2,branching-arith-medium,1000,57,literal,gzip,129,104,25,99e8202
2,branching-arith-medium,1000,58,compact,none,33,4,29,99e8202
2,branching-arith-medium,1000,58,literal,none,150,125,25,99e8202
2,branching-arith-medium,1000,58,literal,gzip,130,105,25,99e8202
2,branching-arith-medium,1000,59,compact,none,33,4,29,99e8202
2,branching-arith-medium,1000,59,literal,none,150,125,25,99e8202
2,branching-arith-medium,1000,59,literal,gzip,130,105,25,99e8202
2,branching-arith-medium,1000,60,compact,none,33,4,29,99e8202
2,branching-arith-medium,1000,60,literal,none,150,125,25,99e8202
2,branching-arith-medium,1000,60,literal,gzip,128,103,25,99e8202
2,branching-arith-medium,1000,61,compact,none,33,4,29,99e8202
2,branching-arith-medium,1000,61,literal,none,150,125,25,99e8202
2,branching-arith-medium,1000,61,literal,gzip,130,105,25,99e8202
2,branching-arith-medium,1000,62,compact,none,33,4,29,99e8202
2,branching-arith-medium,1000,62,literal,none,150,125,25,99e8202
2,branching-arith-medium,1000,62,literal,gzip,131,106,25,99e8202
2,branching-arith-medium,1000,63,compact,none,33,4,29,99e8202
2,branching-arith-medium,1000,63,literal,none,150,125,25,99e8202
2,branching-arith-medium,1000,63,literal,gzip,130,105,25,99e8202
2,branching-arith-medium,1000,64,compact,none,33,4,29,99e8202
2,branching-arith-medium,1000,64,literal,none,150,125,25,99e8202
2,branching-arith-medium,1000,64,literal,gzip,128,103,25,99e8202
2,branching-arith-medium,1000,65,compact,none,33,4,29,99e8202
2,branching-arith-medium,1000,65,literal,none,150,125,25,99e8202
2,branching-arith-medium,1000,65,literal,gzip,129,104,25,99e8202
2,branching-arith-medium,1000,66,compact,none,33,4,29,99e8202
2,branching-arith-medium,1000,66,literal,none,150,125,25,99e8202
2,branching-arith-medium,1000,66,literal,gzip,130,105,25,99e8202
2,branching-arith-medium,1000,67,compact,none,33,4,29,99e8202
2,branching-arith-medium,1000,67,literal,none,150,125,25,99e8202
2,branching-arith-medium,1000,67,literal,gzip,130,105,25,99e8202
2,branching-arith-medium,1000,68,compact,none,33,4,29,99e8202
2,branching-arith-medium,1000,68,literal,none,150,125,25,99e8202
2,branching-arith-medium,1000,68,literal,gzip,129,104,25,99e8202
2,branching-arith-medium,1000,69,compact,none,33,4,29,99e8202
2,branching-arith-medium,1000,69,literal,none,150,125,25,99e8202
2,branching-arith-medium,1000,69,literal,gzip,130,105,25,99e8202
2,branching-arith-medium,1000,70,compact,none,33,4,29,99e8202
2,branching-arith-medium,1000,70,literal,none,150,125,25,99e8202
2,branching-arith-medium,1000,70,literal,gzip,129,104,25,99e8202
2,branching-arith-medium,1000,71,compact,none,33,4,29,99e8202
2,branching-arith-medium,1000,71,literal,none,150,125,25,99e8202
2,branching-arith-medium,1000,71,literal,gzip,130,105,25,99e8202
2,branching-arith-medium,1000,72,compact,none,33,4,29,99e8202
2,branching-arith-medium,1000,72,literal,none,150,125,25,99e8202
2,branching-arith-medium,1000,72,literal,gzip,128,103,25,99e8202
2,branching-arith-medium,1000,73,compact,none,33,4,29,99e8202
2,branching-arith-medium,1000,73,literal,none,150,125,25,99e8202
2,branching-arith-medium,1000,73,literal,gzip,130,105,25,99e8202
2,branching-arith-medium,1000,74,compact,none,33,4,29,99e8202
2,branching-arith-medium,1000,74,literal,none,150,125,25,99e8202
2,branching-arith-medium,1000,74,literal,gzip,130,105,25,99e8202
2,branching-arith-medium,1000,75,compact,none,33,4,29,99e8202
2,branching-arith-medium,1000,75,literal,none,150,125,25,99e8202
2,branching-arith-medium,1000,75,literal,gzip,130,105,25,99e8202
2,branching-arith-medium,1000,76,compact,none,33,4,29,99e8202
2,branching-arith-medium,1000,76,literal,none,150,125,25,99e8202
2,branching-arith-medium,1000,76,literal,gzip,129,104,25,99e8202
2,branching-arith-medium,1000,77,compact,none,33,4,29,99e8202
2,branching-arith-medium,1000,77,literal,none,150,125,25,99e8202
2,branching-arith-medium,1000,77,literal,gzip,129,104,25,99e8202
2,branching-arith-medium,1000,78,compact,none,33,4,29,99e8202
2,branching-arith-medium,1000,78,literal,none,150,125,25,99e8202
2,branching-arith-medium,1000,78,literal,gzip,130,105,25,99e8202
2,branching-arith-medium,1000,79,compact,none,33,4,29,99e8202
2,branching-arith-medium,1000,79,literal,none,150,125,25,99e8202
2,branching-arith-medium,1000,79,literal,gzip,130,105,25,99e8202
2,branching-arith-medium,1000,80,compact,none,33,4,29,99e8202
2,branching-arith-medium,1000,80,literal,none,150,125,25,99e8202
2,branching-arith-medium,1000,80,literal,gzip,129,104,25,99e8202
2,branching-arith-medium,1000,81,compact,none,33,4,29,99e8202
2,branching-arith-medium,1000,81,literal,none,150,125,25,99e8202
2,branching-arith-medium,1000,81,literal,gzip,130,105,25,99e8202
2,branching-arith-medium,1000,82,compact,none,33,4,29,99e8202
2,branching-arith-medium,1000,82,literal,none,150,125,25,99e8202
2,branching-arith-medium,1000,82,literal,gzip,131,106,25,99e8202
2,branching-arith-medium,1000,83,compact,none,33,4,29,99e8202
2,branching-arith-medium,1000,83,literal,none,150,125,25,99e8202
2,branching-arith-medium,1000,83,literal,gzip,130,105,25,99e8202
2,branching-arith-medium,1000,84,compact,none,33,4,29,99e8202
2,branching-arith-medium,1000,84,literal,none,150,125,25,99e8202
2,branching-arith-medium,1000,84,literal,gzip,128,103,25,99e8202
2,branching-arith-medium,1000,85,compact,none,33,4,29,99e8202
2,branching-arith-medium,1000,85,literal,none,150,125,25,99e8202
2,branching-arith-medium,1000,85,literal,gzip,129,104,25,99e8202
2,branching-arith-medium,1000,86,compact,none,33,4,29,99e8202
2,branching-arith-medium,1000,86,literal,none,150,125,25,99e8202
2,branching-arith-medium,1000,86,literal,gzip,130,105,25,99e8202
2,branching-arith-medium,1000,87,compact,none,33,4,29,99e8202
2,branching-arith-medium,1000,87,literal,none,150,125,25,99e8202
2,branching-arith-medium,1000,87,literal,gzip,130,105,25,99e8202
2,branching-arith-medium,1000,88,compact,none,33,4,29,99e8202
2,branching-arith-medium,1000,88,literal,none,150,125,25,99e8202
2,branching-arith-medium,1000,88,literal,gzip,128,103,25,99e8202
2,branching-arith-medium,1000,89,compact,none,33,4,29,99e8202
2,branching-arith-medium,1000,89,literal,none,150,125,25,99e8202
2,branching-arith-medium,1000,89,literal,gzip,130,105,25,99e8202
2,branching-arith-medium,1000,90,compact,none,33,4,29,99e8202
2,branching-arith-medium,1000,90,literal,none,150,125,25,99e8202
2,branching-arith-medium,1000,90,literal,gzip,131,106,25,99e8202
2,branching-arith-medium,1000,91,compact,none,33,4,29,99e8202
2,branching-arith-medium,1000,91,literal,none,150,125,25,99e8202
2,branching-arith-medium,1000,91,literal,gzip,130,105,25,99e8202
2,branching-arith-medium,1000,92,compact,none,33,4,29,99e8202
2,branching-arith-medium,1000,92,literal,none,150,125,25,99e8202
2,branching-arith-medium,1000,92,literal,gzip,128,103,25,99e8202
2,branching-arith-medium,1000,93,compact,none,33,4,29,99e8202
2,branching-arith-medium,1000,93,literal,none,150,125,25,99e8202
2,branching-arith-medium,1000,93,literal,gzip,129,104,25,99e8202
2,branching-arith-medium,1000,94,compact,none,33,4,29,99e8202
2,branching-arith-medium,1000,94,literal,none,150,125,25,99e8202
2,branching-arith-medium,1000,94,literal,gzip,130,105,25,99e8202
2,branching-arith-medium,1000,95,compact,none,33,4,29,99e8202
2,branching-arith-medium,1000,95,literal,none,150,125,25,99e8202
2,branching-arith-medium,1000,95,literal,gzip,130,105,25,99e8202
2,branching-arith-medium,1000,96,compact,none,33,4,29,99e8202
2,branching-arith-medium,1000,96,literal,none,150,125,25,99e8202
2,branching-arith-medium,1000,96,literal,gzip,129,104,25,99e8202
2,branching-arith-medium,1000,97,compact,none,33,4,29,99e8202
2,branching-arith-medium,1000,97,literal,none,150,125,25,99e8202
2,branching-arith-medium,1000,97,literal,gzip,130,105,25,99e8202
2,branching-arith-medium,1000,98,compact,none,33,4,29,99e8202
2,branching-arith-medium,1000,98,literal,none,150,125,25,99e8202
2,branching-arith-medium,1000,98,literal,gzip,129,104,25,99e8202
2,branching-arith-medium,1000,99,compact,none,33,4,29,99e8202
2,branching-arith-medium,1000,99,literal,none,150,125,25,99e8202
2,branching-arith-medium,1000,99,literal,gzip,130,105,25,99e8202
2,branching-arith-medium,1000,100,compact,none,33,4,29,99e8202
2,branching-arith-medium,1000,100,literal,none,150,125,25,99e8202
2,branching-arith-medium,1000,100,literal,gzip,128,103,25,99e8202
2,branching-arith-medium,1000,101,compact,none,33,4,29,99e8202
2,branching-arith-medium,1000,101,literal,none,150,125,25,99e8202
2,branching-arith-medium,1000,101,literal,gzip,130,105,25,99e8202
2,branching-arith-medium,1000,102,compact,none,33,4,29,99e8202
2,branching-arith-medium,1000,102,literal,none,150,125,25,99e8202
2,branching-arith-medium,1000,102,literal,gzip,130,105,25,99e8202
2,branching-arith-medium,1000,103,compact,none,33,4,29,99e8202
2,branching-arith-medium,1000,103,literal,none,150,125,25,99e8202
2,branching-arith-medium,1000,103,literal,gzip,130,105,25,99e8202
2,branching-arith-medium,1000,104,compact,none,33,4,29,99e8202
2,branching-arith-medium,1000,104,literal,none,150,125,25,99e8202
2,branching-arith-medium,1000,104,literal,gzip,129,104,25,99e8202
2,branching-arith-medium,1000,105,compact,none,33,4,29,99e8202
2,branching-arith-medium,1000,105,literal,none,150,125,25,99e8202
2,branching-arith-medium,1000,105,literal,gzip,129,104,25,99e8202
2,branching-arith-medium,1000,106,compact,none,33,4,29,99e8202
2,branching-arith-medium,1000,106,literal,none,150,125,25,99e8202
2,branching-arith-medium,1000,106,literal,gzip,130,105,25,99e8202
2,branching-arith-medium,1000,107,compact,none,33,4,29,99e8202
2,branching-arith-medium,1000,107,literal,none,150,125,25,99e8202
2,branching-arith-medium,1000,107,literal,gzip,130,105,25,99e8202
2,branching-arith-medium,1000,108,compact,none,33,4,29,99e8202
2,branching-arith-medium,1000,108,literal,none,150,125,25,99e8202
2,branching-arith-medium,1000,108,literal,gzip,129,104,25,99e8202
2,branching-arith-medium,1000,109,compact,none,33,4,29,99e8202
2,branching-arith-medium,1000,109,literal,none,150,125,25,99e8202
2,branching-arith-medium,1000,109,literal,gzip,130,105,25,99e8202
2,branching-arith-medium,1000,110,compact,none,33,4,29,99e8202
2,branching-arith-medium,1000,110,literal,none,150,125,25,99e8202
2,branching-arith-medium,1000,110,literal,gzip,131,106,25,99e8202
2,branching-arith-medium,1000,111,compact,none,33,4,29,99e8202
2,branching-arith-medium,1000,111,literal,none,150,125,25,99e8202
2,branching-arith-medium,1000,111,literal,gzip,130,105,25,99e8202
2,branching-arith-medium,1000,112,compact,none,33,4,29,99e8202
2,branching-arith-medium,1000,112,literal,none,150,125,25,99e8202
2,branching-arith-medium,1000,112,literal,gzip,128,103,25,99e8202
2,branching-arith-medium,1000,113,compact,none,33,4,29,99e8202
2,branching-arith-medium,1000,113,literal,none,150,125,25,99e8202
2,branching-arith-medium,1000,113,literal,gzip,129,104,25,99e8202
2,branching-arith-medium,1000,114,compact,none,33,4,29,99e8202
2,branching-arith-medium,1000,114,literal,none,150,125,25,99e8202
2,branching-arith-medium,1000,114,literal,gzip,130,105,25,99e8202
2,branching-arith-medium,1000,115,compact,none,33,4,29,99e8202
2,branching-arith-medium,1000,115,literal,none,150,125,25,99e8202
2,branching-arith-medium,1000,115,literal,gzip,130,105,25,99e8202
2,branching-arith-medium,1000,116,compact,none,33,4,29,99e8202
2,branching-arith-medium,1000,116,literal,none,150,125,25,99e8202
2,branching-arith-medium,1000,116,literal,gzip,128,103,25,99e8202
2,branching-arith-medium,1000,117,compact,none,33,4,29,99e8202
2,branching-arith-medium,1000,117,literal,none,150,125,25,99e8202
2,branching-arith-medium,1000,117,literal,gzip,130,105,25,99e8202
2,branching-arith-medium,1000,118,compact,none,33,4,29,99e8202
2,branching-arith-medium,1000,118,literal,none,150,125,25,99e8202
2,branching-arith-medium,1000,118,literal,gzip,131,106,25,99e8202
2,branching-arith-medium,1000,119,compact,none,33,4,29,99e8202
2,branching-arith-medium,1000,119,literal,none,150,125,25,99e8202
2,branching-arith-medium,1000,119,literal,gzip,130,105,25,99e8202
2,branching-arith-medium,1000,120,compact,none,33,4,29,99e8202
2,branching-arith-medium,1000,120,literal,none,150,125,25,99e8202
2,branching-arith-medium,1000,120,literal,gzip,128,103,25,99e8202
2,branching-arith-medium,1000,121,compact,none,33,4,29,99e8202
2,branching-arith-medium,1000,121,literal,none,150,125,25,99e8202
2,branching-arith-medium,1000,121,literal,gzip,129,104,25,99e8202
2,branching-arith-medium,1000,122,compact,none,33,4,29,99e8202
2,branching-arith-medium,1000,122,literal,none,150,125,25,99e8202
2,branching-arith-medium,1000,122,literal,gzip,130,105,25,99e8202
2,branching-arith-medium,1000,123,compact,none,33,4,29,99e8202
2,branching-arith-medium,1000,123,literal,none,150,125,25,99e8202
2,branching-arith-medium,1000,123,literal,gzip,130,105,25,99e8202
2,branching-arith-medium,1000,124,compact,none,33,4,29,99e8202
2,branching-arith-medium,1000,124,literal,none,150,125,25,99e8202
2,branching-arith-medium,1000,124,literal,gzip,129,104,25,99e8202
2,branching-arith-medium,1000,125,compact,none,33,4,29,99e8202
2,branching-arith-medium,1000,125,literal,none,150,125,25,99e8202
2,branching-arith-medium,1000,125,literal,gzip,130,105,25,99e8202
2,branching-arith-medium,1000,126,compact,none,33,4,29,99e8202
2,branching-arith-medium,1000,126,literal,none,150,125,25,99e8202
2,branching-arith-medium,1000,126,literal,gzip,129,104,25,99e8202
2,branching-arith-medium,1000,127,compact,none,33,4,29,99e8202
2,branching-arith-medium,1000,127,literal,none,150,125,25,99e8202
2,branching-arith-medium,1000,127,literal,gzip,130,105,25,99e8202
2,branching-arith-medium,1000,128,compact,none,33,4,29,99e8202
2,branching-arith-medium,1000,128,literal,none,150,125,25,99e8202
2,branching-arith-medium,1000,128,literal,gzip,128,103,25,99e8202
2,branching-arith-medium,1000,129,compact,none,33,4,29,99e8202
2,branching-arith-medium,1000,129,literal,none,150,125,25,99e8202
2,branching-arith-medium,1000,129,literal,gzip,130,105,25,99e8202
2,branching-arith-medium,1000,130,compact,none,33,4,29,99e8202
2,branching-arith-medium,1000,130,literal,none,150,125,25,99e8202
2,branching-arith-medium,1000,130,literal,gzip,130,105,25,99e8202
2,branching-arith-medium,1000,131,compact,none,33,4,29,99e8202
2,branching-arith-medium,1000,131,literal,none,150,125,25,99e8202
2,branching-arith-medium,1000,131,literal,gzip,130,105,25,99e8202
2,branching-arith-medium,1000,132,compact,none,33,4,29,99e8202
2,branching-arith-medium,1000,132,literal,none,150,125,25,99e8202
2,branching-arith-medium,1000,132,literal,gzip,129,104,25,99e8202
2,branching-arith-medium,1000,133,compact,none,33,4,29,99e8202
2,branching-arith-medium,1000,133,literal,none,150,125,25,99e8202
2,branching-arith-medium,1000,133,literal,gzip,129,104,25,99e8202
2,branching-arith-medium,1000,134,compact,none,33,4,29,99e8202
2,branching-arith-medium,1000,134,literal,none,150,125,25,99e8202
2,branching-arith-medium,1000,134,literal,gzip,130,105,25,99e8202
2,branching-arith-medium,1000,135,compact,none,33,4,29,99e8202
2,branching-arith-medium,1000,135,literal,none,150,125,25,99e8202
2,branching-arith-medium,1000,135,literal,gzip,130,105,25,99e8202
2,branching-arith-medium,1000,136,compact,none,33,4,29,99e8202
2,branching-arith-medium,1000,136,literal,none,150,125,25,99e8202
2,branching-arith-medium,1000,136,literal,gzip,129,104,25,99e8202
2,branching-arith-medium,1000,137,compact,none,33,4,29,99e8202
2,branching-arith-medium,1000,137,literal,none,150,125,25,99e8202
2,branching-arith-medium,1000,137,literal,gzip,130,105,25,99e8202
2,branching-arith-medium,1000,138,compact,none,33,4,29,99e8202
2,branching-arith-medium,1000,138,literal,none,150,125,25,99e8202
2,branching-arith-medium,1000,138,literal,gzip,131,106,25,99e8202
2,branching-arith-medium,1000,139,compact,none,33,4,29,99e8202
2,branching-arith-medium,1000,139,literal,none,150,125,25,99e8202
2,branching-arith-medium,1000,139,literal,gzip,130,105,25,99e8202
2,branching-arith-medium,1000,140,compact,none,33,4,29,99e8202
2,branching-arith-medium,1000,140,literal,none,150,125,25,99e8202
2,branching-arith-medium,1000,140,literal,gzip,128,103,25,99e8202
2,branching-arith-medium,1000,141,compact,none,33,4,29,99e8202
2,branching-arith-medium,1000,141,literal,none,150,125,25,99e8202
2,branching-arith-medium,1000,141,literal,gzip,129,104,25,99e8202
2,branching-arith-medium,1000,142,compact,none,33,4,29,99e8202
2,branching-arith-medium,1000,142,literal,none,150,125,25,99e8202
2,branching-arith-medium,1000,142,literal,gzip,130,105,25,99e8202
2,branching-arith-medium,1000,143,compact,none,33,4,29,99e8202
2,branching-arith-medium,1000,143,literal,none,150,125,25,99e8202
2,branching-arith-medium,1000,143,literal,gzip,130,105,25,99e8202
2,branching-arith-medium,1000,144,compact,none,33,4,29,99e8202
2,branching-arith-medium,1000,144,literal,none,150,125,25,99e8202
2,branching-arith-medium,1000,144,literal,gzip,128,103,25,99e8202
2,branching-arith-medium,1000,145,compact,none,33,4,29,99e8202
2,branching-arith-medium,1000,145,literal,none,150,125,25,99e8202
2,branching-arith-medium,1000,145,literal,gzip,130,105,25,99e8202
2,branching-arith-medium,1000,146,compact,none,33,4,29,99e8202
2,branching-arith-medium,1000,146,literal,none,150,125,25,99e8202
2,branching-arith-medium,1000,146,literal,gzip,131,106,25,99e8202
2,branching-arith-medium,1000,147,compact,none,33,4,29,99e8202
2,branching-arith-medium,1000,147,literal,none,150,125,25,99e8202
2,branching-arith-medium,1000,147,literal,gzip,130,105,25,99e8202
2,branching-arith-medium,1000,148,compact,none,33,4,29,99e8202
2,branching-arith-medium,1000,148,literal,none,150,125,25,99e8202
2,branching-arith-medium,1000,148,literal,gzip,128,103,25,99e8202
2,branching-arith-medium,1000,149,compact,none,33,4,29,99e8202
2,branching-arith-medium,1000,149,literal,none,150,125,25,99e8202
2,branching-arith-medium,1000,149,literal,gzip,129,104,25,99e8202
2,branching-arith-medium,1000,150,compact,none,33,4,29,99e8202
2,branching-arith-medium,1000,150,literal,none,150,125,25,99e8202
2,branching-arith-medium,1000,150,literal,gzip,130,105,25,99e8202
2,branching-arith-medium,1000,151,compact,none,33,4,29,99e8202
2,branching-arith-medium,1000,151,literal,none,150,125,25,99e8202
2,branching-arith-medium,1000,151,literal,gzip,130,105,25,99e8202
2,branching-arith-medium,1000,152,compact,none,33,4,29,99e8202
2,branching-arith-medium,1000,152,literal,none,150,125,25,99e8202
2,branching-arith-medium,1000,152,literal,gzip,129,104,25,99e8202
2,branching-arith-medium,1000,153,compact,none,33,4,29,99e8202
2,branching-arith-medium,1000,153,literal,none,150,125,25,99e8202
2,branching-arith-medium,1000,153,literal,gzip,130,105,25,99e8202
2,branching-arith-medium,1000,154,compact,none,33,4,29,99e8202
2,branching-arith-medium,1000,154,literal,none,150,125,25,99e8202
2,branching-arith-medium,1000,154,literal,gzip,129,104,25,99e8202
2,branching-arith-medium,1000,155,compact,none,33,4,29,99e8202
2,branching-arith-medium,1000,155,literal,none,150,125,25,99e8202
2,branching-arith-medium,1000,155,literal,gzip,130,105,25,99e8202
2,branching-arith-medium,1000,156,compact,none,33,4,29,99e8202
2,branching-arith-medium,1000,156,literal,none,150,125,25,99e8202
2,branching-arith-medium,1000,156,literal,gzip,128,103,25,99e8202
2,branching-arith-medium,1000,157,compact,none,33,4,29,99e8202
2,branching-arith-medium,1000,157,literal,none,150,125,25,99e8202
2,branching-arith-medium,1000,157,literal,gzip,130,105,25,99e8202
2,branching-arith-medium,1000,158,compact,none,33,4,29,99e8202
2,branching-arith-medium,1000,158,literal,none,150,125,25,99e8202
2,branching-arith-medium,1000,158,literal,gzip,130,105,25,99e8202
2,branching-arith-medium,1000,159,compact,none,33,4,29,99e8202
2,branching-arith-medium,1000,159,literal,none,150,125,25,99e8202
2,branching-arith-medium,1000,159,literal,gzip,130,105,25,99e8202
2,branching-arith-medium,1000,160,compact,none,33,4,29,99e8202
2,branching-arith-medium,1000,160,literal,none,150,125,25,99e8202
2,branching-arith-medium,1000,160,literal,gzip,129,104,25,99e8202
2,branching-arith-medium,1000,161,compact,none,33,4,29,99e8202
2,branching-arith-medium,1000,161,literal,none,150,125,25,99e8202
2,branching-arith-medium,1000,161,literal,gzip,129,104,25,99e8202
2,branching-arith-medium,1000,162,compact,none,33,4,29,99e8202
2,branching-arith-medium,1000,162,literal,none,150,125,25,99e8202
2,branching-arith-medium,1000,162,literal,gzip,130,105,25,99e8202
2,branching-arith-medium,1000,163,compact,none,33,4,29,99e8202
2,branching-arith-medium,1000,163,literal,none,150,125,25,99e8202
2,branching-arith-medium,1000,163,literal,gzip,130,105,25,99e8202
2,branching-arith-medium,1000,164,compact,none,33,4,29,99e8202
2,branching-arith-medium,1000,164,literal,none,150,125,25,99e8202
2,branching-arith-medium,1000,164,literal,gzip,129,104,25,99e8202
2,branching-arith-medium,1000,165,compact,none,33,4,29,99e8202
2,branching-arith-medium,1000,165,literal,none,150,125,25,99e8202
2,branching-arith-medium,1000,165,literal,gzip,130,105,25,99e8202
2,branching-arith-medium,1000,166,compact,none,33,4,29,99e8202
2,branching-arith-medium,1000,166,literal,none,150,125,25,99e8202
2,branching-arith-medium,1000,166,literal,gzip,131,106,25,99e8202
2,branching-arith-medium,1000,167,compact,none,33,4,29,99e8202
2,branching-arith-medium,1000,167,literal,none,150,125,25,99e8202
2,branching-arith-medium,1000,167,literal,gzip,130,105,25,99e8202
2,branching-arith-medium,1000,168,compact,none,33,4,29,99e8202
2,branching-arith-medium,1000,168,literal,none,150,125,25,99e8202
2,branching-arith-medium,1000,168,literal,gzip,128,103,25,99e8202
2,branching-arith-medium,1000,169,compact,none,33,4,29,99e8202
2,branching-arith-medium,1000,169,literal,none,150,125,25,99e8202
2,branching-arith-medium,1000,169,literal,gzip,129,104,25,99e8202
2,branching-arith-medium,1000,170,compact,none,33,4,29,99e8202
2,branching-arith-medium,1000,170,literal,none,150,125,25,99e8202
2,branching-arith-medium,1000,170,literal,gzip,130,105,25,99e8202
2,branching-arith-medium,1000,171,compact,none,33,4,29,99e8202
2,branching-arith-medium,1000,171,literal,none,150,125,25,99e8202
2,branching-arith-medium,1000,171,literal,gzip,130,105,25,99e8202
2,branching-arith-medium,1000,172,compact,none,33,4,29,99e8202
2,branching-arith-medium,1000,172,literal,none,150,125,25,99e8202
2,branching-arith-medium,1000,172,literal,gzip,128,103,25,99e8202
2,branching-arith-medium,1000,173,compact,none,33,4,29,99e8202
2,branching-arith-medium,1000,173,literal,none,150,125,25,99e8202
2,branching-arith-medium,1000,173,literal,gzip,130,105,25,99e8202
2,branching-arith-medium,1000,174,compact,none,33,4,29,99e8202
2,branching-arith-medium,1000,174,literal,none,150,125,25,99e8202
2,branching-arith-medium,1000,174,literal,gzip,131,106,25,99e8202
2,branching-arith-medium,1000,175,compact,none,33,4,29,99e8202
2,branching-arith-medium,1000,175,literal,none,150,125,25,99e8202
2,branching-arith-medium,1000,175,literal,gzip,130,105,25,99e8202
2,branching-arith-medium,1000,176,compact,none,33,4,29,99e8202
2,branching-arith-medium,1000,176,literal,none,150,125,25,99e8202
2,branching-arith-medium,1000,176,literal,gzip,128,103,25,99e8202
2,branching-arith-medium,1000,177,compact,none,33,4,29,99e8202
2,branching-arith-medium,1000,177,literal,none,150,125,25,99e8202
2,branching-arith-medium,1000,177,literal,gzip,129,104,25,99e8202
2,branching-arith-medium,1000,178,compact,none,33,4,29,99e8202
2,branching-arith-medium,1000,178,literal,none,150,125,25,99e8202
2,branching-arith-medium,1000,178,literal,gzip,130,105,25,99e8202
2,branching-arith-medium,1000,179,compact,none,33,4,29,99e8202
2,branching-arith-medium,1000,179,literal,none,150,125,25,99e8202
2,branching-arith-medium,1000,179,literal,gzip,130,105,25,99e8202
2,branching-arith-medium,1000,180,compact,none,33,4,29,99e8202
2,branching-arith-medium,1000,180,literal,none,150,125,25,99e8202
2,branching-arith-medium,1000,180,literal,gzip,129,104,25,99e8202
2,branching-arith-medium,1000,181,compact,none,33,4,29,99e8202
2,branching-arith-medium,1000,181,literal,none,150,125,25,99e8202
2,branching-arith-medium,1000,181,literal,gzip,130,105,25,99e8202
2,branching-arith-medium,1000,182,compact,none,33,4,29,99e8202
2,branching-arith-medium,1000,182,literal,none,150,125,25,99e8202
2,branching-arith-medium,1000,182,literal,gzip,129,104,25,99e8202
2,branching-arith-medium,1000,183,compact,none,33,4,29,99e8202
2,branching-arith-medium,1000,183,literal,none,150,125,25,99e8202
2,branching-arith-medium,1000,183,literal,gzip,130,105,25,99e8202
2,branching-arith-medium,1000,184,compact,none,33,4,29,99e8202
2,branching-arith-medium,1000,184,literal,none,150,125,25,99e8202
2,branching-arith-medium,1000,184,literal,gzip,128,103,25,99e8202
2,branching-arith-medium,1000,185,compact,none,33,4,29,99e8202
2,branching-arith-medium,1000,185,literal,none,150,125,25,99e8202
2,branching-arith-medium,1000,185,literal,gzip,130,105,25,99e8202
2,branching-arith-medium,1000,186,compact,none,33,4,29,99e8202
2,branching-arith-medium,1000,186,literal,none,150,125,25,99e8202
2,branching-arith-medium,1000,186,literal,gzip,130,105,25,99e8202
2,branching-arith-medium,1000,187,compact,none,33,4,29,99e8202
2,branching-arith-medium,1000,187,literal,none,150,125,25,99e8202
2,branching-arith-medium,1000,187,literal,gzip,130,105,25,99e8202
2,branching-arith-medium,1000,188,compact,none,33,4,29,99e8202
2,branching-arith-medium,1000,188,literal,none,150,125,25,99e8202
2,branching-arith-medium,1000,188,literal,gzip,129,104,25,99e8202
2,branching-arith-medium,1000,189,compact,none,33,4,29,99e8202
2,branching-arith-medium,1000,189,literal,none,150,125,25,99e8202
2,branching-arith-medium,1000,189,literal,gzip,129,104,25,99e8202
2,branching-arith-medium,1000,190,compact,none,33,4,29,99e8202
2,branching-arith-medium,1000,190,literal,none,150,125,25,99e8202
2,branching-arith-medium,1000,190,literal,gzip,130,105,25,99e8202
2,branching-arith-medium,1000,191,compact,none,33,4,29,99e8202
2,branching-arith-medium,1000,191,literal,none,150,125,25,99e8202
2,branching-arith-medium,1000,191,literal,gzip,130,105,25,99e8202
2,branching-arith-medium,1000,192,compact,none,33,4,29,99e8202
2,branching-arith-medium,1000,192,literal,none,150,125,25,99e8202
2,branching-arith-medium,1000,192,literal,gzip,129,104,25,99e8202
2,branching-arith-medium,1000,193,compact,none,33,4,29,99e8202
2,branching-arith-medium,1000,193,literal,none,150,125,25,99e8202
2,branching-arith-medium,1000,193,literal,gzip,130,105,25,99e8202
2,branching-arith-medium,1000,194,compact,none,33,4,29,99e8202
2,branching-arith-medium,1000,194,literal,none,150,125,25,99e8202
2,branching-arith-medium,1000,194,literal,gzip,131,106,25,99e8202
2,branching-arith-medium,1000,195,compact,none,33,4,29,99e8202
2,branching-arith-medium,1000,195,literal,none,150,125,25,99e8202
2,branching-arith-medium,1000,195,literal,gzip,130,105,25,99e8202
2,branching-arith-medium,1000,196,compact,none,33,4,29,99e8202
2,branching-arith-medium,1000,196,literal,none,150,125,25,99e8202
2,branching-arith-medium,1000,196,literal,gzip,128,103,25,99e8202
2,branching-arith-medium,1000,197,compact,none,33,4,29,99e8202
2,branching-arith-medium,1000,197,literal,none,150,125,25,99e8202
2,branching-arith-medium,1000,197,literal,gzip,129,104,25,99e8202
2,branching-arith-medium,1000,198,compact,none,33,4,29,99e8202
2,branching-arith-medium,1000,198,literal,none,150,125,25,99e8202
2,branching-arith-medium,1000,198,literal,gzip,130,105,25,99e8202
2,branching-arith-medium,1000,199,compact,none,33,4,29,99e8202
2,branching-arith-medium,1000,199,literal,none,150,125,25,99e8202
2,branching-arith-medium,1000,199,literal,gzip,130,105,25,99e8202
2,branching-arith-medium,1000,200,compact,none,33,4,29,99e8202
2,branching-arith-medium,1000,200,literal,none,150,125,25,99e8202
2,branching-arith-medium,1000,200,literal,gzip,128,103,25,99e8202
2,branching-arith-medium,1000,201,compact,none,33,4,29,99e8202
2,branching-arith-medium,1000,201,literal,none,150,125,25,99e8202
2,branching-arith-medium,1000,201,literal,gzip,130,105,25,99e8202
2,branching-arith-medium,1000,202,compact,none,33,4,29,99e8202
2,branching-arith-medium,1000,202,literal,none,150,125,25,99e8202
2,branching-arith-medium,1000,202,literal,gzip,131,106,25,99e8202
2,branching-arith-medium,1000,203,compact,none,33,4,29,99e8202
2,branching-arith-medium,1000,203,literal,none,150,125,25,99e8202
2,branching-arith-medium,1000,203,literal,gzip,130,105,25,99e8202
2,branching-arith-medium,1000,204,compact,none,33,4,29,99e8202
2,branching-arith-medium,1000,204,literal,none,150,125,25,99e8202
2,branching-arith-medium,1000,204,literal,gzip,128,103,25,99e8202
2,branching-arith-medium,1000,205,compact,none,33,4,29,99e8202
2,branching-arith-medium,1000,205,literal,none,150,125,25,99e8202
2,branching-arith-medium,1000,205,literal,gzip,129,104,25,99e8202
2,branching-arith-medium,1000,206,compact,none,33,4,29,99e8202
2,branching-arith-medium,1000,206,literal,none,150,125,25,99e8202
2,branching-arith-medium,1000,206,literal,gzip,130,105,25,99e8202
2,branching-arith-medium,1000,207,compact,none,33,4,29,99e8202
2,branching-arith-medium,1000,207,literal,none,150,125,25,99e8202
2,branching-arith-medium,1000,207,literal,gzip,130,105,25,99e8202
2,branching-arith-medium,1000,208,compact,none,33,4,29,99e8202
2,branching-arith-medium,1000,208,literal,none,150,125,25,99e8202
2,branching-arith-medium,1000,208,literal,gzip,129,104,25,99e8202
2,branching-arith-medium,1000,209,compact,none,33,4,29,99e8202
2,branching-arith-medium,1000,209,literal,none,150,125,25,99e8202
2,branching-arith-medium,1000,209,literal,gzip,130,105,25,99e8202
2,branching-arith-medium,1000,210,compact,none,33,4,29,99e8202
2,branching-arith-medium,1000,210,literal,none,150,125,25,99e8202
2,branching-arith-medium,1000,210,literal,gzip,129,104,25,99e8202
2,branching-arith-medium,1000,211,compact,none,33,4,29,99e8202
2,branching-arith-medium,1000,211,literal,none,150,125,25,99e8202
2,branching-arith-medium,1000,211,literal,gzip,130,105,25,99e8202
2,branching-arith-medium,1000,212,compact,none,33,4,29,99e8202
2,branching-arith-medium,1000,212,literal,none,150,125,25,99e8202
2,branching-arith-medium,1000,212,literal,gzip,128,103,25,99e8202
2,branching-arith-medium,1000,213,compact,none,33,4,29,99e8202
2,branching-arith-medium,1000,213,literal,none,150,125,25,99e8202
2,branching-arith-medium,1000,213,literal,gzip,130,105,25,99e8202
2,branching-arith-medium,1000,214,compact,none,33,4,29,99e8202
2,branching-arith-medium,1000,214,literal,none,150,125,25,99e8202
2,branching-arith-medium,1000,214,literal,gzip,130,105,25,99e8202
2,branching-arith-medium,1000,215,compact,none,33,4,29,99e8202
2,branching-arith-medium,1000,215,literal,none,150,125,25,99e8202
2,branching-arith-medium,1000,215,literal,gzip,130,105,25,99e8202
2,branching-arith-medium,1000,216,compact,none,33,4,29,99e8202
2,branching-arith-medium,1000,216,literal,none,150,125,25,99e8202
2,branching-arith-medium,1000,216,literal,gzip,129,104,25,99e8202
2,branching-arith-medium,1000,217,compact,none,33,4,29,99e8202
2,branching-arith-medium,1000,217,literal,none,150,125,25,99e8202
2,branching-arith-medium,1000,217,literal,gzip,129,104,25,99e8202
2,branching-arith-medium,1000,218,compact,none,33,4,29,99e8202
2,branching-arith-medium,1000,218,literal,none,150,125,25,99e8202
2,branching-arith-medium,1000,218,literal,gzip,130,105,25,99e8202
2,branching-arith-medium,1000,219,compact,none,33,4,29,99e8202
2,branching-arith-medium,1000,219,literal,none,150,125,25,99e8202
2,branching-arith-medium,1000,219,literal,gzip,130,105,25,99e8202
2,branching-arith-medium,1000,220,compact,none,33,4,29,99e8202
2,branching-arith-medium,1000,220,literal,none,150,125,25,99e8202
2,branching-arith-medium,1000,220,literal,gzip,129,104,25,99e8202
2,branching-arith-medium,1000,221,compact,none,33,4,29,99e8202
2,branching-arith-medium,1000,221,literal,none,150,125,25,99e8202
2,branching-arith-medium,1000,221,literal,gzip,130,105,25,99e8202
2,branching-arith-medium,1000,222,compact,none,33,4,29,99e8202
2,branching-arith-medium,1000,222,literal,none,150,125,25,99e8202
2,branching-arith-medium,1000,222,literal,gzip,131,106,25,99e8202
2,branching-arith-medium,1000,223,compact,none,33,4,29,99e8202
2,branching-arith-medium,1000,223,literal,none,150,125,25,99e8202
2,branching-arith-medium,1000,223,literal,gzip,130,105,25,99e8202
2,branching-arith-medium,1000,224,compact,none,33,4,29,99e8202
2,branching-arith-medium,1000,224,literal,none,150,125,25,99e8202
2,branching-arith-medium,1000,224,literal,gzip,128,103,25,99e8202
2,branching-arith-medium,1000,225,compact,none,33,4,29,99e8202
2,branching-arith-medium,1000,225,literal,none,150,125,25,99e8202
2,branching-arith-medium,1000,225,literal,gzip,129,104,25,99e8202
2,branching-arith-medium,1000,226,compact,none,33,4,29,99e8202
2,branching-arith-medium,1000,226,literal,none,150,125,25,99e8202
2,branching-arith-medium,1000,226,literal,gzip,130,105,25,99e8202
2,branching-arith-medium,1000,227,compact,none,33,4,29,99e8202
2,branching-arith-medium,1000,227,literal,none,150,125,25,99e8202
2,branching-arith-medium,1000,227,literal,gzip,130,105,25,99e8202
2,branching-arith-medium,1000,228,compact,none,33,4,29,99e8202
2,branching-arith-medium,1000,228,literal,none,150,125,25,99e8202
2,branching-arith-medium,1000,228,literal,gzip,128,103,25,99e8202
2,branching-arith-medium,1000,229,compact,none,33,4,29,99e8202
2,branching-arith-medium,1000,229,literal,none,150,125,25,99e8202
2,branching-arith-medium,1000,229,literal,gzip,130,105,25,99e8202
2,branching-arith-medium,1000,230,compact,none,33,4,29,99e8202
2,branching-arith-medium,1000,230,literal,none,150,125,25,99e8202
2,branching-arith-medium,1000,230,literal,gzip,131,106,25,99e8202
2,branching-arith-medium,1000,231,compact,none,33,4,29,99e8202
2,branching-arith-medium,1000,231,literal,none,150,125,25,99e8202
2,branching-arith-medium,1000,231,literal,gzip,130,105,25,99e8202
2,branching-arith-medium,1000,232,compact,none,33,4,29,99e8202
2,branching-arith-medium,1000,232,literal,none,150,125,25,99e8202
2,branching-arith-medium,1000,232,literal,gzip,128,103,25,99e8202
2,branching-arith-medium,1000,233,compact,none,33,4,29,99e8202
2,branching-arith-medium,1000,233,literal,none,150,125,25,99e8202
2,branching-arith-medium,1000,233,literal,gzip,129,104,25,99e8202
2,branching-arith-medium,1000,234,compact,none,33,4,29,99e8202
2,branching-arith-medium,1000,234,literal,none,150,125,25,99e8202
2,branching-arith-medium,1000,234,literal,gzip,130,105,25,99e8202
2,branching-arith-medium,1000,235,compact,none,33,4,29,99e8202
2,branching-arith-medium,1000,235,literal,none,150,125,25,99e8202
2,branching-arith-medium,1000,235,literal,gzip,130,105,25,99e8202
2,branching-arith-medium,1000,236,compact,none,33,4,29,99e8202
2,branching-arith-medium,1000,236,literal,none,150,125,25,99e8202
2,branching-arith-medium,1000,236,literal,gzip,129,104,25,99e8202
2,branching-arith-medium,1000,237,compact,none,33,4,29,99e8202
2,branching-arith-medium,1000,237,literal,none,150,125,25,99e8202
2,branching-arith-medium,1000,237,literal,gzip,130,105,25,99e8202
2,branching-arith-medium,1000,238,compact,none,33,4,29,99e8202
2,branching-arith-medium,1000,238,literal,none,150,125,25,99e8202
2,branching-arith-medium,1000,238,literal,gzip,129,104,25,99e8202
2,branching-arith-medium,1000,239,compact,none,33,4,29,99e8202
2,branching-arith-medium,1000,239,literal,none,150,125,25,99e8202
2,branching-arith-medium,1000,239,literal,gzip,130,105,25,99e8202
2,branching-arith-medium,1000,240,compact,none,33,4,29,99e8202
2,branching-arith-medium,1000,240,literal,none,150,125,25,99e8202
2,branching-arith-medium,1000,240,literal,gzip,128,103,25,99e8202
2,branching-arith-medium,1000,241,compact,none,33,4,29,99e8202
2,branching-arith-medium,1000,241,literal,none,150,125,25,99e8202
2,branching-arith-medium,1000,241,literal,gzip,130,105,25,99e8202
2,branching-arith-medium,1000,242,compact,none,33,4,29,99e8202
2,branching-arith-medium,1000,242,literal,none,150,125,25,99e8202
2,branching-arith-medium,1000,242,literal,gzip,130,105,25,99e8202
2,branching-arith-medium,1000,243,compact,none,33,4,29,99e8202
2,branching-arith-medium,1000,243,literal,none,150,125,25,99e8202
2,branching-arith-medium,1000,243,literal,gzip,130,105,25,99e8202
2,branching-arith-medium,1000,244,compact,none,33,4,29,99e8202
2,branching-arith-medium,1000,244,literal,none,150,125,25,99e8202
2,branching-arith-medium,1000,244,literal,gzip,129,104,25,99e8202
2,branching-arith-medium,1000,245,compact,none,33,4,29,99e8202
2,branching-arith-medium,1000,245,literal,none,150,125,25,99e8202
2,branching-arith-medium,1000,245,literal,gzip,129,104,25,99e8202
2,branching-arith-medium,1000,246,compact,none,33,4,29,99e8202
2,branching-arith-medium,1000,246,literal,none,150,125,25,99e8202
2,branching-arith-medium,1000,246,literal,gzip,130,105,25,99e8202
2,branching-arith-medium,1000,247,compact,none,33,4,29,99e8202
2,branching-arith-medium,1000,247,literal,none,150,125,25,99e8202
2,branching-arith-medium,1000,247,literal,gzip,130,105,25,99e8202
2,branching-arith-medium,1000,248,compact,none,33,4,29,99e8202
2,branching-arith-medium,1000,248,literal,none,150,125,25,99e8202
2,branching-arith-medium,1000,248,literal,gzip,129,104,25,99e8202
2,branching-arith-medium,1000,249,compact,none,33,4,29,99e8202
2,branching-arith-medium,1000,249,literal,none,150,125,25,99e8202
2,branching-arith-medium,1000,249,literal,gzip,130,105,25,99e8202
2,branching-arith-medium,1000,250,compact,none,33,4,29,99e8202
2,branching-arith-medium,1000,250,literal,none,150,125,25,99e8202
2,branching-arith-medium,1000,250,literal,gzip,131,106,25,99e8202
2,branching-arith-medium,1000,251,compact,none,33,4,29,99e8202
2,branching-arith-medium,1000,251,literal,none,150,125,25,99e8202
2,branching-arith-medium,1000,251,literal,gzip,130,105,25,99e8202
2,branching-arith-medium,1000,252,compact,none,33,4,29,99e8202
2,branching-arith-medium,1000,252,literal,none,150,125,25,99e8202
2,branching-arith-medium,1000,252,literal,gzip,128,103,25,99e8202
2,branching-arith-medium,1000,253,compact,none,33,4,29,99e8202
2,branching-arith-medium,1000,253,literal,none,150,125,25,99e8202
2,branching-arith-medium,1000,253,literal,gzip,129,104,25,99e8202
2,branching-arith-medium,1000,254,compact,none,33,4,29,99e8202
2,branching-arith-medium,1000,254,literal,none,150,125,25,99e8202
2,branching-arith-medium,1000,254,literal,gzip,130,105,25,99e8202
2,branching-arith-medium,1000,255,compact,none,33,4,29,99e8202
2,branching-arith-medium,1000,255,literal,none,150,125,25,99e8202
2,branching-arith-medium,1000,255,literal,gzip,130,105,25,99e8202
2,branching-arith-medium,1000,256,compact,none,33,4,29,99e8202
2,branching-arith-medium,1000,256,literal,none,150,125,25,99e8202
2,branching-arith-medium,1000,256,literal,gzip,128,103,25,99e8202
2,branching-arith-medium,1000,257,compact,none,33,4,29,99e8202
2,branching-arith-medium,1000,257,literal,none,150,125,25,99e8202
2,branching-arith-medium,1000,257,literal,gzip,130,105,25,99e8202
2,branching-arith-medium,1000,258,compact,none,33,4,29,99e8202
2,branching-arith-medium,1000,258,literal,none,150,125,25,99e8202
2,branching-arith-medium,1000,258,literal,gzip,131,106,25,99e8202
2,branching-arith-medium,1000,259,compact,none,33,4,29,99e8202
2,branching-arith-medium,1000,259,literal,none,150,125,25,99e8202
2,branching-arith-medium,1000,259,literal,gzip,130,105,25,99e8202
2,branching-arith-medium,1000,260,compact,none,33,4,29,99e8202
2,branching-arith-medium,1000,260,literal,none,150,125,25,99e8202
2,branching-arith-medium,1000,260,literal,gzip,128,103,25,99e8202
2,branching-arith-medium,1000,261,compact,none,33,4,29,99e8202
2,branching-arith-medium,1000,261,literal,none,150,125,25,99e8202
2,branching-arith-medium,1000,261,literal,gzip,129,104,25,99e8202
2,branching-arith-medium,1000,262,compact,none,33,4,29,99e8202
2,branching-arith-medium,1000,262,literal,none,150,125,25,99e8202
2,branching-arith-medium,1000,262,literal,gzip,130,105,25,99e8202
2,branching-arith-medium,1000,263,compact,none,33,4,29,99e8202
2,branching-arith-medium,1000,263,literal,none,150,125,25,99e8202
2,branching-arith-medium,1000,263,literal,gzip,130,105,25,99e8202
2,branching-arith-medium,1000,264,compact,none,33,4,29,99e8202
2,branching-arith-medium,1000,264,literal,none,150,125,25,99e8202
2,branching-arith-medium,1000,264,literal,gzip,129,104,25,99e8202
2,branching-arith-medium,1000,265,compact,none,33,4,29,99e8202
2,branching-arith-medium,1000,265,literal,none,150,125,25,99e8202
2,branching-arith-medium,1000,265,literal,gzip,130,105,25,99e8202
2,branching-arith-medium,1000,266,compact,none,33,4,29,99e8202
2,branching-arith-medium,1000,266,literal,none,150,125,25,99e8202
2,branching-arith-medium,1000,266,literal,gzip,129,104,25,99e8202
2,branching-arith-medium,1000,267,compact,none,33,4,29,99e8202
2,branching-arith-medium,1000,267,literal,none,150,125,25,99e8202
2,branching-arith-medium,1000,267,literal,gzip,130,105,25,99e8202
2,branching-arith-medium,1000,268,compact,none,33,4,29,99e8202
2,branching-arith-medium,1000,268,literal,none,150,125,25,99e8202
2,branching-arith-medium,1000,268,literal,gzip,128,103,25,99e8202
2,branching-arith-medium,1000,269,compact,none,33,4,29,99e8202
2,branching-arith-medium,1000,269,literal,none,150,125,25,99e8202
2,branching-arith-medium,1000,269,literal,gzip,130,105,25,99e8202
2,branching-arith-medium,1000,270,compact,none,33,4,29,99e8202
2,branching-arith-medium,1000,270,literal,none,150,125,25,99e8202
2,branching-arith-medium,1000,270,literal,gzip,130,105,25,99e8202
2,branching-arith-medium,1000,271,compact,none,33,4,29,99e8202
2,branching-arith-medium,1000,271,literal,none,150,125,25,99e8202
2,branching-arith-medium,1000,271,literal,gzip,130,105,25,99e8202
2,branching-arith-medium,1000,272,compact,none,33,4,29,99e8202
2,branching-arith-medium,1000,272,literal,none,150,125,25,99e8202
2,branching-arith-medium,1000,272,literal,gzip,129,104,25,99e8202
2,branching-arith-medium,1000,273,compact,none,33,4,29,99e8202
2,branching-arith-medium,1000,273,literal,none,150,125,25,99e8202
2,branching-arith-medium,1000,273,literal,gzip,129,104,25,99e8202
2,branching-arith-medium,1000,274,compact,none,33,4,29,99e8202
2,branching-arith-medium,1000,274,literal,none,150,125,25,99e8202
2,branching-arith-medium,1000,274,literal,gzip,130,105,25,99e8202
2,branching-arith-medium,1000,275,compact,none,33,4,29,99e8202
2,branching-arith-medium,1000,275,literal,none,150,125,25,99e8202
2,branching-arith-medium,1000,275,literal,gzip,130,105,25,99e8202
2,branching-arith-medium,1000,276,compact,none,33,4,29,99e8202
2,branching-arith-medium,1000,276,literal,none,150,125,25,99e8202
2,branching-arith-medium,1000,276,literal,gzip,129,104,25,99e8202
2,branching-arith-medium,1000,277,compact,none,33,4,29,99e8202
2,branching-arith-medium,1000,277,literal,none,150,125,25,99e8202
2,branching-arith-medium,1000,277,literal,gzip,130,105,25,99e8202
2,branching-arith-medium,1000,278,compact,none,33,4,29,99e8202
2,branching-arith-medium,1000,278,literal,none,150,125,25,99e8202
2,branching-arith-medium,1000,278,literal,gzip,131,106,25,99e8202
2,branching-arith-medium,1000,279,compact,none,33,4,29,99e8202
2,branching-arith-medium,1000,279,literal,none,150,125,25,99e8202
2,branching-arith-medium,1000,279,literal,gzip,130,105,25,99e8202
2,branching-arith-medium,1000,280,compact,none,33,4,29,99e8202
2,branching-arith-medium,1000,280,literal,none,150,125,25,99e8202
2,branching-arith-medium,1000,280,literal,gzip,128,103,25,99e8202
2,branching-arith-medium,1000,281,compact,none,33,4,29,99e8202
2,branching-arith-medium,1000,281,literal,none,150,125,25,99e8202
2,branching-arith-medium,1000,281,literal,gzip,129,104,25,99e8202
2,branching-arith-medium,1000,282,compact,none,33,4,29,99e8202
2,branching-arith-medium,1000,282,literal,none,150,125,25,99e8202
2,branching-arith-medium,1000,282,literal,gzip,130,105,25,99e8202
2,branching-arith-medium,1000,283,compact,none,33,4,29,99e8202
2,branching-arith-medium,1000,283,literal,none,150,125,25,99e8202
2,branching-arith-medium,1000,283,literal,gzip,130,105,25,99e8202
2,branching-arith-medium,1000,284,compact,none,33,4,29,99e8202
2,branching-arith-medium,1000,284,literal,none,150,125,25,99e8202
2,branching-arith-medium,1000,284,literal,gzip,128,103,25,99e8202
2,branching-arith-medium,1000,285,compact,none,33,4,29,99e8202
2,branching-arith-medium,1000,285,literal,none,150,125,25,99e8202
2,branching-arith-medium,1000,285,literal,gzip,130,105,25,99e8202
2,branching-arith-medium,1000,286,compact,none,33,4,29,99e8202
2,branching-arith-medium,1000,286,literal,none,150,125,25,99e8202
2,branching-arith-medium,1000,286,literal,gzip,131,106,25,99e8202
2,branching-arith-medium,1000,287,compact,none,33,4,29,99e8202
2,branching-arith-medium,1000,287,literal,none,150,125,25,99e8202
2,branching-arith-medium,1000,287,literal,gzip,130,105,25,99e8202
2,branching-arith-medium,1000,288,compact,none,33,4,29,99e8202
2,branching-arith-medium,1000,288,literal,none,150,125,25,99e8202
2,branching-arith-medium,1000,288,literal,gzip,128,103,25,99e8202
2,branching-arith-medium,1000,289,compact,none,33,4,29,99e8202
2,branching-arith-medium,1000,289,literal,none,150,125,25,99e8202
2,branching-arith-medium,1000,289,literal,gzip,129,104,25,99e8202
2,branching-arith-medium,1000,290,compact,none,33,4,29,99e8202
2,branching-arith-medium,1000,290,literal,none,150,125,25,99e8202
2,branching-arith-medium,1000,290,literal,gzip,130,105,25,99e8202
2,branching-arith-medium,1000,291,compact,none,33,4,29,99e8202
2,branching-arith-medium,1000,291,literal,none,150,125,25,99e8202
2,branching-arith-medium,1000,291,literal,gzip,130,105,25,99e8202
2,branching-arith-medium,1000,292,compact,none,33,4,29,99e8202
2,branching-arith-medium,1000,292,literal,none,150,125,25,99e8202
2,branching-arith-medium,1000,292,literal,gzip,129,104,25,99e8202
2,branching-arith-medium,1000,293,compact,none,33,4,29,99e8202
2,branching-arith-medium,1000,293,literal,none,150,125,25,99e8202
2,branching-arith-medium,1000,293,literal,gzip,130,105,25,99e8202
2,branching-arith-medium,1000,294,compact,none,33,4,29,99e8202
2,branching-arith-medium,1000,294,literal,none,150,125,25,99e8202
2,branching-arith-medium,1000,294,literal,gzip,129,104,25,99e8202
2,branching-arith-medium,1000,295,compact,none,33,4,29,99e8202
2,branching-arith-medium,1000,295,literal,none,150,125,25,99e8202
2,branching-arith-medium,1000,295,literal,gzip,130,105,25,99e8202
2,branching-arith-medium,1000,296,compact,none,33,4,29,99e8202
2,branching-arith-medium,1000,296,literal,none,150,125,25,99e8202
2,branching-arith-medium,1000,296,literal,gzip,128,103,25,99e8202
2,branching-arith-medium,1000,297,compact,none,33,4,29,99e8202
2,branching-arith-medium,1000,297,literal,none,150,125,25,99e8202
2,branching-arith-medium,1000,297,literal,gzip,130,105,25,99e8202
2,branching-arith-medium,1000,298,compact,none,33,4,29,99e8202
2,branching-arith-medium,1000,298,literal,none,150,125,25,99e8202
2,branching-arith-medium,1000,298,literal,gzip,130,105,25,99e8202
2,branching-arith-medium,1000,299,compact,none,33,4,29,99e8202
2,branching-arith-medium,1000,299,literal,none,150,125,25,99e8202
2,branching-arith-medium,1000,299,literal,gzip,130,105,25,99e8202
2,branching-arith-medium,1000,300,compact,none,33,4,29,99e8202
2,branching-arith-medium,1000,300,literal,none,150,125,25,99e8202
2,branching-arith-medium,1000,300,literal,gzip,129,104,25,99e8202
2,branching-arith-medium,1000,301,compact,none,33,4,29,99e8202
2,branching-arith-medium,1000,301,literal,none,150,125,25,99e8202
2,branching-arith-medium,1000,301,literal,gzip,129,104,25,99e8202
2,branching-arith-medium,1000,302,compact,none,33,4,29,99e8202
2,branching-arith-medium,1000,302,literal,none,150,125,25,99e8202
2,branching-arith-medium,1000,302,literal,gzip,130,105,25,99e8202
2,branching-arith-medium,1000,303,compact,none,33,4,29,99e8202
2,branching-arith-medium,1000,303,literal,none,150,125,25,99e8202
2,branching-arith-medium,1000,303,literal,gzip,130,105,25,99e8202
2,branching-arith-medium,1000,304,compact,none,33,4,29,99e8202
2,branching-arith-medium,1000,304,literal,none,150,125,25,99e8202
2,branching-arith-medium,1000,304,literal,gzip,129,104,25,99e8202
2,branching-arith-medium,1000,305,compact,none,33,4,29,99e8202
2,branching-arith-medium,1000,305,literal,none,150,125,25,99e8202
2,branching-arith-medium,1000,305,literal,gzip,130,105,25,99e8202
2,branching-arith-medium,1000,306,compact,none,33,4,29,99e8202
2,branching-arith-medium,1000,306,literal,none,150,125,25,99e8202
2,branching-arith-medium,1000,306,literal,gzip,131,106,25,99e8202
2,branching-arith-medium,1000,307,compact,none,33,4,29,99e8202
2,branching-arith-medium,1000,307,literal,none,150,125,25,99e8202
2,branching-arith-medium,1000,307,literal,gzip,130,105,25,99e8202
2,branching-arith-medium,1000,308,compact,none,33,4,29,99e8202
2,branching-arith-medium,1000,308,literal,none,150,125,25,99e8202
2,branching-arith-medium,1000,308,literal,gzip,128,103,25,99e8202
2,branching-arith-medium,1000,309,compact,none,33,4,29,99e8202
2,branching-arith-medium,1000,309,literal,none,150,125,25,99e8202
2,branching-arith-medium,1000,309,literal,gzip,129,104,25,99e8202
2,branching-arith-medium,1000,310,compact,none,33,4,29,99e8202
2,branching-arith-medium,1000,310,literal,none,150,125,25,99e8202
2,branching-arith-medium,1000,310,literal,gzip,130,105,25,99e8202
2,branching-arith-medium,1000,311,compact,none,33,4,29,99e8202
2,branching-arith-medium,1000,311,literal,none,150,125,25,99e8202
2,branching-arith-medium,1000,311,literal,gzip,130,105,25,99e8202
2,branching-arith-medium,1000,312,compact,none,33,4,29,99e8202
2,branching-arith-medium,1000,312,literal,none,150,125,25,99e8202
2,branching-arith-medium,1000,312,literal,gzip,128,103,25,99e8202
2,branching-arith-medium,1000,313,compact,none,33,4,29,99e8202
2,branching-arith-medium,1000,313,literal,none,150,125,25,99e8202
2,branching-arith-medium,1000,313,literal,gzip,130,105,25,99e8202
2,branching-arith-medium,1000,314,compact,none,33,4,29,99e8202
2,branching-arith-medium,1000,314,literal,none,150,125,25,99e8202
2,branching-arith-medium,1000,314,literal,gzip,131,106,25,99e8202
2,branching-arith-medium,1000,315,compact,none,33,4,29,99e8202
2,branching-arith-medium,1000,315,literal,none,150,125,25,99e8202
2,branching-arith-medium,1000,315,literal,gzip,130,105,25,99e8202
2,branching-arith-medium,1000,316,compact,none,33,4,29,99e8202
2,branching-arith-medium,1000,316,literal,none,150,125,25,99e8202
2,branching-arith-medium,1000,316,literal,gzip,128,103,25,99e8202
2,branching-arith-medium,1000,317,compact,none,33,4,29,99e8202
2,branching-arith-medium,1000,317,literal,none,150,125,25,99e8202
2,branching-arith-medium,1000,317,literal,gzip,129,104,25,99e8202
2,branching-arith-medium,1000,318,compact,none,33,4,29,99e8202
2,branching-arith-medium,1000,318,literal,none,150,125,25,99e8202
2,branching-arith-medium,1000,318,literal,gzip,130,105,25,99e8202
2,branching-arith-medium,1000,319,compact,none,33,4,29,99e8202
2,branching-arith-medium,1000,319,literal,none,150,125,25,99e8202
2,branching-arith-medium,1000,319,literal,gzip,130,105,25,99e8202
2,branching-arith-medium,1000,320,compact,none,33,4,29,99e8202
2,branching-arith-medium,1000,320,literal,none,150,125,25,99e8202
2,branching-arith-medium,1000,320,literal,gzip,129,104,25,99e8202
2,branching-arith-medium,1000,321,compact,none,33,4,29,99e8202
2,branching-arith-medium,1000,321,literal,none,150,125,25,99e8202
2,branching-arith-medium,1000,321,literal,gzip,130,105,25,99e8202
2,branching-arith-medium,1000,322,compact,none,33,4,29,99e8202
2,branching-arith-medium,1000,322,literal,none,150,125,25,99e8202
2,branching-arith-medium,1000,322,literal,gzip,129,104,25,99e8202
2,branching-arith-medium,1000,323,compact,none,33,4,29,99e8202
2,branching-arith-medium,1000,323,literal,none,150,125,25,99e8202
2,branching-arith-medium,1000,323,literal,gzip,130,105,25,99e8202
2,branching-arith-medium,1000,324,compact,none,33,4,29,99e8202
2,branching-arith-medium,1000,324,literal,none,150,125,25,99e8202
2,branching-arith-medium,1000,324,literal,gzip,128,103,25,99e8202
2,branching-arith-medium,1000,325,compact,none,33,4,29,99e8202
2,branching-arith-medium,1000,325,literal,none,150,125,25,99e8202
2,branching-arith-medium,1000,325,literal,gzip,130,105,25,99e8202
2,branching-arith-medium,1000,326,compact,none,33,4,29,99e8202
2,branching-arith-medium,1000,326,literal,none,150,125,25,99e8202
2,branching-arith-medium,1000,326,literal,gzip,130,105,25,99e8202
2,branching-arith-medium,1000,327,compact,none,33,4,29,99e8202
2,branching-arith-medium,1000,327,literal,none,150,125,25,99e8202
2,branching-arith-medium,1000,327,literal,gzip,130,105,25,99e8202
2,branching-arith-medium,1000,328,compact,none,33,4,29,99e8202
2,branching-arith-medium,1000,328,literal,none,150,125,25,99e8202
2,branching-arith-medium,1000,328,literal,gzip,129,104,25,99e8202
2,branching-arith-medium,1000,329,compact,none,33,4,29,99e8202
2,branching-arith-medium,1000,329,literal,none,150,125,25,99e8202
2,branching-arith-medium,1000,329,literal,gzip,129,104,25,99e8202
2,branching-arith-medium,1000,330,compact,none,33,4,29,99e8202
2,branching-arith-medium,1000,330,literal,none,150,125,25,99e8202
2,branching-arith-medium,1000,330,literal,gzip,130,105,25,99e8202
2,branching-arith-medium,1000,331,compact,none,33,4,29,99e8202
2,branching-arith-medium,1000,331,literal,none,150,125,25,99e8202
2,branching-arith-medium,1000,331,literal,gzip,130,105,25,99e8202
2,branching-arith-medium,1000,332,compact,none,33,4,29,99e8202
2,branching-arith-medium,1000,332,literal,none,150,125,25,99e8202
2,branching-arith-medium,1000,332,literal,gzip,129,104,25,99e8202
2,branching-arith-medium,1000,333,compact,none,33,4,29,99e8202
2,branching-arith-medium,1000,333,literal,none,150,125,25,99e8202
2,branching-arith-medium,1000,333,literal,gzip,130,105,25,99e8202
2,branching-arith-medium,1000,334,compact,none,33,4,29,99e8202
2,branching-arith-medium,1000,334,literal,none,150,125,25,99e8202
2,branching-arith-medium,1000,334,literal,gzip,131,106,25,99e8202
2,branching-arith-medium,1000,335,compact,none,33,4,29,99e8202
2,branching-arith-medium,1000,335,literal,none,150,125,25,99e8202
2,branching-arith-medium,1000,335,literal,gzip,130,105,25,99e8202
2,branching-arith-medium,1000,336,compact,none,33,4,29,99e8202
2,branching-arith-medium,1000,336,literal,none,150,125,25,99e8202
2,branching-arith-medium,1000,336,literal,gzip,128,103,25,99e8202
2,branching-arith-medium,1000,337,compact,none,33,4,29,99e8202
2,branching-arith-medium,1000,337,literal,none,150,125,25,99e8202
2,branching-arith-medium,1000,337,literal,gzip,129,104,25,99e8202
2,branching-arith-medium,1000,338,compact,none,33,4,29,99e8202
2,branching-arith-medium,1000,338,literal,none,150,125,25,99e8202
2,branching-arith-medium,1000,338,literal,gzip,130,105,25,99e8202
2,branching-arith-medium,1000,339,compact,none,33,4,29,99e8202
2,branching-arith-medium,1000,339,literal,none,150,125,25,99e8202
2,branching-arith-medium,1000,339,literal,gzip,130,105,25,99e8202
2,branching-arith-medium,1000,340,compact,none,33,4,29,99e8202
2,branching-arith-medium,1000,340,literal,none,150,125,25,99e8202
2,branching-arith-medium,1000,340,literal,gzip,128,103,25,99e8202
2,branching-arith-medium,1000,341,compact,none,33,4,29,99e8202
2,branching-arith-medium,1000,341,literal,none,150,125,25,99e8202
2,branching-arith-medium,1000,341,literal,gzip,130,105,25,99e8202
2,branching-arith-medium,1000,342,compact,none,33,4,29,99e8202
2,branching-arith-medium,1000,342,literal,none,150,125,25,99e8202
2,branching-arith-medium,1000,342,literal,gzip,131,106,25,99e8202
2,branching-arith-medium,1000,343,compact,none,33,4,29,99e8202
2,branching-arith-medium,1000,343,literal,none,150,125,25,99e8202
2,branching-arith-medium,1000,343,literal,gzip,130,105,25,99e8202
2,branching-arith-medium,1000,344,compact,none,33,4,29,99e8202
2,branching-arith-medium,1000,344,literal,none,150,125,25,99e8202
2,branching-arith-medium,1000,344,literal,gzip,128,103,25,99e8202
2,branching-arith-medium,1000,345,compact,none,33,4,29,99e8202
2,branching-arith-medium,1000,345,literal,none,150,125,25,99e8202
2,branching-arith-medium,1000,345,literal,gzip,129,104,25,99e8202
2,branching-arith-medium,1000,346,compact,none,33,4,29,99e8202
2,branching-arith-medium,1000,346,literal,none,150,125,25,99e8202
2,branching-arith-medium,1000,346,literal,gzip,130,105,25,99e8202
2,branching-arith-medium,1000,347,compact,none,33,4,29,99e8202
2,branching-arith-medium,1000,347,literal,none,150,125,25,99e8202
2,branching-arith-medium,1000,347,literal,gzip,130,105,25,99e8202
2,branching-arith-medium,1000,348,compact,none,33,4,29,99e8202
2,branching-arith-medium,1000,348,literal,none,150,125,25,99e8202
2,branching-arith-medium,1000,348,literal,gzip,129,104,25,99e8202
2,branching-arith-medium,1000,349,compact,none,33,4,29,99e8202
2,branching-arith-medium,1000,349,literal,none,150,125,25,99e8202
2,branching-arith-medium,1000,349,literal,gzip,130,105,25,99e8202
2,branching-arith-medium,1000,350,compact,none,33,4,29,99e8202
2,branching-arith-medium,1000,350,literal,none,150,125,25,99e8202
2,branching-arith-medium,1000,350,literal,gzip,129,104,25,99e8202
2,branching-arith-medium,1000,351,compact,none,33,4,29,99e8202
2,branching-arith-medium,1000,351,literal,none,150,125,25,99e8202
2,branching-arith-medium,1000,351,literal,gzip,130,105,25,99e8202
2,branching-arith-medium,1000,352,compact,none,33,4,29,99e8202
2,branching-arith-medium,1000,352,literal,none,150,125,25,99e8202
2,branching-arith-medium,1000,352,literal,gzip,128,103,25,99e8202
2,branching-arith-medium,1000,353,compact,none,33,4,29,99e8202
2,branching-arith-medium,1000,353,literal,none,150,125,25,99e8202
2,branching-arith-medium,1000,353,literal,gzip,130,105,25,99e8202
2,branching-arith-medium,1000,354,compact,none,33,4,29,99e8202
2,branching-arith-medium,1000,354,literal,none,150,125,25,99e8202
2,branching-arith-medium,1000,354,literal,gzip,130,105,25,99e8202
2,branching-arith-medium,1000,355,compact,none,33,4,29,99e8202
2,branching-arith-medium,1000,355,literal,none,150,125,25,99e8202
2,branching-arith-medium,1000,355,literal,gzip,130,105,25,99e8202
2,branching-arith-medium,1000,356,compact,none,33,4,29,99e8202
2,branching-arith-medium,1000,356,literal,none,150,125,25,99e8202
2,branching-arith-medium,1000,356,literal,gzip,129,104,25,99e8202
2,branching-arith-medium,1000,357,compact,none,33,4,29,99e8202
2,branching-arith-medium,1000,357,literal,none,150,125,25,99e8202
2,branching-arith-medium,1000,357,literal,gzip,129,104,25,99e8202
2,branching-arith-medium,1000,358,compact,none,33,4,29,99e8202
2,branching-arith-medium,1000,358,literal,none,150,125,25,99e8202
2,branching-arith-medium,1000,358,literal,gzip,130,105,25,99e8202
2,branching-arith-medium,1000,359,compact,none,33,4,29,99e8202
2,branching-arith-medium,1000,359,literal,none,150,125,25,99e8202
2,branching-arith-medium,1000,359,literal,gzip,130,105,25,99e8202
2,branching-arith-medium,1000,360,compact,none,33,4,29,99e8202
2,branching-arith-medium,1000,360,literal,none,150,125,25,99e8202
2,branching-arith-medium,1000,360,literal,gzip,129,104,25,99e8202
2,branching-arith-medium,1000,361,compact,none,33,4,29,99e8202
2,branching-arith-medium,1000,361,literal,none,150,125,25,99e8202
2,branching-arith-medium,1000,361,literal,gzip,130,105,25,99e8202
2,branching-arith-medium,1000,362,compact,none,33,4,29,99e8202
2,branching-arith-medium,1000,362,literal,none,150,125,25,99e8202
2,branching-arith-medium,1000,362,literal,gzip,131,106,25,99e8202
2,branching-arith-medium,1000,363,compact,none,33,4,29,99e8202
2,branching-arith-medium,1000,363,literal,none,150,125,25,99e8202
2,branching-arith-medium,1000,363,literal,gzip,130,105,25,99e8202
2,branching-arith-medium,1000,364,compact,none,33,4,29,99e8202
2,branching-arith-medium,1000,364,literal,none,150,125,25,99e8202
2,branching-arith-medium,1000,364,literal,gzip,128,103,25,99e8202
2,branching-arith-medium,1000,365,compact,none,33,4,29,99e8202
2,branching-arith-medium,1000,365,literal,none,150,125,25,99e8202
2,branching-arith-medium,1000,365,literal,gzip,129,104,25,99e8202
2,branching-arith-medium,1000,366,compact,none,33,4,29,99e8202
2,branching-arith-medium,1000,366,literal,none,150,125,25,99e8202
2,branching-arith-medium,1000,366,literal,gzip,130,105,25,99e8202
2,branching-arith-medium,1000,367,compact,none,33,4,29,99e8202
2,branching-arith-medium,1000,367,literal,none,150,125,25,99e8202
2,branching-arith-medium,1000,367,literal,gzip,130,105,25,99e8202
2,branching-arith-medium,1000,368,compact,none,33,4,29,99e8202
2,branching-arith-medium,1000,368,literal,none,150,125,25,99e8202
2,branching-arith-medium,1000,368,literal,gzip,128,103,25,99e8202
2,branching-arith-medium,1000,369,compact,none,33,4,29,99e8202
2,branching-arith-medium,1000,369,literal,none,150,125,25,99e8202
2,branching-arith-medium,1000,369,literal,gzip,130,105,25,99e8202
2,branching-arith-medium,1000,370,compact,none,33,4,29,99e8202
2,branching-arith-medium,1000,370,literal,none,150,125,25,99e8202
2,branching-arith-medium,1000,370,literal,gzip,131,106,25,99e8202
2,branching-arith-medium,1000,371,compact,none,33,4,29,99e8202
2,branching-arith-medium,1000,371,literal,none,150,125,25,99e8202
2,branching-arith-medium,1000,371,literal,gzip,130,105,25,99e8202
2,branching-arith-medium,1000,372,compact,none,33,4,29,99e8202
2,branching-arith-medium,1000,372,literal,none,150,125,25,99e8202
2,branching-arith-medium,1000,372,literal,gzip,128,103,25,99e8202
2,branching-arith-medium,1000,373,compact,none,33,4,29,99e8202
2,branching-arith-medium,1000,373,literal,none,150,125,25,99e8202
2,branching-arith-medium,1000,373,literal,gzip,129,104,25,99e8202
2,branching-arith-medium,1000,374,compact,none,33,4,29,99e8202
2,branching-arith-medium,1000,374,literal,none,150,125,25,99e8202
2,branching-arith-medium,1000,374,literal,gzip,130,105,25,99e8202
2,branching-arith-medium,1000,375,compact,none,33,4,29,99e8202
2,branching-arith-medium,1000,375,literal,none,150,125,25,99e8202
2,branching-arith-medium,1000,375,literal,gzip,130,105,25,99e8202
2,branching-arith-medium,1000,376,compact,none,33,4,29,99e8202
2,branching-arith-medium,1000,376,literal,none,150,125,25,99e8202
2,branching-arith-medium,1000,376,literal,gzip,129,104,25,99e8202
2,branching-arith-medium,1000,377,compact,none,33,4,29,99e8202
2,branching-arith-medium,1000,377,literal,none,150,125,25,99e8202
2,branching-arith-medium,1000,377,literal,gzip,130,105,25,99e8202
2,branching-arith-medium,1000,378,compact,none,33,4,29,99e8202
2,branching-arith-medium,1000,378,literal,none,150,125,25,99e8202
2,branching-arith-medium,1000,378,literal,gzip,129,104,25,99e8202
2,branching-arith-medium,1000,379,compact,none,33,4,29,99e8202
2,branching-arith-medium,1000,379,literal,none,150,125,25,99e8202
2,branching-arith-medium,1000,379,literal,gzip,130,105,25,99e8202
2,branching-arith-medium,1000,380,compact,none,33,4,29,99e8202
2,branching-arith-medium,1000,380,literal,none,150,125,25,99e8202
2,branching-arith-medium,1000,380,literal,gzip,128,103,25,99e8202
2,branching-arith-medium,1000,381,compact,none,33,4,29,99e8202
2,branching-arith-medium,1000,381,literal,none,150,125,25,99e8202
2,branching-arith-medium,1000,381,literal,gzip,130,105,25,99e8202
2,branching-arith-medium,1000,382,compact,none,33,4,29,99e8202
2,branching-arith-medium,1000,382,literal,none,150,125,25,99e8202
2,branching-arith-medium,1000,382,literal,gzip,130,105,25,99e8202
2,branching-arith-medium,1000,383,compact,none,33,4,29,99e8202
2,branching-arith-medium,1000,383,literal,none,150,125,25,99e8202
2,branching-arith-medium,1000,383,literal,gzip,130,105,25,99e8202
2,branching-arith-medium,1000,384,compact,none,33,4,29,99e8202
2,branching-arith-medium,1000,384,literal,none,150,125,25,99e8202
2,branching-arith-medium,1000,384,literal,gzip,129,104,25,99e8202
2,branching-arith-medium,1000,385,compact,none,33,4,29,99e8202
2,branching-arith-medium,1000,385,literal,none,150,125,25,99e8202
2,branching-arith-medium,1000,385,literal,gzip,129,104,25,99e8202
2,branching-arith-medium,1000,386,compact,none,33,4,29,99e8202
2,branching-arith-medium,1000,386,literal,none,150,125,25,99e8202
2,branching-arith-medium,1000,386,literal,gzip,130,105,25,99e8202
2,branching-arith-medium,1000,387,compact,none,33,4,29,99e8202
2,branching-arith-medium,1000,387,literal,none,150,125,25,99e8202
2,branching-arith-medium,1000,387,literal,gzip,130,105,25,99e8202
2,branching-arith-medium,1000,388,compact,none,33,4,29,99e8202
2,branching-arith-medium,1000,388,literal,none,150,125,25,99e8202
2,branching-arith-medium,1000,388,literal,gzip,129,104,25,99e8202
2,branching-arith-medium,1000,389,compact,none,33,4,29,99e8202
2,branching-arith-medium,1000,389,literal,none,150,125,25,99e8202
2,branching-arith-medium,1000,389,literal,gzip,130,105,25,99e8202
2,branching-arith-medium,1000,390,compact,none,33,4,29,99e8202
2,branching-arith-medium,1000,390,literal,none,150,125,25,99e8202
2,branching-arith-medium,1000,390,literal,gzip,131,106,25,99e8202
2,branching-arith-medium,1000,391,compact,none,33,4,29,99e8202
2,branching-arith-medium,1000,391,literal,none,150,125,25,99e8202
2,branching-arith-medium,1000,391,literal,gzip,130,105,25,99e8202
2,branching-arith-medium,1000,392,compact,none,33,4,29,99e8202
2,branching-arith-medium,1000,392,literal,none,150,125,25,99e8202
2,branching-arith-medium,1000,392,literal,gzip,128,103,25,99e8202
2,branching-arith-medium,1000,393,compact,none,33,4,29,99e8202
2,branching-arith-medium,1000,393,literal,none,150,125,25,99e8202
2,branching-arith-medium,1000,393,literal,gzip,129,104,25,99e8202
2,branching-arith-medium,1000,394,compact,none,33,4,29,99e8202
2,branching-arith-medium,1000,394,literal,none,150,125,25,99e8202
2,branching-arith-medium,1000,394,literal,gzip,130,105,25,99e8202
2,branching-arith-medium,1000,395,compact,none,33,4,29,99e8202
2,branching-arith-medium,1000,395,literal,none,150,125,25,99e8202
2,branching-arith-medium,1000,395,literal,gzip,130,105,25,99e8202
2,branching-arith-medium,1000,396,compact,none,33,4,29,99e8202
2,branching-arith-medium,1000,396,literal,none,150,125,25,99e8202
2,branching-arith-medium,1000,396,literal,gzip,128,103,25,99e8202
2,branching-arith-medium,1000,397,compact,none,33,4,29,99e8202
2,branching-arith-medium,1000,397,literal,none,150,125,25,99e8202
2,branching-arith-medium,1000,397,literal,gzip,130,105,25,99e8202
2,branching-arith-medium,1000,398,compact,none,33,4,29,99e8202
2,branching-arith-medium,1000,398,literal,none,150,125,25,99e8202
2,branching-arith-medium,1000,398,literal,gzip,131,106,25,99e8202
2,branching-arith-medium,1000,399,compact,none,33,4,29,99e8202
2,branching-arith-medium,1000,399,literal,none,150,125,25,99e8202
2,branching-arith-medium,1000,399,literal,gzip,130,105,25,99e8202
2,branching-arith-medium,1000,400,compact,none,33,4,29,99e8202
2,branching-arith-medium,1000,400,literal,none,150,125,25,99e8202
2,branching-arith-medium,1000,400,literal,gzip,128,103,25,99e8202
2,branching-arith-medium,1000,401,compact,none,33,4,29,99e8202
2,branching-arith-medium,1000,401,literal,none,150,125,25,99e8202
2,branching-arith-medium,1000,401,literal,gzip,129,104,25,99e8202
2,branching-arith-medium,1000,402,compact,none,33,4,29,99e8202
2,branching-arith-medium,1000,402,literal,none,150,125,25,99e8202
2,branching-arith-medium,1000,402,literal,gzip,130,105,25,99e8202
2,branching-arith-medium,1000,403,compact,none,33,4,29,99e8202
2,branching-arith-medium,1000,403,literal,none,150,125,25,99e8202
2,branching-arith-medium,1000,403,literal,gzip,130,105,25,99e8202
2,branching-arith-medium,1000,404,compact,none,33,4,29,99e8202
2,branching-arith-medium,1000,404,literal,none,150,125,25,99e8202
2,branching-arith-medium,1000,404,literal,gzip,129,104,25,99e8202
2,branching-arith-medium,1000,405,compact,none,33,4,29,99e8202
2,branching-arith-medium,1000,405,literal,none,150,125,25,99e8202
2,branching-arith-medium,1000,405,literal,gzip,130,105,25,99e8202
2,branching-arith-medium,1000,406,compact,none,33,4,29,99e8202
2,branching-arith-medium,1000,406,literal,none,150,125,25,99e8202
2,branching-arith-medium,1000,406,literal,gzip,129,104,25,99e8202
2,branching-arith-medium,1000,407,compact,none,33,4,29,99e8202
2,branching-arith-medium,1000,407,literal,none,150,125,25,99e8202
2,branching-arith-medium,1000,407,literal,gzip,130,105,25,99e8202
2,branching-arith-medium,1000,408,compact,none,33,4,29,99e8202
2,branching-arith-medium,1000,408,literal,none,150,125,25,99e8202
2,branching-arith-medium,1000,408,literal,gzip,128,103,25,99e8202
2,branching-arith-medium,1000,409,compact,none,33,4,29,99e8202
2,branching-arith-medium,1000,409,literal,none,150,125,25,99e8202
2,branching-arith-medium,1000,409,literal,gzip,130,105,25,99e8202
2,branching-arith-medium,1000,410,compact,none,33,4,29,99e8202
2,branching-arith-medium,1000,410,literal,none,150,125,25,99e8202
2,branching-arith-medium,1000,410,literal,gzip,130,105,25,99e8202
2,branching-arith-medium,1000,411,compact,none,33,4,29,99e8202
2,branching-arith-medium,1000,411,literal,none,150,125,25,99e8202
2,branching-arith-medium,1000,411,literal,gzip,130,105,25,99e8202
2,branching-arith-medium,1000,412,compact,none,33,4,29,99e8202
2,branching-arith-medium,1000,412,literal,none,150,125,25,99e8202
2,branching-arith-medium,1000,412,literal,gzip,129,104,25,99e8202
2,branching-arith-medium,1000,413,compact,none,33,4,29,99e8202
2,branching-arith-medium,1000,413,literal,none,150,125,25,99e8202
2,branching-arith-medium,1000,413,literal,gzip,129,104,25,99e8202
2,branching-arith-medium,1000,414,compact,none,33,4,29,99e8202
2,branching-arith-medium,1000,414,literal,none,150,125,25,99e8202
2,branching-arith-medium,1000,414,literal,gzip,130,105,25,99e8202
2,branching-arith-medium,1000,415,compact,none,33,4,29,99e8202
2,branching-arith-medium,1000,415,literal,none,150,125,25,99e8202
2,branching-arith-medium,1000,415,literal,gzip,130,105,25,99e8202
2,branching-arith-medium,1000,416,compact,none,33,4,29,99e8202
2,branching-arith-medium,1000,416,literal,none,150,125,25,99e8202
2,branching-arith-medium,1000,416,literal,gzip,129,104,25,99e8202
2,branching-arith-medium,1000,417,compact,none,33,4,29,99e8202
2,branching-arith-medium,1000,417,literal,none,150,125,25,99e8202
2,branching-arith-medium,1000,417,literal,gzip,130,105,25,99e8202
2,branching-arith-medium,1000,418,compact,none,33,4,29,99e8202
2,branching-arith-medium,1000,418,literal,none,150,125,25,99e8202
2,branching-arith-medium,1000,418,literal,gzip,131,106,25,99e8202
2,branching-arith-medium,1000,419,compact,none,33,4,29,99e8202
2,branching-arith-medium,1000,419,literal,none,150,125,25,99e8202
2,branching-arith-medium,1000,419,literal,gzip,130,105,25,99e8202
2,branching-arith-medium,1000,420,compact,none,33,4,29,99e8202
2,branching-arith-medium,1000,420,literal,none,150,125,25,99e8202
2,branching-arith-medium,1000,420,literal,gzip,128,103,25,99e8202
2,branching-arith-medium,1000,421,compact,none,33,4,29,99e8202
2,branching-arith-medium,1000,421,literal,none,150,125,25,99e8202
2,branching-arith-medium,1000,421,literal,gzip,129,104,25,99e8202
2,branching-arith-medium,1000,422,compact,none,33,4,29,99e8202
2,branching-arith-medium,1000,422,literal,none,150,125,25,99e8202
2,branching-arith-medium,1000,422,literal,gzip,130,105,25,99e8202
2,branching-arith-medium,1000,423,compact,none,33,4,29,99e8202
2,branching-arith-medium,1000,423,literal,none,150,125,25,99e8202
2,branching-arith-medium,1000,423,literal,gzip,130,105,25,99e8202
2,branching-arith-medium,1000,424,compact,none,33,4,29,99e8202
2,branching-arith-medium,1000,424,literal,none,150,125,25,99e8202
2,branching-arith-medium,1000,424,literal,gzip,128,103,25,99e8202
2,branching-arith-medium,1000,425,compact,none,33,4,29,99e8202
2,branching-arith-medium,1000,425,literal,none,150,125,25,99e8202
2,branching-arith-medium,1000,425,literal,gzip,130,105,25,99e8202
2,branching-arith-medium,1000,426,compact,none,33,4,29,99e8202
2,branching-arith-medium,1000,426,literal,none,150,125,25,99e8202
2,branching-arith-medium,1000,426,literal,gzip,131,106,25,99e8202
2,branching-arith-medium,1000,427,compact,none,33,4,29,99e8202
2,branching-arith-medium,1000,427,literal,none,150,125,25,99e8202
2,branching-arith-medium,1000,427,literal,gzip,130,105,25,99e8202
2,branching-arith-medium,1000,428,compact,none,33,4,29,99e8202
2,branching-arith-medium,1000,428,literal,none,150,125,25,99e8202
2,branching-arith-medium,1000,428,literal,gzip,128,103,25,99e8202
2,branching-arith-medium,1000,429,compact,none,33,4,29,99e8202
2,branching-arith-medium,1000,429,literal,none,150,125,25,99e8202
2,branching-arith-medium,1000,429,literal,gzip,129,104,25,99e8202
2,branching-arith-medium,1000,430,compact,none,33,4,29,99e8202
2,branching-arith-medium,1000,430,literal,none,150,125,25,99e8202
2,branching-arith-medium,1000,430,literal,gzip,130,105,25,99e8202
2,branching-arith-medium,1000,431,compact,none,33,4,29,99e8202
2,branching-arith-medium,1000,431,literal,none,150,125,25,99e8202
2,branching-arith-medium,1000,431,literal,gzip,130,105,25,99e8202
2,branching-arith-medium,1000,432,compact,none,33,4,29,99e8202
2,branching-arith-medium,1000,432,literal,none,150,125,25,99e8202
2,branching-arith-medium,1000,432,literal,gzip,129,104,25,99e8202
2,branching-arith-medium,1000,433,compact,none,33,4,29,99e8202
2,branching-arith-medium,1000,433,literal,none,150,125,25,99e8202
2,branching-arith-medium,1000,433,literal,gzip,130,105,25,99e8202
2,branching-arith-medium,1000,434,compact,none,33,4,29,99e8202
2,branching-arith-medium,1000,434,literal,none,150,125,25,99e8202
2,branching-arith-medium,1000,434,literal,gzip,129,104,25,99e8202
2,branching-arith-medium,1000,435,compact,none,33,4,29,99e8202
2,branching-arith-medium,1000,435,literal,none,150,125,25,99e8202
2,branching-arith-medium,1000,435,literal,gzip,130,105,25,99e8202
2,branching-arith-medium,1000,436,compact,none,33,4,29,99e8202
2,branching-arith-medium,1000,436,literal,none,150,125,25,99e8202
2,branching-arith-medium,1000,436,literal,gzip,128,103,25,99e8202
2,branching-arith-medium,1000,437,compact,none,33,4,29,99e8202
2,branching-arith-medium,1000,437,literal,none,150,125,25,99e8202
2,branching-arith-medium,1000,437,literal,gzip,130,105,25,99e8202
2,branching-arith-medium,1000,438,compact,none,33,4,29,99e8202
2,branching-arith-medium,1000,438,literal,none,150,125,25,99e8202
2,branching-arith-medium,1000,438,literal,gzip,130,105,25,99e8202
2,branching-arith-medium,1000,439,compact,none,33,4,29,99e8202
2,branching-arith-medium,1000,439,literal,none,150,125,25,99e8202
2,branching-arith-medium,1000,439,literal,gzip,130,105,25,99e8202
2,branching-arith-medium,1000,440,compact,none,33,4,29,99e8202
2,branching-arith-medium,1000,440,literal,none,150,125,25,99e8202
2,branching-arith-medium,1000,440,literal,gzip,129,104,25,99e8202
2,branching-arith-medium,1000,441,compact,none,33,4,29,99e8202
2,branching-arith-medium,1000,441,literal,none,150,125,25,99e8202
2,branching-arith-medium,1000,441,literal,gzip,129,104,25,99e8202
2,branching-arith-medium,1000,442,compact,none,33,4,29,99e8202
2,branching-arith-medium,1000,442,literal,none,150,125,25,99e8202
2,branching-arith-medium,1000,442,literal,gzip,130,105,25,99e8202
2,branching-arith-medium,1000,443,compact,none,33,4,29,99e8202
2,branching-arith-medium,1000,443,literal,none,150,125,25,99e8202
2,branching-arith-medium,1000,443,literal,gzip,130,105,25,99e8202
2,branching-arith-medium,1000,444,compact,none,33,4,29,99e8202
2,branching-arith-medium,1000,444,literal,none,150,125,25,99e8202
2,branching-arith-medium,1000,444,literal,gzip,129,104,25,99e8202
2,branching-arith-medium,1000,445,compact,none,33,4,29,99e8202
2,branching-arith-medium,1000,445,literal,none,150,125,25,99e8202
2,branching-arith-medium,1000,445,literal,gzip,130,105,25,99e8202
2,branching-arith-medium,1000,446,compact,none,33,4,29,99e8202
2,branching-arith-medium,1000,446,literal,none,150,125,25,99e8202
2,branching-arith-medium,1000,446,literal,gzip,131,106,25,99e8202
2,branching-arith-medium,1000,447,compact,none,33,4,29,99e8202
2,branching-arith-medium,1000,447,literal,none,150,125,25,99e8202
2,branching-arith-medium,1000,447,literal,gzip,130,105,25,99e8202
2,branching-arith-medium,1000,448,compact,none,33,4,29,99e8202
2,branching-arith-medium,1000,448,literal,none,150,125,25,99e8202
2,branching-arith-medium,1000,448,literal,gzip,128,103,25,99e8202
2,branching-arith-medium,1000,449,compact,none,33,4,29,99e8202
2,branching-arith-medium,1000,449,literal,none,150,125,25,99e8202
2,branching-arith-medium,1000,449,literal,gzip,129,104,25,99e8202
2,branching-arith-medium,1000,450,compact,none,33,4,29,99e8202
2,branching-arith-medium,1000,450,literal,none,150,125,25,99e8202
2,branching-arith-medium,1000,450,literal,gzip,130,105,25,99e8202
2,branching-arith-medium,1000,451,compact,none,33,4,29,99e8202
2,branching-arith-medium,1000,451,literal,none,150,125,25,99e8202
2,branching-arith-medium,1000,451,literal,gzip,130,105,25,99e8202
2,branching-arith-medium,1000,452,compact,none,33,4,29,99e8202
2,branching-arith-medium,1000,452,literal,none,150,125,25,99e8202
2,branching-arith-medium,1000,452,literal,gzip,128,103,25,99e8202
2,branching-arith-medium,1000,453,compact,none,33,4,29,99e8202
2,branching-arith-medium,1000,453,literal,none,150,125,25,99e8202
2,branching-arith-medium,1000,453,literal,gzip,130,105,25,99e8202
2,branching-arith-medium,1000,454,compact,none,33,4,29,99e8202
2,branching-arith-medium,1000,454,literal,none,150,125,25,99e8202
2,branching-arith-medium,1000,454,literal,gzip,131,106,25,99e8202
2,branching-arith-medium,1000,455,compact,none,33,4,29,99e8202
2,branching-arith-medium,1000,455,literal,none,150,125,25,99e8202
2,branching-arith-medium,1000,455,literal,gzip,130,105,25,99e8202
2,branching-arith-medium,1000,456,compact,none,33,4,29,99e8202
2,branching-arith-medium,1000,456,literal,none,150,125,25,99e8202
2,branching-arith-medium,1000,456,literal,gzip,128,103,25,99e8202
2,branching-arith-medium,1000,457,compact,none,33,4,29,99e8202
2,branching-arith-medium,1000,457,literal,none,150,125,25,99e8202
2,branching-arith-medium,1000,457,literal,gzip,129,104,25,99e8202
2,branching-arith-medium,1000,458,compact,none,33,4,29,99e8202
2,branching-arith-medium,1000,458,literal,none,150,125,25,99e8202
2,branching-arith-medium,1000,458,literal,gzip,130,105,25,99e8202
2,branching-arith-medium,1000,459,compact,none,33,4,29,99e8202
2,branching-arith-medium,1000,459,literal,none,150,125,25,99e8202
2,branching-arith-medium,1000,459,literal,gzip,130,105,25,99e8202
2,branching-arith-medium,1000,460,compact,none,33,4,29,99e8202
2,branching-arith-medium,1000,460,literal,none,150,125,25,99e8202
2,branching-arith-medium,1000,460,literal,gzip,129,104,25,99e8202
2,branching-arith-medium,1000,461,compact,none,33,4,29,99e8202
2,branching-arith-medium,1000,461,literal,none,150,125,25,99e8202
2,branching-arith-medium,1000,461,literal,gzip,130,105,25,99e8202
2,branching-arith-medium,1000,462,compact,none,33,4,29,99e8202
2,branching-arith-medium,1000,462,literal,none,150,125,25,99e8202
2,branching-arith-medium,1000,462,literal,gzip,129,104,25,99e8202
2,branching-arith-medium,1000,463,compact,none,33,4,29,99e8202
2,branching-arith-medium,1000,463,literal,none,150,125,25,99e8202
2,branching-arith-medium,1000,463,literal,gzip,130,105,25,99e8202
2,branching-arith-medium,1000,464,compact,none,33,4,29,99e8202
2,branching-arith-medium,1000,464,literal,none,150,125,25,99e8202
2,branching-arith-medium,1000,464,literal,gzip,128,103,25,99e8202
2,branching-arith-medium,1000,465,compact,none,33,4,29,99e8202
2,branching-arith-medium,1000,465,literal,none,150,125,25,99e8202
2,branching-arith-medium,1000,465,literal,gzip,130,105,25,99e8202
2,branching-arith-medium,1000,466,compact,none,33,4,29,99e8202
2,branching-arith-medium,1000,466,literal,none,150,125,25,99e8202
2,branching-arith-medium,1000,466,literal,gzip,130,105,25,99e8202
2,branching-arith-medium,1000,467,compact,none,33,4,29,99e8202
2,branching-arith-medium,1000,467,literal,none,150,125,25,99e8202
2,branching-arith-medium,1000,467,literal,gzip,130,105,25,99e8202
2,branching-arith-medium,1000,468,compact,none,33,4,29,99e8202
2,branching-arith-medium,1000,468,literal,none,150,125,25,99e8202
2,branching-arith-medium,1000,468,literal,gzip,129,104,25,99e8202
2,branching-arith-medium,1000,469,compact,none,33,4,29,99e8202
2,branching-arith-medium,1000,469,literal,none,150,125,25,99e8202
2,branching-arith-medium,1000,469,literal,gzip,129,104,25,99e8202
2,branching-arith-medium,1000,470,compact,none,33,4,29,99e8202
2,branching-arith-medium,1000,470,literal,none,150,125,25,99e8202
2,branching-arith-medium,1000,470,literal,gzip,130,105,25,99e8202
2,branching-arith-medium,1000,471,compact,none,33,4,29,99e8202
2,branching-arith-medium,1000,471,literal,none,150,125,25,99e8202
2,branching-arith-medium,1000,471,literal,gzip,130,105,25,99e8202
2,branching-arith-medium,1000,472,compact,none,33,4,29,99e8202
2,branching-arith-medium,1000,472,literal,none,150,125,25,99e8202
2,branching-arith-medium,1000,472,literal,gzip,129,104,25,99e8202
2,branching-arith-medium,1000,473,compact,none,33,4,29,99e8202
2,branching-arith-medium,1000,473,literal,none,150,125,25,99e8202
2,branching-arith-medium,1000,473,literal,gzip,130,105,25,99e8202
2,branching-arith-medium,1000,474,compact,none,33,4,29,99e8202
2,branching-arith-medium,1000,474,literal,none,150,125,25,99e8202
2,branching-arith-medium,1000,474,literal,gzip,131,106,25,99e8202
2,branching-arith-medium,1000,475,compact,none,33,4,29,99e8202
2,branching-arith-medium,1000,475,literal,none,150,125,25,99e8202
2,branching-arith-medium,1000,475,literal,gzip,130,105,25,99e8202
2,branching-arith-medium,1000,476,compact,none,33,4,29,99e8202
2,branching-arith-medium,1000,476,literal,none,150,125,25,99e8202
2,branching-arith-medium,1000,476,literal,gzip,128,103,25,99e8202
2,branching-arith-medium,1000,477,compact,none,33,4,29,99e8202
2,branching-arith-medium,1000,477,literal,none,150,125,25,99e8202
2,branching-arith-medium,1000,477,literal,gzip,129,104,25,99e8202
2,branching-arith-medium,1000,478,compact,none,33,4,29,99e8202
2,branching-arith-medium,1000,478,literal,none,150,125,25,99e8202
2,branching-arith-medium,1000,478,literal,gzip,130,105,25,99e8202
2,branching-arith-medium,1000,479,compact,none,33,4,29,99e8202
2,branching-arith-medium,1000,479,literal,none,150,125,25,99e8202
2,branching-arith-medium,1000,479,literal,gzip,130,105,25,99e8202
2,branching-arith-medium,1000,480,compact,none,33,4,29,99e8202
2,branching-arith-medium,1000,480,literal,none,150,125,25,99e8202
2,branching-arith-medium,1000,480,literal,gzip,128,103,25,99e8202
2,branching-arith-medium,1000,481,compact,none,33,4,29,99e8202
2,branching-arith-medium,1000,481,literal,none,150,125,25,99e8202
2,branching-arith-medium,1000,481,literal,gzip,130,105,25,99e8202
2,branching-arith-medium,1000,482,compact,none,33,4,29,99e8202
2,branching-arith-medium,1000,482,literal,none,150,125,25,99e8202
2,branching-arith-medium,1000,482,literal,gzip,131,106,25,99e8202
2,branching-arith-medium,1000,483,compact,none,33,4,29,99e8202
2,branching-arith-medium,1000,483,literal,none,150,125,25,99e8202
2,branching-arith-medium,1000,483,literal,gzip,130,105,25,99e8202
2,branching-arith-medium,1000,484,compact,none,33,4,29,99e8202
2,branching-arith-medium,1000,484,literal,none,150,125,25,99e8202
2,branching-arith-medium,1000,484,literal,gzip,128,103,25,99e8202
2,branching-arith-medium,1000,485,compact,none,33,4,29,99e8202
2,branching-arith-medium,1000,485,literal,none,150,125,25,99e8202
2,branching-arith-medium,1000,485,literal,gzip,129,104,25,99e8202
2,branching-arith-medium,1000,486,compact,none,33,4,29,99e8202
2,branching-arith-medium,1000,486,literal,none,150,125,25,99e8202
2,branching-arith-medium,1000,486,literal,gzip,130,105,25,99e8202
2,branching-arith-medium,1000,487,compact,none,33,4,29,99e8202
2,branching-arith-medium,1000,487,literal,none,150,125,25,99e8202
2,branching-arith-medium,1000,487,literal,gzip,130,105,25,99e8202
2,branching-arith-medium,1000,488,compact,none,33,4,29,99e8202
2,branching-arith-medium,1000,488,literal,none,150,125,25,99e8202
2,branching-arith-medium,1000,488,literal,gzip,129,104,25,99e8202
2,branching-arith-medium,1000,489,compact,none,33,4,29,99e8202
2,branching-arith-medium,1000,489,literal,none,150,125,25,99e8202
2,branching-arith-medium,1000,489,literal,gzip,130,105,25,99e8202
2,branching-arith-medium,1000,490,compact,none,33,4,29,99e8202
2,branching-arith-medium,1000,490,literal,none,150,125,25,99e8202
2,branching-arith-medium,1000,490,literal,gzip,129,104,25,99e8202
2,branching-arith-medium,1000,491,compact,none,33,4,29,99e8202
2,branching-arith-medium,1000,491,literal,none,150,125,25,99e8202
2,branching-arith-medium,1000,491,literal,gzip,130,105,25,99e8202
2,branching-arith-medium,1000,492,compact,none,33,4,29,99e8202
2,branching-arith-medium,1000,492,literal,none,150,125,25,99e8202
2,branching-arith-medium,1000,492,literal,gzip,128,103,25,99e8202
2,branching-arith-medium,1000,493,compact,none,33,4,29,99e8202
2,branching-arith-medium,1000,493,literal,none,150,125,25,99e8202
2,branching-arith-medium,1000,493,literal,gzip,130,105,25,99e8202
2,branching-arith-medium,1000,494,compact,none,33,4,29,99e8202
2,branching-arith-medium,1000,494,literal,none,150,125,25,99e8202
2,branching-arith-medium,1000,494,literal,gzip,130,105,25,99e8202
2,branching-arith-medium,1000,495,compact,none,33,4,29,99e8202
2,branching-arith-medium,1000,495,literal,none,150,125,25,99e8202
2,branching-arith-medium,1000,495,literal,gzip,130,105,25,99e8202
2,branching-arith-medium,1000,496,compact,none,33,4,29,99e8202
2,branching-arith-medium,1000,496,literal,none,150,125,25,99e8202
2,branching-arith-medium,1000,496,literal,gzip,129,104,25,99e8202
2,branching-arith-medium,1000,497,compact,none,33,4,29,99e8202
2,branching-arith-medium,1000,497,literal,none,150,125,25,99e8202
2,branching-arith-medium,1000,497,literal,gzip,129,104,25,99e8202
2,branching-arith-medium,1000,498,compact,none,33,4,29,99e8202
2,branching-arith-medium,1000,498,literal,none,150,125,25,99e8202
2,branching-arith-medium,1000,498,literal,gzip,130,105,25,99e8202
2,branching-arith-medium,1000,499,compact,none,33,4,29,99e8202
2,branching-arith-medium,1000,499,literal,none,150,125,25,99e8202
2,branching-arith-medium,1000,499,literal,gzip,130,105,25,99e8202
2,branching-arith-medium,1000,500,compact,none,33,4,29,99e8202
2,branching-arith-medium,1000,500,literal,none,150,125,25,99e8202
2,branching-arith-medium,1000,500,literal,gzip,129,104,25,99e8202
2,branching-arith-medium,1000,501,compact,none,33,4,29,99e8202
2,branching-arith-medium,1000,501,literal,none,150,125,25,99e8202
2,branching-arith-medium,1000,501,literal,gzip,130,105,25,99e8202
2,branching-arith-medium,1000,502,compact,none,33,4,29,99e8202
2,branching-arith-medium,1000,502,literal,none,150,125,25,99e8202
2,branching-arith-medium,1000,502,literal,gzip,131,106,25,99e8202
2,branching-arith-medium,1000,503,compact,none,33,4,29,99e8202
2,branching-arith-medium,1000,503,literal,none,150,125,25,99e8202
2,branching-arith-medium,1000,503,literal,gzip,130,105,25,99e8202
2,branching-arith-medium,1000,504,compact,none,33,4,29,99e8202
2,branching-arith-medium,1000,504,literal,none,150,125,25,99e8202
2,branching-arith-medium,1000,504,literal,gzip,128,103,25,99e8202
2,branching-arith-medium,1000,505,compact,none,33,4,29,99e8202
2,branching-arith-medium,1000,505,literal,none,150,125,25,99e8202
2,branching-arith-medium,1000,505,literal,gzip,129,104,25,99e8202
2,branching-arith-medium,1000,506,compact,none,33,4,29,99e8202
2,branching-arith-medium,1000,506,literal,none,150,125,25,99e8202
2,branching-arith-medium,1000,506,literal,gzip,130,105,25,99e8202
2,branching-arith-medium,1000,507,compact,none,33,4,29,99e8202
2,branching-arith-medium,1000,507,literal,none,150,125,25,99e8202
2,branching-arith-medium,1000,507,literal,gzip,130,105,25,99e8202
2,branching-arith-medium,1000,508,compact,none,33,4,29,99e8202
2,branching-arith-medium,1000,508,literal,none,150,125,25,99e8202
2,branching-arith-medium,1000,508,literal,gzip,128,103,25,99e8202
2,branching-arith-medium,1000,509,compact,none,33,4,29,99e8202
2,branching-arith-medium,1000,509,literal,none,150,125,25,99e8202
2,branching-arith-medium,1000,509,literal,gzip,130,105,25,99e8202
2,branching-arith-medium,1000,510,compact,none,33,4,29,99e8202
2,branching-arith-medium,1000,510,literal,none,150,125,25,99e8202
2,branching-arith-medium,1000,510,literal,gzip,131,106,25,99e8202
2,branching-arith-medium,1000,511,compact,none,33,4,29,99e8202
2,branching-arith-medium,1000,511,literal,none,150,125,25,99e8202
2,branching-arith-medium,1000,511,literal,gzip,130,105,25,99e8202
2,branching-arith-medium,1000,512,compact,none,33,4,29,99e8202
2,branching-arith-medium,1000,512,literal,none,150,125,25,99e8202
2,branching-arith-medium,1000,512,literal,gzip,128,103,25,99e8202
2,branching-arith-medium,1000,513,compact,none,33,4,29,99e8202
2,branching-arith-medium,1000,513,literal,none,150,125,25,99e8202
2,branching-arith-medium,1000,513,literal,gzip,129,104,25,99e8202
2,branching-arith-medium,1000,514,compact,none,33,4,29,99e8202
2,branching-arith-medium,1000,514,literal,none,150,125,25,99e8202
2,branching-arith-medium,1000,514,literal,gzip,130,105,25,99e8202
2,branching-arith-medium,1000,515,compact,none,33,4,29,99e8202
2,branching-arith-medium,1000,515,literal,none,150,125,25,99e8202
2,branching-arith-medium,1000,515,literal,gzip,130,105,25,99e8202
2,branching-arith-medium,1000,516,compact,none,33,4,29,99e8202
2,branching-arith-medium,1000,516,literal,none,150,125,25,99e8202
2,branching-arith-medium,1000,516,literal,gzip,129,104,25,99e8202
2,branching-arith-medium,1000,517,compact,none,33,4,29,99e8202
2,branching-arith-medium,1000,517,literal,none,150,125,25,99e8202
2,branching-arith-medium,1000,517,literal,gzip,130,105,25,99e8202
2,branching-arith-medium,1000,518,compact,none,33,4,29,99e8202
2,branching-arith-medium,1000,518,literal,none,150,125,25,99e8202
2,branching-arith-medium,1000,518,literal,gzip,129,104,25,99e8202
2,branching-arith-medium,1000,519,compact,none,33,4,29,99e8202
2,branching-arith-medium,1000,519,literal,none,150,125,25,99e8202
2,branching-arith-medium,1000,519,literal,gzip,130,105,25,99e8202
2,branching-arith-medium,1000,520,compact,none,33,4,29,99e8202
2,branching-arith-medium,1000,520,literal,none,150,125,25,99e8202
2,branching-arith-medium,1000,520,literal,gzip,128,103,25,99e8202
2,branching-arith-medium,1000,521,compact,none,33,4,29,99e8202
2,branching-arith-medium,1000,521,literal,none,150,125,25,99e8202
2,branching-arith-medium,1000,521,literal,gzip,130,105,25,99e8202
2,branching-arith-medium,1000,522,compact,none,33,4,29,99e8202
2,branching-arith-medium,1000,522,literal,none,150,125,25,99e8202
2,branching-arith-medium,1000,522,literal,gzip,130,105,25,99e8202
2,branching-arith-medium,1000,523,compact,none,33,4,29,99e8202
2,branching-arith-medium,1000,523,literal,none,150,125,25,99e8202
2,branching-arith-medium,1000,523,literal,gzip,130,105,25,99e8202
2,branching-arith-medium,1000,524,compact,none,33,4,29,99e8202
2,branching-arith-medium,1000,524,literal,none,150,125,25,99e8202
2,branching-arith-medium,1000,524,literal,gzip,129,104,25,99e8202
2,branching-arith-medium,1000,525,compact,none,33,4,29,99e8202
2,branching-arith-medium,1000,525,literal,none,150,125,25,99e8202
2,branching-arith-medium,1000,525,literal,gzip,129,104,25,99e8202
2,branching-arith-medium,1000,526,compact,none,33,4,29,99e8202
2,branching-arith-medium,1000,526,literal,none,150,125,25,99e8202
2,branching-arith-medium,1000,526,literal,gzip,130,105,25,99e8202
2,branching-arith-medium,1000,527,compact,none,33,4,29,99e8202
2,branching-arith-medium,1000,527,literal,none,150,125,25,99e8202
2,branching-arith-medium,1000,527,literal,gzip,130,105,25,99e8202
2,branching-arith-medium,1000,528,compact,none,33,4,29,99e8202
2,branching-arith-medium,1000,528,literal,none,150,125,25,99e8202
2,branching-arith-medium,1000,528,literal,gzip,129,104,25,99e8202
2,branching-arith-medium,1000,529,compact,none,33,4,29,99e8202
2,branching-arith-medium,1000,529,literal,none,150,125,25,99e8202
2,branching-arith-medium,1000,529,literal,gzip,130,105,25,99e8202
2,branching-arith-medium,1000,530,compact,none,33,4,29,99e8202
2,branching-arith-medium,1000,530,literal,none,150,125,25,99e8202
2,branching-arith-medium,1000,530,literal,gzip,131,106,25,99e8202
2,branching-arith-medium,1000,531,compact,none,33,4,29,99e8202
2,branching-arith-medium,1000,531,literal,none,150,125,25,99e8202
2,branching-arith-medium,1000,531,literal,gzip,130,105,25,99e8202
2,branching-arith-medium,1000,532,compact,none,33,4,29,99e8202
2,branching-arith-medium,1000,532,literal,none,150,125,25,99e8202
2,branching-arith-medium,1000,532,literal,gzip,128,103,25,99e8202
2,branching-arith-medium,1000,533,compact,none,33,4,29,99e8202
2,branching-arith-medium,1000,533,literal,none,150,125,25,99e8202
2,branching-arith-medium,1000,533,literal,gzip,129,104,25,99e8202
2,branching-arith-medium,1000,534,compact,none,33,4,29,99e8202
2,branching-arith-medium,1000,534,literal,none,150,125,25,99e8202
2,branching-arith-medium,1000,534,literal,gzip,130,105,25,99e8202
2,branching-arith-medium,1000,535,compact,none,33,4,29,99e8202
2,branching-arith-medium,1000,535,literal,none,150,125,25,99e8202
2,branching-arith-medium,1000,535,literal,gzip,130,105,25,99e8202
2,branching-arith-medium,1000,536,compact,none,33,4,29,99e8202
2,branching-arith-medium,1000,536,literal,none,150,125,25,99e8202
2,branching-arith-medium,1000,536,literal,gzip,128,103,25,99e8202
2,branching-arith-medium,1000,537,compact,none,33,4,29,99e8202
2,branching-arith-medium,1000,537,literal,none,150,125,25,99e8202
2,branching-arith-medium,1000,537,literal,gzip,130,105,25,99e8202
2,branching-arith-medium,1000,538,compact,none,33,4,29,99e8202
2,branching-arith-medium,1000,538,literal,none,150,125,25,99e8202
2,branching-arith-medium,1000,538,literal,gzip,131,106,25,99e8202
2,branching-arith-medium,1000,539,compact,none,33,4,29,99e8202
2,branching-arith-medium,1000,539,literal,none,150,125,25,99e8202
2,branching-arith-medium,1000,539,literal,gzip,130,105,25,99e8202
2,branching-arith-medium,1000,540,compact,none,33,4,29,99e8202
2,branching-arith-medium,1000,540,literal,none,150,125,25,99e8202
2,branching-arith-medium,1000,540,literal,gzip,128,103,25,99e8202
2,branching-arith-medium,1000,541,compact,none,33,4,29,99e8202
2,branching-arith-medium,1000,541,literal,none,150,125,25,99e8202
2,branching-arith-medium,1000,541,literal,gzip,129,104,25,99e8202
2,branching-arith-medium,1000,542,compact,none,33,4,29,99e8202
2,branching-arith-medium,1000,542,literal,none,150,125,25,99e8202
2,branching-arith-medium,1000,542,literal,gzip,130,105,25,99e8202
2,branching-arith-medium,1000,543,compact,none,33,4,29,99e8202
2,branching-arith-medium,1000,543,literal,none,150,125,25,99e8202
2,branching-arith-medium,1000,543,literal,gzip,130,105,25,99e8202
2,branching-arith-medium,1000,544,compact,none,33,4,29,99e8202
2,branching-arith-medium,1000,544,literal,none,150,125,25,99e8202
2,branching-arith-medium,1000,544,literal,gzip,129,104,25,99e8202
2,branching-arith-medium,1000,545,compact,none,33,4,29,99e8202
2,branching-arith-medium,1000,545,literal,none,150,125,25,99e8202
2,branching-arith-medium,1000,545,literal,gzip,130,105,25,99e8202
2,branching-arith-medium,1000,546,compact,none,33,4,29,99e8202
2,branching-arith-medium,1000,546,literal,none,150,125,25,99e8202
2,branching-arith-medium,1000,546,literal,gzip,129,104,25,99e8202
2,branching-arith-medium,1000,547,compact,none,33,4,29,99e8202
2,branching-arith-medium,1000,547,literal,none,150,125,25,99e8202
2,branching-arith-medium,1000,547,literal,gzip,130,105,25,99e8202
2,branching-arith-medium,1000,548,compact,none,33,4,29,99e8202
2,branching-arith-medium,1000,548,literal,none,150,125,25,99e8202
2,branching-arith-medium,1000,548,literal,gzip,128,103,25,99e8202
2,branching-arith-medium,1000,549,compact,none,33,4,29,99e8202
2,branching-arith-medium,1000,549,literal,none,150,125,25,99e8202
2,branching-arith-medium,1000,549,literal,gzip,130,105,25,99e8202
2,branching-arith-medium,1000,550,compact,none,33,4,29,99e8202
2,branching-arith-medium,1000,550,literal,none,150,125,25,99e8202
2,branching-arith-medium,1000,550,literal,gzip,130,105,25,99e8202
2,branching-arith-medium,1000,551,compact,none,33,4,29,99e8202
2,branching-arith-medium,1000,551,literal,none,150,125,25,99e8202
2,branching-arith-medium,1000,551,literal,gzip,130,105,25,99e8202
2,branching-arith-medium,1000,552,compact,none,33,4,29,99e8202
2,branching-arith-medium,1000,552,literal,none,150,125,25,99e8202
2,branching-arith-medium,1000,552,literal,gzip,129,104,25,99e8202
2,branching-arith-medium,1000,553,compact,none,33,4,29,99e8202
2,branching-arith-medium,1000,553,literal,none,150,125,25,99e8202
2,branching-arith-medium,1000,553,literal,gzip,129,104,25,99e8202
2,branching-arith-medium,1000,554,compact,none,33,4,29,99e8202
2,branching-arith-medium,1000,554,literal,none,150,125,25,99e8202
2,branching-arith-medium,1000,554,literal,gzip,130,105,25,99e8202
2,branching-arith-medium,1000,555,compact,none,33,4,29,99e8202
2,branching-arith-medium,1000,555,literal,none,150,125,25,99e8202
2,branching-arith-medium,1000,555,literal,gzip,130,105,25,99e8202
2,branching-arith-medium,1000,556,compact,none,33,4,29,99e8202
2,branching-arith-medium,1000,556,literal,none,150,125,25,99e8202
2,branching-arith-medium,1000,556,literal,gzip,129,104,25,99e8202
2,branching-arith-medium,1000,557,compact,none,33,4,29,99e8202
2,branching-arith-medium,1000,557,literal,none,150,125,25,99e8202
2,branching-arith-medium,1000,557,literal,gzip,130,105,25,99e8202
2,branching-arith-medium,1000,558,compact,none,33,4,29,99e8202
2,branching-arith-medium,1000,558,literal,none,150,125,25,99e8202
2,branching-arith-medium,1000,558,literal,gzip,131,106,25,99e8202
2,branching-arith-medium,1000,559,compact,none,33,4,29,99e8202
2,branching-arith-medium,1000,559,literal,none,150,125,25,99e8202
2,branching-arith-medium,1000,559,literal,gzip,130,105,25,99e8202
2,branching-arith-medium,1000,560,compact,none,33,4,29,99e8202
2,branching-arith-medium,1000,560,literal,none,150,125,25,99e8202
2,branching-arith-medium,1000,560,literal,gzip,128,103,25,99e8202
2,branching-arith-medium,1000,561,compact,none,33,4,29,99e8202
2,branching-arith-medium,1000,561,literal,none,150,125,25,99e8202
2,branching-arith-medium,1000,561,literal,gzip,129,104,25,99e8202
2,branching-arith-medium,1000,562,compact,none,33,4,29,99e8202
2,branching-arith-medium,1000,562,literal,none,150,125,25,99e8202
2,branching-arith-medium,1000,562,literal,gzip,130,105,25,99e8202
2,branching-arith-medium,1000,563,compact,none,33,4,29,99e8202
2,branching-arith-medium,1000,563,literal,none,150,125,25,99e8202
2,branching-arith-medium,1000,563,literal,gzip,130,105,25,99e8202
2,branching-arith-medium,1000,564,compact,none,33,4,29,99e8202
2,branching-arith-medium,1000,564,literal,none,150,125,25,99e8202
2,branching-arith-medium,1000,564,literal,gzip,128,103,25,99e8202
2,branching-arith-medium,1000,565,compact,none,33,4,29,99e8202
2,branching-arith-medium,1000,565,literal,none,150,125,25,99e8202
2,branching-arith-medium,1000,565,literal,gzip,130,105,25,99e8202
2,branching-arith-medium,1000,566,compact,none,33,4,29,99e8202
2,branching-arith-medium,1000,566,literal,none,150,125,25,99e8202
2,branching-arith-medium,1000,566,literal,gzip,131,106,25,99e8202
2,branching-arith-medium,1000,567,compact,none,33,4,29,99e8202
2,branching-arith-medium,1000,567,literal,none,150,125,25,99e8202
2,branching-arith-medium,1000,567,literal,gzip,130,105,25,99e8202
2,branching-arith-medium,1000,568,compact,none,33,4,29,99e8202
2,branching-arith-medium,1000,568,literal,none,150,125,25,99e8202
2,branching-arith-medium,1000,568,literal,gzip,128,103,25,99e8202
2,branching-arith-medium,1000,569,compact,none,33,4,29,99e8202
2,branching-arith-medium,1000,569,literal,none,150,125,25,99e8202
2,branching-arith-medium,1000,569,literal,gzip,129,104,25,99e8202
2,branching-arith-medium,1000,570,compact,none,33,4,29,99e8202
2,branching-arith-medium,1000,570,literal,none,150,125,25,99e8202
2,branching-arith-medium,1000,570,literal,gzip,130,105,25,99e8202
2,branching-arith-medium,1000,571,compact,none,33,4,29,99e8202
2,branching-arith-medium,1000,571,literal,none,150,125,25,99e8202
2,branching-arith-medium,1000,571,literal,gzip,130,105,25,99e8202
2,branching-arith-medium,1000,572,compact,none,33,4,29,99e8202
2,branching-arith-medium,1000,572,literal,none,150,125,25,99e8202
2,branching-arith-medium,1000,572,literal,gzip,129,104,25,99e8202
2,branching-arith-medium,1000,573,compact,none,33,4,29,99e8202
2,branching-arith-medium,1000,573,literal,none,150,125,25,99e8202
2,branching-arith-medium,1000,573,literal,gzip,130,105,25,99e8202
2,branching-arith-medium,1000,574,compact,none,33,4,29,99e8202
2,branching-arith-medium,1000,574,literal,none,150,125,25,99e8202
2,branching-arith-medium,1000,574,literal,gzip,129,104,25,99e8202
2,branching-arith-medium,1000,575,compact,none,33,4,29,99e8202
2,branching-arith-medium,1000,575,literal,none,150,125,25,99e8202
2,branching-arith-medium,1000,575,literal,gzip,130,105,25,99e8202
2,branching-arith-medium,1000,576,compact,none,33,4,29,99e8202
2,branching-arith-medium,1000,576,literal,none,150,125,25,99e8202
2,branching-arith-medium,1000,576,literal,gzip,128,103,25,99e8202
2,branching-arith-medium,1000,577,compact,none,33,4,29,99e8202
2,branching-arith-medium,1000,577,literal,none,150,125,25,99e8202
2,branching-arith-medium,1000,577,literal,gzip,130,105,25,99e8202
2,branching-arith-medium,1000,578,compact,none,33,4,29,99e8202
2,branching-arith-medium,1000,578,literal,none,150,125,25,99e8202
2,branching-arith-medium,1000,578,literal,gzip,130,105,25,99e8202
2,branching-arith-medium,1000,579,compact,none,33,4,29,99e8202
2,branching-arith-medium,1000,579,literal,none,150,125,25,99e8202
2,branching-arith-medium,1000,579,literal,gzip,130,105,25,99e8202
2,branching-arith-medium,1000,580,compact,none,33,4,29,99e8202
2,branching-arith-medium,1000,580,literal,none,150,125,25,99e8202
2,branching-arith-medium,1000,580,literal,gzip,129,104,25,99e8202
2,branching-arith-medium,1000,581,compact,none,33,4,29,99e8202
2,branching-arith-medium,1000,581,literal,none,150,125,25,99e8202
2,branching-arith-medium,1000,581,literal,gzip,129,104,25,99e8202
2,branching-arith-medium,1000,582,compact,none,33,4,29,99e8202
2,branching-arith-medium,1000,582,literal,none,150,125,25,99e8202
2,branching-arith-medium,1000,582,literal,gzip,130,105,25,99e8202
2,branching-arith-medium,1000,583,compact,none,33,4,29,99e8202
2,branching-arith-medium,1000,583,literal,none,150,125,25,99e8202
2,branching-arith-medium,1000,583,literal,gzip,130,105,25,99e8202
2,branching-arith-medium,1000,584,compact,none,33,4,29,99e8202
2,branching-arith-medium,1000,584,literal,none,150,125,25,99e8202
2,branching-arith-medium,1000,584,literal,gzip,129,104,25,99e8202
2,branching-arith-medium,1000,585,compact,none,33,4,29,99e8202
2,branching-arith-medium,1000,585,literal,none,150,125,25,99e8202
2,branching-arith-medium,1000,585,literal,gzip,130,105,25,99e8202
2,branching-arith-medium,1000,586,compact,none,33,4,29,99e8202
2,branching-arith-medium,1000,586,literal,none,150,125,25,99e8202
2,branching-arith-medium,1000,586,literal,gzip,131,106,25,99e8202
2,branching-arith-medium,1000,587,compact,none,33,4,29,99e8202
2,branching-arith-medium,1000,587,literal,none,150,125,25,99e8202
2,branching-arith-medium,1000,587,literal,gzip,130,105,25,99e8202
2,branching-arith-medium,1000,588,compact,none,33,4,29,99e8202
2,branching-arith-medium,1000,588,literal,none,150,125,25,99e8202
2,branching-arith-medium,1000,588,literal,gzip,128,103,25,99e8202
2,branching-arith-medium,1000,589,compact,none,33,4,29,99e8202
2,branching-arith-medium,1000,589,literal,none,150,125,25,99e8202
2,branching-arith-medium,1000,589,literal,gzip,129,104,25,99e8202
2,branching-arith-medium,1000,590,compact,none,33,4,29,99e8202
2,branching-arith-medium,1000,590,literal,none,150,125,25,99e8202
2,branching-arith-medium,1000,590,literal,gzip,130,105,25,99e8202
2,branching-arith-medium,1000,591,compact,none,33,4,29,99e8202
2,branching-arith-medium,1000,591,literal,none,150,125,25,99e8202
2,branching-arith-medium,1000,591,literal,gzip,130,105,25,99e8202
2,branching-arith-medium,1000,592,compact,none,33,4,29,99e8202
2,branching-arith-medium,1000,592,literal,none,150,125,25,99e8202
2,branching-arith-medium,1000,592,literal,gzip,128,103,25,99e8202
2,branching-arith-medium,1000,593,compact,none,33,4,29,99e8202
2,branching-arith-medium,1000,593,literal,none,150,125,25,99e8202
2,branching-arith-medium,1000,593,literal,gzip,130,105,25,99e8202
2,branching-arith-medium,1000,594,compact,none,33,4,29,99e8202
2,branching-arith-medium,1000,594,literal,none,150,125,25,99e8202
2,branching-arith-medium,1000,594,literal,gzip,131,106,25,99e8202
2,branching-arith-medium,1000,595,compact,none,33,4,29,99e8202
2,branching-arith-medium,1000,595,literal,none,150,125,25,99e8202
2,branching-arith-medium,1000,595,literal,gzip,130,105,25,99e8202
2,branching-arith-medium,1000,596,compact,none,33,4,29,99e8202
2,branching-arith-medium,1000,596,literal,none,150,125,25,99e8202
2,branching-arith-medium,1000,596,literal,gzip,128,103,25,99e8202
2,branching-arith-medium,1000,597,compact,none,33,4,29,99e8202
2,branching-arith-medium,1000,597,literal,none,150,125,25,99e8202
2,branching-arith-medium,1000,597,literal,gzip,129,104,25,99e8202
2,branching-arith-medium,1000,598,compact,none,33,4,29,99e8202
2,branching-arith-medium,1000,598,literal,none,150,125,25,99e8202
2,branching-arith-medium,1000,598,literal,gzip,130,105,25,99e8202
2,branching-arith-medium,1000,599,compact,none,33,4,29,99e8202
2,branching-arith-medium,1000,599,literal,none,150,125,25,99e8202
2,branching-arith-medium,1000,599,literal,gzip,130,105,25,99e8202
2,branching-arith-medium,1000,600,compact,none,33,4,29,99e8202
2,branching-arith-medium,1000,600,literal,none,150,125,25,99e8202
2,branching-arith-medium,1000,600,literal,gzip,129,104,25,99e8202
2,branching-arith-medium,1000,601,compact,none,33,4,29,99e8202
2,branching-arith-medium,1000,601,literal,none,150,125,25,99e8202
2,branching-arith-medium,1000,601,literal,gzip,130,105,25,99e8202
2,branching-arith-medium,1000,602,compact,none,33,4,29,99e8202
2,branching-arith-medium,1000,602,literal,none,150,125,25,99e8202
2,branching-arith-medium,1000,602,literal,gzip,129,104,25,99e8202
2,branching-arith-medium,1000,603,compact,none,33,4,29,99e8202
2,branching-arith-medium,1000,603,literal,none,150,125,25,99e8202
2,branching-arith-medium,1000,603,literal,gzip,130,105,25,99e8202
2,branching-arith-medium,1000,604,compact,none,33,4,29,99e8202
2,branching-arith-medium,1000,604,literal,none,150,125,25,99e8202
2,branching-arith-medium,1000,604,literal,gzip,128,103,25,99e8202
2,branching-arith-medium,1000,605,compact,none,33,4,29,99e8202
2,branching-arith-medium,1000,605,literal,none,150,125,25,99e8202
2,branching-arith-medium,1000,605,literal,gzip,130,105,25,99e8202
2,branching-arith-medium,1000,606,compact,none,33,4,29,99e8202
2,branching-arith-medium,1000,606,literal,none,150,125,25,99e8202
2,branching-arith-medium,1000,606,literal,gzip,130,105,25,99e8202
2,branching-arith-medium,1000,607,compact,none,33,4,29,99e8202
2,branching-arith-medium,1000,607,literal,none,150,125,25,99e8202
2,branching-arith-medium,1000,607,literal,gzip,130,105,25,99e8202
2,branching-arith-medium,1000,608,compact,none,33,4,29,99e8202
2,branching-arith-medium,1000,608,literal,none,150,125,25,99e8202
2,branching-arith-medium,1000,608,literal,gzip,129,104,25,99e8202
2,branching-arith-medium,1000,609,compact,none,33,4,29,99e8202
2,branching-arith-medium,1000,609,literal,none,150,125,25,99e8202
2,branching-arith-medium,1000,609,literal,gzip,129,104,25,99e8202
2,branching-arith-medium,1000,610,compact,none,33,4,29,99e8202
2,branching-arith-medium,1000,610,literal,none,150,125,25,99e8202
2,branching-arith-medium,1000,610,literal,gzip,130,105,25,99e8202
2,branching-arith-medium,1000,611,compact,none,33,4,29,99e8202
2,branching-arith-medium,1000,611,literal,none,150,125,25,99e8202
2,branching-arith-medium,1000,611,literal,gzip,130,105,25,99e8202
2,branching-arith-medium,1000,612,compact,none,33,4,29,99e8202
2,branching-arith-medium,1000,612,literal,none,150,125,25,99e8202
2,branching-arith-medium,1000,612,literal,gzip,129,104,25,99e8202
2,branching-arith-medium,1000,613,compact,none,33,4,29,99e8202
2,branching-arith-medium,1000,613,literal,none,150,125,25,99e8202
2,branching-arith-medium,1000,613,literal,gzip,130,105,25,99e8202
2,branching-arith-medium,1000,614,compact,none,33,4,29,99e8202
2,branching-arith-medium,1000,614,literal,none,150,125,25,99e8202
2,branching-arith-medium,1000,614,literal,gzip,131,106,25,99e8202
2,branching-arith-medium,1000,615,compact,none,33,4,29,99e8202
2,branching-arith-medium,1000,615,literal,none,150,125,25,99e8202
2,branching-arith-medium,1000,615,literal,gzip,130,105,25,99e8202
2,branching-arith-medium,1000,616,compact,none,33,4,29,99e8202
2,branching-arith-medium,1000,616,literal,none,150,125,25,99e8202
2,branching-arith-medium,1000,616,literal,gzip,128,103,25,99e8202
2,branching-arith-medium,1000,617,compact,none,33,4,29,99e8202
2,branching-arith-medium,1000,617,literal,none,150,125,25,99e8202
2,branching-arith-medium,1000,617,literal,gzip,129,104,25,99e8202
2,branching-arith-medium,1000,618,compact,none,33,4,29,99e8202
2,branching-arith-medium,1000,618,literal,none,150,125,25,99e8202
2,branching-arith-medium,1000,618,literal,gzip,130,105,25,99e8202
2,branching-arith-medium,1000,619,compact,none,33,4,29,99e8202
2,branching-arith-medium,1000,619,literal,none,150,125,25,99e8202
2,branching-arith-medium,1000,619,literal,gzip,130,105,25,99e8202
2,branching-arith-medium,1000,620,compact,none,33,4,29,99e8202
2,branching-arith-medium,1000,620,literal,none,150,125,25,99e8202
2,branching-arith-medium,1000,620,literal,gzip,128,103,25,99e8202
2,branching-arith-medium,1000,621,compact,none,33,4,29,99e8202
2,branching-arith-medium,1000,621,literal,none,150,125,25,99e8202
2,branching-arith-medium,1000,621,literal,gzip,130,105,25,99e8202
2,branching-arith-medium,1000,622,compact,none,33,4,29,99e8202
2,branching-arith-medium,1000,622,literal,none,150,125,25,99e8202
2,branching-arith-medium,1000,622,literal,gzip,131,106,25,99e8202
2,branching-arith-medium,1000,623,compact,none,33,4,29,99e8202
2,branching-arith-medium,1000,623,literal,none,150,125,25,99e8202
2,branching-arith-medium,1000,623,literal,gzip,130,105,25,99e8202
2,branching-arith-medium,1000,624,compact,none,33,4,29,99e8202
2,branching-arith-medium,1000,624,literal,none,150,125,25,99e8202
2,branching-arith-medium,1000,624,literal,gzip,128,103,25,99e8202
2,branching-arith-medium,1000,625,compact,none,33,4,29,99e8202
2,branching-arith-medium,1000,625,literal,none,150,125,25,99e8202
2,branching-arith-medium,1000,625,literal,gzip,129,104,25,99e8202
2,branching-arith-medium,1000,626,compact,none,33,4,29,99e8202
2,branching-arith-medium,1000,626,literal,none,150,125,25,99e8202
2,branching-arith-medium,1000,626,literal,gzip,130,105,25,99e8202
2,branching-arith-medium,1000,627,compact,none,33,4,29,99e8202
2,branching-arith-medium,1000,627,literal,none,150,125,25,99e8202
2,branching-arith-medium,1000,627,literal,gzip,130,105,25,99e8202
2,branching-arith-medium,1000,628,compact,none,33,4,29,99e8202
2,branching-arith-medium,1000,628,literal,none,150,125,25,99e8202
2,branching-arith-medium,1000,628,literal,gzip,129,104,25,99e8202
2,branching-arith-medium,1000,629,compact,none,33,4,29,99e8202
2,branching-arith-medium,1000,629,literal,none,150,125,25,99e8202
2,branching-arith-medium,1000,629,literal,gzip,130,105,25,99e8202
2,branching-arith-medium,1000,630,compact,none,33,4,29,99e8202
2,branching-arith-medium,1000,630,literal,none,150,125,25,99e8202
2,branching-arith-medium,1000,630,literal,gzip,129,104,25,99e8202
2,branching-arith-medium,1000,631,compact,none,33,4,29,99e8202
2,branching-arith-medium,1000,631,literal,none,150,125,25,99e8202
2,branching-arith-medium,1000,631,literal,gzip,130,105,25,99e8202
2,branching-arith-medium,1000,632,compact,none,33,4,29,99e8202
2,branching-arith-medium,1000,632,literal,none,150,125,25,99e8202
2,branching-arith-medium,1000,632,literal,gzip,128,103,25,99e8202
2,branching-arith-medium,1000,633,compact,none,33,4,29,99e8202
2,branching-arith-medium,1000,633,literal,none,150,125,25,99e8202
2,branching-arith-medium,1000,633,literal,gzip,130,105,25,99e8202
2,branching-arith-medium,1000,634,compact,none,33,4,29,99e8202
2,branching-arith-medium,1000,634,literal,none,150,125,25,99e8202
2,branching-arith-medium,1000,634,literal,gzip,130,105,25,99e8202
2,branching-arith-medium,1000,635,compact,none,33,4,29,99e8202
2,branching-arith-medium,1000,635,literal,none,150,125,25,99e8202
2,branching-arith-medium,1000,635,literal,gzip,130,105,25,99e8202
2,branching-arith-medium,1000,636,compact,none,33,4,29,99e8202
2,branching-arith-medium,1000,636,literal,none,150,125,25,99e8202
2,branching-arith-medium,1000,636,literal,gzip,129,104,25,99e8202
2,branching-arith-medium,1000,637,compact,none,33,4,29,99e8202
2,branching-arith-medium,1000,637,literal,none,150,125,25,99e8202
2,branching-arith-medium,1000,637,literal,gzip,129,104,25,99e8202
2,branching-arith-medium,1000,638,compact,none,33,4,29,99e8202
2,branching-arith-medium,1000,638,literal,none,150,125,25,99e8202
2,branching-arith-medium,1000,638,literal,gzip,130,105,25,99e8202
2,branching-arith-medium,1000,639,compact,none,33,4,29,99e8202
2,branching-arith-medium,1000,639,literal,none,150,125,25,99e8202
2,branching-arith-medium,1000,639,literal,gzip,130,105,25,99e8202
2,branching-arith-medium,1000,640,compact,none,33,4,29,99e8202
2,branching-arith-medium,1000,640,literal,none,150,125,25,99e8202
2,branching-arith-medium,1000,640,literal,gzip,129,104,25,99e8202
2,branching-arith-medium,1000,641,compact,none,33,4,29,99e8202
2,branching-arith-medium,1000,641,literal,none,150,125,25,99e8202
2,branching-arith-medium,1000,641,literal,gzip,130,105,25,99e8202
2,branching-arith-medium,1000,642,compact,none,33,4,29,99e8202
2,branching-arith-medium,1000,642,literal,none,150,125,25,99e8202
2,branching-arith-medium,1000,642,literal,gzip,131,106,25,99e8202
2,branching-arith-medium,1000,643,compact,none,33,4,29,99e8202
2,branching-arith-medium,1000,643,literal,none,150,125,25,99e8202
2,branching-arith-medium,1000,643,literal,gzip,130,105,25,99e8202
2,branching-arith-medium,1000,644,compact,none,33,4,29,99e8202
2,branching-arith-medium,1000,644,literal,none,150,125,25,99e8202
2,branching-arith-medium,1000,644,literal,gzip,128,103,25,99e8202
2,branching-arith-medium,1000,645,compact,none,33,4,29,99e8202
2,branching-arith-medium,1000,645,literal,none,150,125,25,99e8202
2,branching-arith-medium,1000,645,literal,gzip,129,104,25,99e8202
2,branching-arith-medium,1000,646,compact,none,33,4,29,99e8202
2,branching-arith-medium,1000,646,literal,none,150,125,25,99e8202
2,branching-arith-medium,1000,646,literal,gzip,130,105,25,99e8202
2,branching-arith-medium,1000,647,compact,none,33,4,29,99e8202
2,branching-arith-medium,1000,647,literal,none,150,125,25,99e8202
2,branching-arith-medium,1000,647,literal,gzip,130,105,25,99e8202
2,branching-arith-medium,1000,648,compact,none,33,4,29,99e8202
2,branching-arith-medium,1000,648,literal,none,150,125,25,99e8202
2,branching-arith-medium,1000,648,literal,gzip,128,103,25,99e8202
2,branching-arith-medium,1000,649,compact,none,33,4,29,99e8202
2,branching-arith-medium,1000,649,literal,none,150,125,25,99e8202
2,branching-arith-medium,1000,649,literal,gzip,130,105,25,99e8202
2,branching-arith-medium,1000,650,compact,none,33,4,29,99e8202
2,branching-arith-medium,1000,650,literal,none,150,125,25,99e8202
2,branching-arith-medium,1000,650,literal,gzip,131,106,25,99e8202
2,branching-arith-medium,1000,651,compact,none,33,4,29,99e8202
2,branching-arith-medium,1000,651,literal,none,150,125,25,99e8202
2,branching-arith-medium,1000,651,literal,gzip,130,105,25,99e8202
2,branching-arith-medium,1000,652,compact,none,33,4,29,99e8202
2,branching-arith-medium,1000,652,literal,none,150,125,25,99e8202
2,branching-arith-medium,1000,652,literal,gzip,128,103,25,99e8202
2,branching-arith-medium,1000,653,compact,none,33,4,29,99e8202
2,branching-arith-medium,1000,653,literal,none,150,125,25,99e8202
2,branching-arith-medium,1000,653,literal,gzip,129,104,25,99e8202
2,branching-arith-medium,1000,654,compact,none,33,4,29,99e8202
2,branching-arith-medium,1000,654,literal,none,150,125,25,99e8202
2,branching-arith-medium,1000,654,literal,gzip,130,105,25,99e8202
2,branching-arith-medium,1000,655,compact,none,33,4,29,99e8202
2,branching-arith-medium,1000,655,literal,none,150,125,25,99e8202
2,branching-arith-medium,1000,655,literal,gzip,130,105,25,99e8202
2,branching-arith-medium,1000,656,compact,none,33,4,29,99e8202
2,branching-arith-medium,1000,656,literal,none,150,125,25,99e8202
2,branching-arith-medium,1000,656,literal,gzip,129,104,25,99e8202
2,branching-arith-medium,1000,657,compact,none,33,4,29,99e8202
2,branching-arith-medium,1000,657,literal,none,150,125,25,99e8202
2,branching-arith-medium,1000,657,literal,gzip,130,105,25,99e8202
2,branching-arith-medium,1000,658,compact,none,33,4,29,99e8202
2,branching-arith-medium,1000,658,literal,none,150,125,25,99e8202
2,branching-arith-medium,1000,658,literal,gzip,129,104,25,99e8202
2,branching-arith-medium,1000,659,compact,none,33,4,29,99e8202
2,branching-arith-medium,1000,659,literal,none,150,125,25,99e8202
2,branching-arith-medium,1000,659,literal,gzip,130,105,25,99e8202
2,branching-arith-medium,1000,660,compact,none,33,4,29,99e8202
2,branching-arith-medium,1000,660,literal,none,150,125,25,99e8202
2,branching-arith-medium,1000,660,literal,gzip,128,103,25,99e8202
2,branching-arith-medium,1000,661,compact,none,33,4,29,99e8202
2,branching-arith-medium,1000,661,literal,none,150,125,25,99e8202
2,branching-arith-medium,1000,661,literal,gzip,130,105,25,99e8202
2,branching-arith-medium,1000,662,compact,none,33,4,29,99e8202
2,branching-arith-medium,1000,662,literal,none,150,125,25,99e8202
2,branching-arith-medium,1000,662,literal,gzip,130,105,25,99e8202
2,branching-arith-medium,1000,663,compact,none,33,4,29,99e8202
2,branching-arith-medium,1000,663,literal,none,150,125,25,99e8202
2,branching-arith-medium,1000,663,literal,gzip,130,105,25,99e8202
2,branching-arith-medium,1000,664,compact,none,33,4,29,99e8202
2,branching-arith-medium,1000,664,literal,none,150,125,25,99e8202
2,branching-arith-medium,1000,664,literal,gzip,129,104,25,99e8202
2,branching-arith-medium,1000,665,compact,none,33,4,29,99e8202
2,branching-arith-medium,1000,665,literal,none,150,125,25,99e8202
2,branching-arith-medium,1000,665,literal,gzip,129,104,25,99e8202
2,branching-arith-medium,1000,666,compact,none,33,4,29,99e8202
2,branching-arith-medium,1000,666,literal,none,150,125,25,99e8202
2,branching-arith-medium,1000,666,literal,gzip,130,105,25,99e8202
2,branching-arith-medium,1000,667,compact,none,33,4,29,99e8202
2,branching-arith-medium,1000,667,literal,none,150,125,25,99e8202
2,branching-arith-medium,1000,667,literal,gzip,130,105,25,99e8202
2,branching-arith-medium,1000,668,compact,none,33,4,29,99e8202
2,branching-arith-medium,1000,668,literal,none,150,125,25,99e8202
2,branching-arith-medium,1000,668,literal,gzip,129,104,25,99e8202
2,branching-arith-medium,1000,669,compact,none,33,4,29,99e8202
2,branching-arith-medium,1000,669,literal,none,150,125,25,99e8202
2,branching-arith-medium,1000,669,literal,gzip,130,105,25,99e8202
2,branching-arith-medium,1000,670,compact,none,33,4,29,99e8202
2,branching-arith-medium,1000,670,literal,none,150,125,25,99e8202
2,branching-arith-medium,1000,670,literal,gzip,131,106,25,99e8202
2,branching-arith-medium,1000,671,compact,none,33,4,29,99e8202
2,branching-arith-medium,1000,671,literal,none,150,125,25,99e8202
2,branching-arith-medium,1000,671,literal,gzip,130,105,25,99e8202
2,branching-arith-medium,1000,672,compact,none,33,4,29,99e8202
2,branching-arith-medium,1000,672,literal,none,150,125,25,99e8202
2,branching-arith-medium,1000,672,literal,gzip,128,103,25,99e8202
2,branching-arith-medium,1000,673,compact,none,33,4,29,99e8202
2,branching-arith-medium,1000,673,literal,none,150,125,25,99e8202
2,branching-arith-medium,1000,673,literal,gzip,129,104,25,99e8202
2,branching-arith-medium,1000,674,compact,none,33,4,29,99e8202
2,branching-arith-medium,1000,674,literal,none,150,125,25,99e8202
2,branching-arith-medium,1000,674,literal,gzip,130,105,25,99e8202
2,branching-arith-medium,1000,675,compact,none,33,4,29,99e8202
2,branching-arith-medium,1000,675,literal,none,150,125,25,99e8202
2,branching-arith-medium,1000,675,literal,gzip,130,105,25,99e8202
2,branching-arith-medium,1000,676,compact,none,33,4,29,99e8202
2,branching-arith-medium,1000,676,literal,none,150,125,25,99e8202
2,branching-arith-medium,1000,676,literal,gzip,128,103,25,99e8202
2,branching-arith-medium,1000,677,compact,none,33,4,29,99e8202
2,branching-arith-medium,1000,677,literal,none,150,125,25,99e8202
2,branching-arith-medium,1000,677,literal,gzip,130,105,25,99e8202
2,branching-arith-medium,1000,678,compact,none,33,4,29,99e8202
2,branching-arith-medium,1000,678,literal,none,150,125,25,99e8202
2,branching-arith-medium,1000,678,literal,gzip,131,106,25,99e8202
2,branching-arith-medium,1000,679,compact,none,33,4,29,99e8202
2,branching-arith-medium,1000,679,literal,none,150,125,25,99e8202
2,branching-arith-medium,1000,679,literal,gzip,130,105,25,99e8202
2,branching-arith-medium,1000,680,compact,none,33,4,29,99e8202
2,branching-arith-medium,1000,680,literal,none,150,125,25,99e8202
2,branching-arith-medium,1000,680,literal,gzip,128,103,25,99e8202
2,branching-arith-medium,1000,681,compact,none,33,4,29,99e8202
2,branching-arith-medium,1000,681,literal,none,150,125,25,99e8202
2,branching-arith-medium,1000,681,literal,gzip,129,104,25,99e8202
2,branching-arith-medium,1000,682,compact,none,33,4,29,99e8202
2,branching-arith-medium,1000,682,literal,none,150,125,25,99e8202
2,branching-arith-medium,1000,682,literal,gzip,130,105,25,99e8202
2,branching-arith-medium,1000,683,compact,none,33,4,29,99e8202
2,branching-arith-medium,1000,683,literal,none,150,125,25,99e8202
2,branching-arith-medium,1000,683,literal,gzip,130,105,25,99e8202
2,branching-arith-medium,1000,684,compact,none,33,4,29,99e8202
2,branching-arith-medium,1000,684,literal,none,150,125,25,99e8202
2,branching-arith-medium,1000,684,literal,gzip,129,104,25,99e8202
2,branching-arith-medium,1000,685,compact,none,33,4,29,99e8202
2,branching-arith-medium,1000,685,literal,none,150,125,25,99e8202
2,branching-arith-medium,1000,685,literal,gzip,130,105,25,99e8202
2,branching-arith-medium,1000,686,compact,none,33,4,29,99e8202
2,branching-arith-medium,1000,686,literal,none,150,125,25,99e8202
2,branching-arith-medium,1000,686,literal,gzip,129,104,25,99e8202
2,branching-arith-medium,1000,687,compact,none,33,4,29,99e8202
2,branching-arith-medium,1000,687,literal,none,150,125,25,99e8202
2,branching-arith-medium,1000,687,literal,gzip,130,105,25,99e8202
2,branching-arith-medium,1000,688,compact,none,33,4,29,99e8202
2,branching-arith-medium,1000,688,literal,none,150,125,25,99e8202
2,branching-arith-medium,1000,688,literal,gzip,128,103,25,99e8202
2,branching-arith-medium,1000,689,compact,none,33,4,29,99e8202
2,branching-arith-medium,1000,689,literal,none,150,125,25,99e8202
2,branching-arith-medium,1000,689,literal,gzip,130,105,25,99e8202
2,branching-arith-medium,1000,690,compact,none,33,4,29,99e8202
2,branching-arith-medium,1000,690,literal,none,150,125,25,99e8202
2,branching-arith-medium,1000,690,literal,gzip,130,105,25,99e8202
2,branching-arith-medium,1000,691,compact,none,33,4,29,99e8202
2,branching-arith-medium,1000,691,literal,none,150,125,25,99e8202
2,branching-arith-medium,1000,691,literal,gzip,130,105,25,99e8202
2,branching-arith-medium,1000,692,compact,none,33,4,29,99e8202
2,branching-arith-medium,1000,692,literal,none,150,125,25,99e8202
2,branching-arith-medium,1000,692,literal,gzip,129,104,25,99e8202
2,branching-arith-medium,1000,693,compact,none,33,4,29,99e8202
2,branching-arith-medium,1000,693,literal,none,150,125,25,99e8202
2,branching-arith-medium,1000,693,literal,gzip,129,104,25,99e8202
2,branching-arith-medium,1000,694,compact,none,33,4,29,99e8202
2,branching-arith-medium,1000,694,literal,none,150,125,25,99e8202
2,branching-arith-medium,1000,694,literal,gzip,130,105,25,99e8202
2,branching-arith-medium,1000,695,compact,none,33,4,29,99e8202
2,branching-arith-medium,1000,695,literal,none,150,125,25,99e8202
2,branching-arith-medium,1000,695,literal,gzip,130,105,25,99e8202
2,branching-arith-medium,1000,696,compact,none,33,4,29,99e8202
2,branching-arith-medium,1000,696,literal,none,150,125,25,99e8202
2,branching-arith-medium,1000,696,literal,gzip,129,104,25,99e8202
2,branching-arith-medium,1000,697,compact,none,33,4,29,99e8202
2,branching-arith-medium,1000,697,literal,none,150,125,25,99e8202
2,branching-arith-medium,1000,697,literal,gzip,130,105,25,99e8202
2,branching-arith-medium,1000,698,compact,none,33,4,29,99e8202
2,branching-arith-medium,1000,698,literal,none,150,125,25,99e8202
2,branching-arith-medium,1000,698,literal,gzip,131,106,25,99e8202
2,branching-arith-medium,1000,699,compact,none,33,4,29,99e8202
2,branching-arith-medium,1000,699,literal,none,150,125,25,99e8202
2,branching-arith-medium,1000,699,literal,gzip,130,105,25,99e8202
2,branching-arith-medium,1000,700,compact,none,33,4,29,99e8202
2,branching-arith-medium,1000,700,literal,none,150,125,25,99e8202
2,branching-arith-medium,1000,700,literal,gzip,128,103,25,99e8202
2,branching-arith-medium,1000,701,compact,none,33,4,29,99e8202
2,branching-arith-medium,1000,701,literal,none,150,125,25,99e8202
2,branching-arith-medium,1000,701,literal,gzip,129,104,25,99e8202
2,branching-arith-medium,1000,702,compact,none,33,4,29,99e8202
2,branching-arith-medium,1000,702,literal,none,150,125,25,99e8202
2,branching-arith-medium,1000,702,literal,gzip,130,105,25,99e8202
2,branching-arith-medium,1000,703,compact,none,33,4,29,99e8202
2,branching-arith-medium,1000,703,literal,none,150,125,25,99e8202
2,branching-arith-medium,1000,703,literal,gzip,130,105,25,99e8202
2,branching-arith-medium,1000,704,compact,none,33,4,29,99e8202
2,branching-arith-medium,1000,704,literal,none,150,125,25,99e8202
2,branching-arith-medium,1000,704,literal,gzip,128,103,25,99e8202
2,branching-arith-medium,1000,705,compact,none,33,4,29,99e8202
2,branching-arith-medium,1000,705,literal,none,150,125,25,99e8202
2,branching-arith-medium,1000,705,literal,gzip,130,105,25,99e8202
2,branching-arith-medium,1000,706,compact,none,33,4,29,99e8202
2,branching-arith-medium,1000,706,literal,none,150,125,25,99e8202
2,branching-arith-medium,1000,706,literal,gzip,131,106,25,99e8202
2,branching-arith-medium,1000,707,compact,none,33,4,29,99e8202
2,branching-arith-medium,1000,707,literal,none,150,125,25,99e8202
2,branching-arith-medium,1000,707,literal,gzip,130,105,25,99e8202
2,branching-arith-medium,1000,708,compact,none,33,4,29,99e8202
2,branching-arith-medium,1000,708,literal,none,150,125,25,99e8202
2,branching-arith-medium,1000,708,literal,gzip,128,103,25,99e8202
2,branching-arith-medium,1000,709,compact,none,33,4,29,99e8202
2,branching-arith-medium,1000,709,literal,none,150,125,25,99e8202
2,branching-arith-medium,1000,709,literal,gzip,129,104,25,99e8202
2,branching-arith-medium,1000,710,compact,none,33,4,29,99e8202
2,branching-arith-medium,1000,710,literal,none,150,125,25,99e8202
2,branching-arith-medium,1000,710,literal,gzip,130,105,25,99e8202
2,branching-arith-medium,1000,711,compact,none,33,4,29,99e8202
2,branching-arith-medium,1000,711,literal,none,150,125,25,99e8202
2,branching-arith-medium,1000,711,literal,gzip,130,105,25,99e8202
2,branching-arith-medium,1000,712,compact,none,33,4,29,99e8202
2,branching-arith-medium,1000,712,literal,none,150,125,25,99e8202
2,branching-arith-medium,1000,712,literal,gzip,129,104,25,99e8202
2,branching-arith-medium,1000,713,compact,none,33,4,29,99e8202
2,branching-arith-medium,1000,713,literal,none,150,125,25,99e8202
2,branching-arith-medium,1000,713,literal,gzip,130,105,25,99e8202
2,branching-arith-medium,1000,714,compact,none,33,4,29,99e8202
2,branching-arith-medium,1000,714,literal,none,150,125,25,99e8202
2,branching-arith-medium,1000,714,literal,gzip,129,104,25,99e8202
2,branching-arith-medium,1000,715,compact,none,33,4,29,99e8202
2,branching-arith-medium,1000,715,literal,none,150,125,25,99e8202
2,branching-arith-medium,1000,715,literal,gzip,130,105,25,99e8202
2,branching-arith-medium,1000,716,compact,none,33,4,29,99e8202
2,branching-arith-medium,1000,716,literal,none,150,125,25,99e8202
2,branching-arith-medium,1000,716,literal,gzip,128,103,25,99e8202
2,branching-arith-medium,1000,717,compact,none,33,4,29,99e8202
2,branching-arith-medium,1000,717,literal,none,150,125,25,99e8202
2,branching-arith-medium,1000,717,literal,gzip,130,105,25,99e8202
2,branching-arith-medium,1000,718,compact,none,33,4,29,99e8202
2,branching-arith-medium,1000,718,literal,none,150,125,25,99e8202
2,branching-arith-medium,1000,718,literal,gzip,130,105,25,99e8202
2,branching-arith-medium,1000,719,compact,none,33,4,29,99e8202
2,branching-arith-medium,1000,719,literal,none,150,125,25,99e8202
2,branching-arith-medium,1000,719,literal,gzip,130,105,25,99e8202
2,branching-arith-medium,1000,720,compact,none,33,4,29,99e8202
2,branching-arith-medium,1000,720,literal,none,150,125,25,99e8202
2,branching-arith-medium,1000,720,literal,gzip,129,104,25,99e8202
2,branching-arith-medium,1000,721,compact,none,33,4,29,99e8202
2,branching-arith-medium,1000,721,literal,none,150,125,25,99e8202
2,branching-arith-medium,1000,721,literal,gzip,129,104,25,99e8202
2,branching-arith-medium,1000,722,compact,none,33,4,29,99e8202
2,branching-arith-medium,1000,722,literal,none,150,125,25,99e8202
2,branching-arith-medium,1000,722,literal,gzip,130,105,25,99e8202
2,branching-arith-medium,1000,723,compact,none,33,4,29,99e8202
2,branching-arith-medium,1000,723,literal,none,150,125,25,99e8202
2,branching-arith-medium,1000,723,literal,gzip,130,105,25,99e8202
2,branching-arith-medium,1000,724,compact,none,33,4,29,99e8202
2,branching-arith-medium,1000,724,literal,none,150,125,25,99e8202
2,branching-arith-medium,1000,724,literal,gzip,129,104,25,99e8202
2,branching-arith-medium,1000,725,compact,none,33,4,29,99e8202
2,branching-arith-medium,1000,725,literal,none,150,125,25,99e8202
2,branching-arith-medium,1000,725,literal,gzip,130,105,25,99e8202
2,branching-arith-medium,1000,726,compact,none,33,4,29,99e8202
2,branching-arith-medium,1000,726,literal,none,150,125,25,99e8202
2,branching-arith-medium,1000,726,literal,gzip,131,106,25,99e8202
2,branching-arith-medium,1000,727,compact,none,33,4,29,99e8202
2,branching-arith-medium,1000,727,literal,none,150,125,25,99e8202
2,branching-arith-medium,1000,727,literal,gzip,130,105,25,99e8202
2,branching-arith-medium,1000,728,compact,none,33,4,29,99e8202
2,branching-arith-medium,1000,728,literal,none,150,125,25,99e8202
2,branching-arith-medium,1000,728,literal,gzip,128,103,25,99e8202
2,branching-arith-medium,1000,729,compact,none,33,4,29,99e8202
2,branching-arith-medium,1000,729,literal,none,150,125,25,99e8202
2,branching-arith-medium,1000,729,literal,gzip,129,104,25,99e8202
2,branching-arith-medium,1000,730,compact,none,33,4,29,99e8202
2,branching-arith-medium,1000,730,literal,none,150,125,25,99e8202
2,branching-arith-medium,1000,730,literal,gzip,130,105,25,99e8202
2,branching-arith-medium,1000,731,compact,none,33,4,29,99e8202
2,branching-arith-medium,1000,731,literal,none,150,125,25,99e8202
2,branching-arith-medium,1000,731,literal,gzip,130,105,25,99e8202
2,branching-arith-medium,1000,732,compact,none,33,4,29,99e8202
2,branching-arith-medium,1000,732,literal,none,150,125,25,99e8202
2,branching-arith-medium,1000,732,literal,gzip,128,103,25,99e8202
2,branching-arith-medium,1000,733,compact,none,33,4,29,99e8202
2,branching-arith-medium,1000,733,literal,none,150,125,25,99e8202
2,branching-arith-medium,1000,733,literal,gzip,130,105,25,99e8202
2,branching-arith-medium,1000,734,compact,none,33,4,29,99e8202
2,branching-arith-medium,1000,734,literal,none,150,125,25,99e8202
2,branching-arith-medium,1000,734,literal,gzip,131,106,25,99e8202
2,branching-arith-medium,1000,735,compact,none,33,4,29,99e8202
2,branching-arith-medium,1000,735,literal,none,150,125,25,99e8202
2,branching-arith-medium,1000,735,literal,gzip,130,105,25,99e8202
2,branching-arith-medium,1000,736,compact,none,33,4,29,99e8202
2,branching-arith-medium,1000,736,literal,none,150,125,25,99e8202
2,branching-arith-medium,1000,736,literal,gzip,128,103,25,99e8202
2,branching-arith-medium,1000,737,compact,none,33,4,29,99e8202
2,branching-arith-medium,1000,737,literal,none,150,125,25,99e8202
2,branching-arith-medium,1000,737,literal,gzip,129,104,25,99e8202
2,branching-arith-medium,1000,738,compact,none,33,4,29,99e8202
2,branching-arith-medium,1000,738,literal,none,150,125,25,99e8202
2,branching-arith-medium,1000,738,literal,gzip,130,105,25,99e8202
2,branching-arith-medium,1000,739,compact,none,33,4,29,99e8202
2,branching-arith-medium,1000,739,literal,none,150,125,25,99e8202
2,branching-arith-medium,1000,739,literal,gzip,130,105,25,99e8202
2,branching-arith-medium,1000,740,compact,none,33,4,29,99e8202
2,branching-arith-medium,1000,740,literal,none,150,125,25,99e8202
2,branching-arith-medium,1000,740,literal,gzip,129,104,25,99e8202
2,branching-arith-medium,1000,741,compact,none,33,4,29,99e8202
2,branching-arith-medium,1000,741,literal,none,150,125,25,99e8202
2,branching-arith-medium,1000,741,literal,gzip,130,105,25,99e8202
2,branching-arith-medium,1000,742,compact,none,33,4,29,99e8202
2,branching-arith-medium,1000,742,literal,none,150,125,25,99e8202
2,branching-arith-medium,1000,742,literal,gzip,129,104,25,99e8202
2,branching-arith-medium,1000,743,compact,none,33,4,29,99e8202
2,branching-arith-medium,1000,743,literal,none,150,125,25,99e8202
2,branching-arith-medium,1000,743,literal,gzip,130,105,25,99e8202
2,branching-arith-medium,1000,744,compact,none,33,4,29,99e8202
2,branching-arith-medium,1000,744,literal,none,150,125,25,99e8202
2,branching-arith-medium,1000,744,literal,gzip,128,103,25,99e8202
2,branching-arith-medium,1000,745,compact,none,33,4,29,99e8202
2,branching-arith-medium,1000,745,literal,none,150,125,25,99e8202
2,branching-arith-medium,1000,745,literal,gzip,130,105,25,99e8202
2,branching-arith-medium,1000,746,compact,none,33,4,29,99e8202
2,branching-arith-medium,1000,746,literal,none,150,125,25,99e8202
2,branching-arith-medium,1000,746,literal,gzip,130,105,25,99e8202
2,branching-arith-medium,1000,747,compact,none,33,4,29,99e8202
2,branching-arith-medium,1000,747,literal,none,150,125,25,99e8202
2,branching-arith-medium,1000,747,literal,gzip,130,105,25,99e8202
2,branching-arith-medium,1000,748,compact,none,33,4,29,99e8202
2,branching-arith-medium,1000,748,literal,none,150,125,25,99e8202
2,branching-arith-medium,1000,748,literal,gzip,129,104,25,99e8202
2,branching-arith-medium,1000,749,compact,none,33,4,29,99e8202
2,branching-arith-medium,1000,749,literal,none,150,125,25,99e8202
2,branching-arith-medium,1000,749,literal,gzip,129,104,25,99e8202
2,branching-arith-medium,1000,750,compact,none,33,4,29,99e8202
2,branching-arith-medium,1000,750,literal,none,150,125,25,99e8202
2,branching-arith-medium,1000,750,literal,gzip,130,105,25,99e8202
2,branching-arith-medium,1000,751,compact,none,33,4,29,99e8202
2,branching-arith-medium,1000,751,literal,none,150,125,25,99e8202
2,branching-arith-medium,1000,751,literal,gzip,130,105,25,99e8202
2,branching-arith-medium,1000,752,compact,none,33,4,29,99e8202
2,branching-arith-medium,1000,752,literal,none,150,125,25,99e8202
2,branching-arith-medium,1000,752,literal,gzip,129,104,25,99e8202
2,branching-arith-medium,1000,753,compact,none,33,4,29,99e8202
2,branching-arith-medium,1000,753,literal,none,150,125,25,99e8202
2,branching-arith-medium,1000,753,literal,gzip,130,105,25,99e8202
2,branching-arith-medium,1000,754,compact,none,33,4,29,99e8202
2,branching-arith-medium,1000,754,literal,none,150,125,25,99e8202
2,branching-arith-medium,1000,754,literal,gzip,131,106,25,99e8202
2,branching-arith-medium,1000,755,compact,none,33,4,29,99e8202
2,branching-arith-medium,1000,755,literal,none,150,125,25,99e8202
2,branching-arith-medium,1000,755,literal,gzip,130,105,25,99e8202
2,branching-arith-medium,1000,756,compact,none,33,4,29,99e8202
2,branching-arith-medium,1000,756,literal,none,150,125,25,99e8202
2,branching-arith-medium,1000,756,literal,gzip,128,103,25,99e8202
2,branching-arith-medium,1000,757,compact,none,33,4,29,99e8202
2,branching-arith-medium,1000,757,literal,none,150,125,25,99e8202
2,branching-arith-medium,1000,757,literal,gzip,129,104,25,99e8202
2,branching-arith-medium,1000,758,compact,none,33,4,29,99e8202
2,branching-arith-medium,1000,758,literal,none,150,125,25,99e8202
2,branching-arith-medium,1000,758,literal,gzip,130,105,25,99e8202
2,branching-arith-medium,1000,759,compact,none,33,4,29,99e8202
2,branching-arith-medium,1000,759,literal,none,150,125,25,99e8202
2,branching-arith-medium,1000,759,literal,gzip,130,105,25,99e8202
2,branching-arith-medium,1000,760,compact,none,33,4,29,99e8202
2,branching-arith-medium,1000,760,literal,none,150,125,25,99e8202
2,branching-arith-medium,1000,760,literal,gzip,128,103,25,99e8202
2,branching-arith-medium,1000,761,compact,none,33,4,29,99e8202
2,branching-arith-medium,1000,761,literal,none,150,125,25,99e8202
2,branching-arith-medium,1000,761,literal,gzip,130,105,25,99e8202
2,branching-arith-medium,1000,762,compact,none,33,4,29,99e8202
2,branching-arith-medium,1000,762,literal,none,150,125,25,99e8202
2,branching-arith-medium,1000,762,literal,gzip,131,106,25,99e8202
2,branching-arith-medium,1000,763,compact,none,33,4,29,99e8202
2,branching-arith-medium,1000,763,literal,none,150,125,25,99e8202
2,branching-arith-medium,1000,763,literal,gzip,130,105,25,99e8202
2,branching-arith-medium,1000,764,compact,none,33,4,29,99e8202
2,branching-arith-medium,1000,764,literal,none,150,125,25,99e8202
2,branching-arith-medium,1000,764,literal,gzip,128,103,25,99e8202
2,branching-arith-medium,1000,765,compact,none,33,4,29,99e8202
2,branching-arith-medium,1000,765,literal,none,150,125,25,99e8202
2,branching-arith-medium,1000,765,literal,gzip,129,104,25,99e8202
2,branching-arith-medium,1000,766,compact,none,33,4,29,99e8202
2,branching-arith-medium,1000,766,literal,none,150,125,25,99e8202
2,branching-arith-medium,1000,766,literal,gzip,130,105,25,99e8202
2,branching-arith-medium,1000,767,compact,none,33,4,29,99e8202
2,branching-arith-medium,1000,767,literal,none,150,125,25,99e8202
2,branching-arith-medium,1000,767,literal,gzip,130,105,25,99e8202
2,branching-arith-medium,1000,768,compact,none,33,4,29,99e8202
2,branching-arith-medium,1000,768,literal,none,150,125,25,99e8202
2,branching-arith-medium,1000,768,literal,gzip,129,104,25,99e8202
2,branching-arith-medium,1000,769,compact,none,33,4,29,99e8202
2,branching-arith-medium,1000,769,literal,none,150,125,25,99e8202
2,branching-arith-medium,1000,769,literal,gzip,130,105,25,99e8202
2,branching-arith-medium,1000,770,compact,none,33,4,29,99e8202
2,branching-arith-medium,1000,770,literal,none,150,125,25,99e8202
2,branching-arith-medium,1000,770,literal,gzip,129,104,25,99e8202
2,branching-arith-medium,1000,771,compact,none,33,4,29,99e8202
2,branching-arith-medium,1000,771,literal,none,150,125,25,99e8202
2,branching-arith-medium,1000,771,literal,gzip,130,105,25,99e8202
2,branching-arith-medium,1000,772,compact,none,33,4,29,99e8202
2,branching-arith-medium,1000,772,literal,none,150,125,25,99e8202
2,branching-arith-medium,1000,772,literal,gzip,128,103,25,99e8202
2,branching-arith-medium,1000,773,compact,none,33,4,29,99e8202
2,branching-arith-medium,1000,773,literal,none,150,125,25,99e8202
2,branching-arith-medium,1000,773,literal,gzip,130,105,25,99e8202
2,branching-arith-medium,1000,774,compact,none,33,4,29,99e8202
2,branching-arith-medium,1000,774,literal,none,150,125,25,99e8202
2,branching-arith-medium,1000,774,literal,gzip,130,105,25,99e8202
2,branching-arith-medium,1000,775,compact,none,33,4,29,99e8202
2,branching-arith-medium,1000,775,literal,none,150,125,25,99e8202
2,branching-arith-medium,1000,775,literal,gzip,130,105,25,99e8202
2,branching-arith-medium,1000,776,compact,none,33,4,29,99e8202
2,branching-arith-medium,1000,776,literal,none,150,125,25,99e8202
2,branching-arith-medium,1000,776,literal,gzip,129,104,25,99e8202
2,branching-arith-medium,1000,777,compact,none,33,4,29,99e8202
2,branching-arith-medium,1000,777,literal,none,150,125,25,99e8202
2,branching-arith-medium,1000,777,literal,gzip,129,104,25,99e8202
2,branching-arith-medium,1000,778,compact,none,33,4,29,99e8202
2,branching-arith-medium,1000,778,literal,none,150,125,25,99e8202
2,branching-arith-medium,1000,778,literal,gzip,130,105,25,99e8202
2,branching-arith-medium,1000,779,compact,none,33,4,29,99e8202
2,branching-arith-medium,1000,779,literal,none,150,125,25,99e8202
2,branching-arith-medium,1000,779,literal,gzip,130,105,25,99e8202
2,branching-arith-medium,1000,780,compact,none,33,4,29,99e8202
2,branching-arith-medium,1000,780,literal,none,150,125,25,99e8202
2,branching-arith-medium,1000,780,literal,gzip,129,104,25,99e8202
2,branching-arith-medium,1000,781,compact,none,33,4,29,99e8202
2,branching-arith-medium,1000,781,literal,none,150,125,25,99e8202
2,branching-arith-medium,1000,781,literal,gzip,130,105,25,99e8202
2,branching-arith-medium,1000,782,compact,none,33,4,29,99e8202
2,branching-arith-medium,1000,782,literal,none,150,125,25,99e8202
2,branching-arith-medium,1000,782,literal,gzip,131,106,25,99e8202
2,branching-arith-medium,1000,783,compact,none,33,4,29,99e8202
2,branching-arith-medium,1000,783,literal,none,150,125,25,99e8202
2,branching-arith-medium,1000,783,literal,gzip,130,105,25,99e8202
2,branching-arith-medium,1000,784,compact,none,33,4,29,99e8202
2,branching-arith-medium,1000,784,literal,none,150,125,25,99e8202
2,branching-arith-medium,1000,784,literal,gzip,128,103,25,99e8202
2,branching-arith-medium,1000,785,compact,none,33,4,29,99e8202
2,branching-arith-medium,1000,785,literal,none,150,125,25,99e8202
2,branching-arith-medium,1000,785,literal,gzip,129,104,25,99e8202
2,branching-arith-medium,1000,786,compact,none,33,4,29,99e8202
2,branching-arith-medium,1000,786,literal,none,150,125,25,99e8202
2,branching-arith-medium,1000,786,literal,gzip,130,105,25,99e8202
2,branching-arith-medium,1000,787,compact,none,33,4,29,99e8202
2,branching-arith-medium,1000,787,literal,none,150,125,25,99e8202
2,branching-arith-medium,1000,787,literal,gzip,130,105,25,99e8202
2,branching-arith-medium,1000,788,compact,none,33,4,29,99e8202
2,branching-arith-medium,1000,788,literal,none,150,125,25,99e8202
2,branching-arith-medium,1000,788,literal,gzip,128,103,25,99e8202
2,branching-arith-medium,1000,789,compact,none,33,4,29,99e8202
2,branching-arith-medium,1000,789,literal,none,150,125,25,99e8202
2,branching-arith-medium,1000,789,literal,gzip,130,105,25,99e8202
2,branching-arith-medium,1000,790,compact,none,33,4,29,99e8202
2,branching-arith-medium,1000,790,literal,none,150,125,25,99e8202
2,branching-arith-medium,1000,790,literal,gzip,131,106,25,99e8202
2,branching-arith-medium,1000,791,compact,none,33,4,29,99e8202
2,branching-arith-medium,1000,791,literal,none,150,125,25,99e8202
2,branching-arith-medium,1000,791,literal,gzip,130,105,25,99e8202
2,branching-arith-medium,1000,792,compact,none,33,4,29,99e8202
2,branching-arith-medium,1000,792,literal,none,150,125,25,99e8202
2,branching-arith-medium,1000,792,literal,gzip,128,103,25,99e8202
2,branching-arith-medium,1000,793,compact,none,33,4,29,99e8202
2,branching-arith-medium,1000,793,literal,none,150,125,25,99e8202
2,branching-arith-medium,1000,793,literal,gzip,129,104,25,99e8202
2,branching-arith-medium,1000,794,compact,none,33,4,29,99e8202
2,branching-arith-medium,1000,794,literal,none,150,125,25,99e8202
2,branching-arith-medium,1000,794,literal,gzip,130,105,25,99e8202
2,branching-arith-medium,1000,795,compact,none,33,4,29,99e8202
2,branching-arith-medium,1000,795,literal,none,150,125,25,99e8202
2,branching-arith-medium,1000,795,literal,gzip,130,105,25,99e8202
2,branching-arith-medium,1000,796,compact,none,33,4,29,99e8202
2,branching-arith-medium,1000,796,literal,none,150,125,25,99e8202
2,branching-arith-medium,1000,796,literal,gzip,129,104,25,99e8202
2,branching-arith-medium,1000,797,compact,none,33,4,29,99e8202
2,branching-arith-medium,1000,797,literal,none,150,125,25,99e8202
2,branching-arith-medium,1000,797,literal,gzip,130,105,25,99e8202
2,branching-arith-medium,1000,798,compact,none,33,4,29,99e8202
2,branching-arith-medium,1000,798,literal,none,150,125,25,99e8202
2,branching-arith-medium,1000,798,literal,gzip,129,104,25,99e8202
2,branching-arith-medium,1000,799,compact,none,33,4,29,99e8202
2,branching-arith-medium,1000,799,literal,none,150,125,25,99e8202
2,branching-arith-medium,1000,799,literal,gzip,130,105,25,99e8202
2,branching-arith-medium,1000,800,compact,none,33,4,29,99e8202
2,branching-arith-medium,1000,800,literal,none,150,125,25,99e8202
2,branching-arith-medium,1000,800,literal,gzip,128,103,25,99e8202
2,branching-arith-medium,1000,801,compact,none,33,4,29,99e8202
2,branching-arith-medium,1000,801,literal,none,150,125,25,99e8202
2,branching-arith-medium,1000,801,literal,gzip,130,105,25,99e8202
2,branching-arith-medium,1000,802,compact,none,33,4,29,99e8202
2,branching-arith-medium,1000,802,literal,none,150,125,25,99e8202
2,branching-arith-medium,1000,802,literal,gzip,130,105,25,99e8202
2,branching-arith-medium,1000,803,compact,none,33,4,29,99e8202
2,branching-arith-medium,1000,803,literal,none,150,125,25,99e8202
2,branching-arith-medium,1000,803,literal,gzip,130,105,25,99e8202
2,branching-arith-medium,1000,804,compact,none,33,4,29,99e8202
2,branching-arith-medium,1000,804,literal,none,150,125,25,99e8202
2,branching-arith-medium,1000,804,literal,gzip,129,104,25,99e8202
2,branching-arith-medium,1000,805,compact,none,33,4,29,99e8202
2,branching-arith-medium,1000,805,literal,none,150,125,25,99e8202
2,branching-arith-medium,1000,805,literal,gzip,129,104,25,99e8202
2,branching-arith-medium,1000,806,compact,none,33,4,29,99e8202
2,branching-arith-medium,1000,806,literal,none,150,125,25,99e8202
2,branching-arith-medium,1000,806,literal,gzip,130,105,25,99e8202
2,branching-arith-medium,1000,807,compact,none,33,4,29,99e8202
2,branching-arith-medium,1000,807,literal,none,150,125,25,99e8202
2,branching-arith-medium,1000,807,literal,gzip,130,105,25,99e8202
2,branching-arith-medium,1000,808,compact,none,33,4,29,99e8202
2,branching-arith-medium,1000,808,literal,none,150,125,25,99e8202
2,branching-arith-medium,1000,808,literal,gzip,129,104,25,99e8202
2,branching-arith-medium,1000,809,compact,none,33,4,29,99e8202
2,branching-arith-medium,1000,809,literal,none,150,125,25,99e8202
2,branching-arith-medium,1000,809,literal,gzip,130,105,25,99e8202
2,branching-arith-medium,1000,810,compact,none,33,4,29,99e8202
2,branching-arith-medium,1000,810,literal,none,150,125,25,99e8202
2,branching-arith-medium,1000,810,literal,gzip,131,106,25,99e8202
2,branching-arith-medium,1000,811,compact,none,33,4,29,99e8202
2,branching-arith-medium,1000,811,literal,none,150,125,25,99e8202
2,branching-arith-medium,1000,811,literal,gzip,130,105,25,99e8202
2,branching-arith-medium,1000,812,compact,none,33,4,29,99e8202
2,branching-arith-medium,1000,812,literal,none,150,125,25,99e8202
2,branching-arith-medium,1000,812,literal,gzip,128,103,25,99e8202
2,branching-arith-medium,1000,813,compact,none,33,4,29,99e8202
2,branching-arith-medium,1000,813,literal,none,150,125,25,99e8202
2,branching-arith-medium,1000,813,literal,gzip,129,104,25,99e8202
2,branching-arith-medium,1000,814,compact,none,33,4,29,99e8202
2,branching-arith-medium,1000,814,literal,none,150,125,25,99e8202
2,branching-arith-medium,1000,814,literal,gzip,130,105,25,99e8202
2,branching-arith-medium,1000,815,compact,none,33,4,29,99e8202
2,branching-arith-medium,1000,815,literal,none,150,125,25,99e8202
2,branching-arith-medium,1000,815,literal,gzip,130,105,25,99e8202
2,branching-arith-medium,1000,816,compact,none,33,4,29,99e8202
2,branching-arith-medium,1000,816,literal,none,150,125,25,99e8202
2,branching-arith-medium,1000,816,literal,gzip,128,103,25,99e8202
2,branching-arith-medium,1000,817,compact,none,33,4,29,99e8202
2,branching-arith-medium,1000,817,literal,none,150,125,25,99e8202
2,branching-arith-medium,1000,817,literal,gzip,130,105,25,99e8202
2,branching-arith-medium,1000,818,compact,none,33,4,29,99e8202
2,branching-arith-medium,1000,818,literal,none,150,125,25,99e8202
2,branching-arith-medium,1000,818,literal,gzip,131,106,25,99e8202
2,branching-arith-medium,1000,819,compact,none,33,4,29,99e8202
2,branching-arith-medium,1000,819,literal,none,150,125,25,99e8202
2,branching-arith-medium,1000,819,literal,gzip,130,105,25,99e8202
2,branching-arith-medium,1000,820,compact,none,33,4,29,99e8202
2,branching-arith-medium,1000,820,literal,none,150,125,25,99e8202
2,branching-arith-medium,1000,820,literal,gzip,128,103,25,99e8202
2,branching-arith-medium,1000,821,compact,none,33,4,29,99e8202
2,branching-arith-medium,1000,821,literal,none,150,125,25,99e8202
2,branching-arith-medium,1000,821,literal,gzip,129,104,25,99e8202
2,branching-arith-medium,1000,822,compact,none,33,4,29,99e8202
2,branching-arith-medium,1000,822,literal,none,150,125,25,99e8202
2,branching-arith-medium,1000,822,literal,gzip,130,105,25,99e8202
2,branching-arith-medium,1000,823,compact,none,33,4,29,99e8202
2,branching-arith-medium,1000,823,literal,none,150,125,25,99e8202
2,branching-arith-medium,1000,823,literal,gzip,130,105,25,99e8202
2,branching-arith-medium,1000,824,compact,none,33,4,29,99e8202
2,branching-arith-medium,1000,824,literal,none,150,125,25,99e8202
2,branching-arith-medium,1000,824,literal,gzip,129,104,25,99e8202
2,branching-arith-medium,1000,825,compact,none,33,4,29,99e8202
2,branching-arith-medium,1000,825,literal,none,150,125,25,99e8202
2,branching-arith-medium,1000,825,literal,gzip,130,105,25,99e8202
2,branching-arith-medium,1000,826,compact,none,33,4,29,99e8202
2,branching-arith-medium,1000,826,literal,none,150,125,25,99e8202
2,branching-arith-medium,1000,826,literal,gzip,129,104,25,99e8202
2,branching-arith-medium,1000,827,compact,none,33,4,29,99e8202
2,branching-arith-medium,1000,827,literal,none,150,125,25,99e8202
2,branching-arith-medium,1000,827,literal,gzip,130,105,25,99e8202
2,branching-arith-medium,1000,828,compact,none,33,4,29,99e8202
2,branching-arith-medium,1000,828,literal,none,150,125,25,99e8202
2,branching-arith-medium,1000,828,literal,gzip,128,103,25,99e8202
2,branching-arith-medium,1000,829,compact,none,33,4,29,99e8202
2,branching-arith-medium,1000,829,literal,none,150,125,25,99e8202
2,branching-arith-medium,1000,829,literal,gzip,130,105,25,99e8202
2,branching-arith-medium,1000,830,compact,none,33,4,29,99e8202
2,branching-arith-medium,1000,830,literal,none,150,125,25,99e8202
2,branching-arith-medium,1000,830,literal,gzip,130,105,25,99e8202
2,branching-arith-medium,1000,831,compact,none,33,4,29,99e8202
2,branching-arith-medium,1000,831,literal,none,150,125,25,99e8202
2,branching-arith-medium,1000,831,literal,gzip,130,105,25,99e8202
2,branching-arith-medium,1000,832,compact,none,33,4,29,99e8202
2,branching-arith-medium,1000,832,literal,none,150,125,25,99e8202
2,branching-arith-medium,1000,832,literal,gzip,129,104,25,99e8202
2,branching-arith-medium,1000,833,compact,none,33,4,29,99e8202
2,branching-arith-medium,1000,833,literal,none,150,125,25,99e8202
2,branching-arith-medium,1000,833,literal,gzip,129,104,25,99e8202
2,branching-arith-medium,1000,834,compact,none,33,4,29,99e8202
2,branching-arith-medium,1000,834,literal,none,150,125,25,99e8202
2,branching-arith-medium,1000,834,literal,gzip,130,105,25,99e8202
2,branching-arith-medium,1000,835,compact,none,33,4,29,99e8202
2,branching-arith-medium,1000,835,literal,none,150,125,25,99e8202
2,branching-arith-medium,1000,835,literal,gzip,130,105,25,99e8202
2,branching-arith-medium,1000,836,compact,none,33,4,29,99e8202
2,branching-arith-medium,1000,836,literal,none,150,125,25,99e8202
2,branching-arith-medium,1000,836,literal,gzip,129,104,25,99e8202
2,branching-arith-medium,1000,837,compact,none,33,4,29,99e8202
2,branching-arith-medium,1000,837,literal,none,150,125,25,99e8202
2,branching-arith-medium,1000,837,literal,gzip,130,105,25,99e8202
2,branching-arith-medium,1000,838,compact,none,33,4,29,99e8202
2,branching-arith-medium,1000,838,literal,none,150,125,25,99e8202
2,branching-arith-medium,1000,838,literal,gzip,131,106,25,99e8202
2,branching-arith-medium,1000,839,compact,none,33,4,29,99e8202
2,branching-arith-medium,1000,839,literal,none,150,125,25,99e8202
2,branching-arith-medium,1000,839,literal,gzip,130,105,25,99e8202
2,branching-arith-medium,1000,840,compact,none,33,4,29,99e8202
2,branching-arith-medium,1000,840,literal,none,150,125,25,99e8202
2,branching-arith-medium,1000,840,literal,gzip,128,103,25,99e8202
2,branching-arith-medium,1000,841,compact,none,33,4,29,99e8202
2,branching-arith-medium,1000,841,literal,none,150,125,25,99e8202
2,branching-arith-medium,1000,841,literal,gzip,129,104,25,99e8202
2,branching-arith-medium,1000,842,compact,none,33,4,29,99e8202
2,branching-arith-medium,1000,842,literal,none,150,125,25,99e8202
2,branching-arith-medium,1000,842,literal,gzip,130,105,25,99e8202
2,branching-arith-medium,1000,843,compact,none,33,4,29,99e8202
2,branching-arith-medium,1000,843,literal,none,150,125,25,99e8202
2,branching-arith-medium,1000,843,literal,gzip,130,105,25,99e8202
2,branching-arith-medium,1000,844,compact,none,33,4,29,99e8202
2,branching-arith-medium,1000,844,literal,none,150,125,25,99e8202
2,branching-arith-medium,1000,844,literal,gzip,128,103,25,99e8202
2,branching-arith-medium,1000,845,compact,none,33,4,29,99e8202
2,branching-arith-medium,1000,845,literal,none,150,125,25,99e8202
2,branching-arith-medium,1000,845,literal,gzip,130,105,25,99e8202
2,branching-arith-medium,1000,846,compact,none,33,4,29,99e8202
2,branching-arith-medium,1000,846,literal,none,150,125,25,99e8202
2,branching-arith-medium,1000,846,literal,gzip,131,106,25,99e8202
2,branching-arith-medium,1000,847,compact,none,33,4,29,99e8202
2,branching-arith-medium,1000,847,literal,none,150,125,25,99e8202
2,branching-arith-medium,1000,847,literal,gzip,130,105,25,99e8202
2,branching-arith-medium,1000,848,compact,none,33,4,29,99e8202
2,branching-arith-medium,1000,848,literal,none,150,125,25,99e8202
2,branching-arith-medium,1000,848,literal,gzip,128,103,25,99e8202
2,branching-arith-medium,1000,849,compact,none,33,4,29,99e8202
2,branching-arith-medium,1000,849,literal,none,150,125,25,99e8202
2,branching-arith-medium,1000,849,literal,gzip,129,104,25,99e8202
2,branching-arith-medium,1000,850,compact,none,33,4,29,99e8202
2,branching-arith-medium,1000,850,literal,none,150,125,25,99e8202
2,branching-arith-medium,1000,850,literal,gzip,130,105,25,99e8202
2,branching-arith-medium,1000,851,compact,none,33,4,29,99e8202
2,branching-arith-medium,1000,851,literal,none,150,125,25,99e8202
2,branching-arith-medium,1000,851,literal,gzip,130,105,25,99e8202
2,branching-arith-medium,1000,852,compact,none,33,4,29,99e8202
2,branching-arith-medium,1000,852,literal,none,150,125,25,99e8202
2,branching-arith-medium,1000,852,literal,gzip,129,104,25,99e8202
2,branching-arith-medium,1000,853,compact,none,33,4,29,99e8202
2,branching-arith-medium,1000,853,literal,none,150,125,25,99e8202
2,branching-arith-medium,1000,853,literal,gzip,130,105,25,99e8202
2,branching-arith-medium,1000,854,compact,none,33,4,29,99e8202
2,branching-arith-medium,1000,854,literal,none,150,125,25,99e8202
2,branching-arith-medium,1000,854,literal,gzip,129,104,25,99e8202
2,branching-arith-medium,1000,855,compact,none,33,4,29,99e8202
2,branching-arith-medium,1000,855,literal,none,150,125,25,99e8202
2,branching-arith-medium,1000,855,literal,gzip,130,105,25,99e8202
2,branching-arith-medium,1000,856,compact,none,33,4,29,99e8202
2,branching-arith-medium,1000,856,literal,none,150,125,25,99e8202
2,branching-arith-medium,1000,856,literal,gzip,128,103,25,99e8202
2,branching-arith-medium,1000,857,compact,none,33,4,29,99e8202
2,branching-arith-medium,1000,857,literal,none,150,125,25,99e8202
2,branching-arith-medium,1000,857,literal,gzip,130,105,25,99e8202
2,branching-arith-medium,1000,858,compact,none,33,4,29,99e8202
2,branching-arith-medium,1000,858,literal,none,150,125,25,99e8202
2,branching-arith-medium,1000,858,literal,gzip,130,105,25,99e8202
2,branching-arith-medium,1000,859,compact,none,33,4,29,99e8202
2,branching-arith-medium,1000,859,literal,none,150,125,25,99e8202
2,branching-arith-medium,1000,859,literal,gzip,130,105,25,99e8202
2,branching-arith-medium,1000,860,compact,none,33,4,29,99e8202
2,branching-arith-medium,1000,860,literal,none,150,125,25,99e8202
2,branching-arith-medium,1000,860,literal,gzip,129,104,25,99e8202
2,branching-arith-medium,1000,861,compact,none,33,4,29,99e8202
2,branching-arith-medium,1000,861,literal,none,150,125,25,99e8202
2,branching-arith-medium,1000,861,literal,gzip,129,104,25,99e8202
2,branching-arith-medium,1000,862,compact,none,33,4,29,99e8202
2,branching-arith-medium,1000,862,literal,none,150,125,25,99e8202
2,branching-arith-medium,1000,862,literal,gzip,130,105,25,99e8202
2,branching-arith-medium,1000,863,compact,none,33,4,29,99e8202
2,branching-arith-medium,1000,863,literal,none,150,125,25,99e8202
2,branching-arith-medium,1000,863,literal,gzip,130,105,25,99e8202
2,branching-arith-medium,1000,864,compact,none,33,4,29,99e8202
2,branching-arith-medium,1000,864,literal,none,150,125,25,99e8202
2,branching-arith-medium,1000,864,literal,gzip,129,104,25,99e8202
2,branching-arith-medium,1000,865,compact,none,33,4,29,99e8202
2,branching-arith-medium,1000,865,literal,none,150,125,25,99e8202
2,branching-arith-medium,1000,865,literal,gzip,130,105,25,99e8202
2,branching-arith-medium,1000,866,compact,none,33,4,29,99e8202
2,branching-arith-medium,1000,866,literal,none,150,125,25,99e8202
2,branching-arith-medium,1000,866,literal,gzip,131,106,25,99e8202
2,branching-arith-medium,1000,867,compact,none,33,4,29,99e8202
2,branching-arith-medium,1000,867,literal,none,150,125,25,99e8202
2,branching-arith-medium,1000,867,literal,gzip,130,105,25,99e8202
2,branching-arith-medium,1000,868,compact,none,33,4,29,99e8202
2,branching-arith-medium,1000,868,literal,none,150,125,25,99e8202
2,branching-arith-medium,1000,868,literal,gzip,128,103,25,99e8202
2,branching-arith-medium,1000,869,compact,none,33,4,29,99e8202
2,branching-arith-medium,1000,869,literal,none,150,125,25,99e8202
2,branching-arith-medium,1000,869,literal,gzip,129,104,25,99e8202
2,branching-arith-medium,1000,870,compact,none,33,4,29,99e8202
2,branching-arith-medium,1000,870,literal,none,150,125,25,99e8202
2,branching-arith-medium,1000,870,literal,gzip,130,105,25,99e8202
2,branching-arith-medium,1000,871,compact,none,33,4,29,99e8202
2,branching-arith-medium,1000,871,literal,none,150,125,25,99e8202
2,branching-arith-medium,1000,871,literal,gzip,130,105,25,99e8202
2,branching-arith-medium,1000,872,compact,none,33,4,29,99e8202
2,branching-arith-medium,1000,872,literal,none,150,125,25,99e8202
2,branching-arith-medium,1000,872,literal,gzip,128,103,25,99e8202
2,branching-arith-medium,1000,873,compact,none,33,4,29,99e8202
2,branching-arith-medium,1000,873,literal,none,150,125,25,99e8202
2,branching-arith-medium,1000,873,literal,gzip,130,105,25,99e8202
2,branching-arith-medium,1000,874,compact,none,33,4,29,99e8202
2,branching-arith-medium,1000,874,literal,none,150,125,25,99e8202
2,branching-arith-medium,1000,874,literal,gzip,131,106,25,99e8202
2,branching-arith-medium,1000,875,compact,none,33,4,29,99e8202
2,branching-arith-medium,1000,875,literal,none,150,125,25,99e8202
2,branching-arith-medium,1000,875,literal,gzip,130,105,25,99e8202
2,branching-arith-medium,1000,876,compact,none,33,4,29,99e8202
2,branching-arith-medium,1000,876,literal,none,150,125,25,99e8202
2,branching-arith-medium,1000,876,literal,gzip,128,103,25,99e8202
2,branching-arith-medium,1000,877,compact,none,33,4,29,99e8202
2,branching-arith-medium,1000,877,literal,none,150,125,25,99e8202
2,branching-arith-medium,1000,877,literal,gzip,129,104,25,99e8202
2,branching-arith-medium,1000,878,compact,none,33,4,29,99e8202
2,branching-arith-medium,1000,878,literal,none,150,125,25,99e8202
2,branching-arith-medium,1000,878,literal,gzip,130,105,25,99e8202
2,branching-arith-medium,1000,879,compact,none,33,4,29,99e8202
2,branching-arith-medium,1000,879,literal,none,150,125,25,99e8202
2,branching-arith-medium,1000,879,literal,gzip,130,105,25,99e8202
2,branching-arith-medium,1000,880,compact,none,33,4,29,99e8202
2,branching-arith-medium,1000,880,literal,none,150,125,25,99e8202
2,branching-arith-medium,1000,880,literal,gzip,129,104,25,99e8202
2,branching-arith-medium,1000,881,compact,none,33,4,29,99e8202
2,branching-arith-medium,1000,881,literal,none,150,125,25,99e8202
2,branching-arith-medium,1000,881,literal,gzip,130,105,25,99e8202
2,branching-arith-medium,1000,882,compact,none,33,4,29,99e8202
2,branching-arith-medium,1000,882,literal,none,150,125,25,99e8202
2,branching-arith-medium,1000,882,literal,gzip,129,104,25,99e8202
2,branching-arith-medium,1000,883,compact,none,33,4,29,99e8202
2,branching-arith-medium,1000,883,literal,none,150,125,25,99e8202
2,branching-arith-medium,1000,883,literal,gzip,130,105,25,99e8202
2,branching-arith-medium,1000,884,compact,none,33,4,29,99e8202
2,branching-arith-medium,1000,884,literal,none,150,125,25,99e8202
2,branching-arith-medium,1000,884,literal,gzip,128,103,25,99e8202
2,branching-arith-medium,1000,885,compact,none,33,4,29,99e8202
2,branching-arith-medium,1000,885,literal,none,150,125,25,99e8202
2,branching-arith-medium,1000,885,literal,gzip,130,105,25,99e8202
2,branching-arith-medium,1000,886,compact,none,33,4,29,99e8202
2,branching-arith-medium,1000,886,literal,none,150,125,25,99e8202
2,branching-arith-medium,1000,886,literal,gzip,130,105,25,99e8202
2,branching-arith-medium,1000,887,compact,none,33,4,29,99e8202
2,branching-arith-medium,1000,887,literal,none,150,125,25,99e8202
2,branching-arith-medium,1000,887,literal,gzip,130,105,25,99e8202
2,branching-arith-medium,1000,888,compact,none,33,4,29,99e8202
2,branching-arith-medium,1000,888,literal,none,150,125,25,99e8202
2,branching-arith-medium,1000,888,literal,gzip,129,104,25,99e8202
2,branching-arith-medium,1000,889,compact,none,33,4,29,99e8202
2,branching-arith-medium,1000,889,literal,none,150,125,25,99e8202
2,branching-arith-medium,1000,889,literal,gzip,129,104,25,99e8202
2,branching-arith-medium,1000,890,compact,none,33,4,29,99e8202
2,branching-arith-medium,1000,890,literal,none,150,125,25,99e8202
2,branching-arith-medium,1000,890,literal,gzip,130,105,25,99e8202
2,branching-arith-medium,1000,891,compact,none,33,4,29,99e8202
2,branching-arith-medium,1000,891,literal,none,150,125,25,99e8202
2,branching-arith-medium,1000,891,literal,gzip,130,105,25,99e8202
2,branching-arith-medium,1000,892,compact,none,33,4,29,99e8202
2,branching-arith-medium,1000,892,literal,none,150,125,25,99e8202
2,branching-arith-medium,1000,892,literal,gzip,129,104,25,99e8202
2,branching-arith-medium,1000,893,compact,none,33,4,29,99e8202
2,branching-arith-medium,1000,893,literal,none,150,125,25,99e8202
2,branching-arith-medium,1000,893,literal,gzip,130,105,25,99e8202
2,branching-arith-medium,1000,894,compact,none,33,4,29,99e8202
2,branching-arith-medium,1000,894,literal,none,150,125,25,99e8202
2,branching-arith-medium,1000,894,literal,gzip,131,106,25,99e8202
2,branching-arith-medium,1000,895,compact,none,33,4,29,99e8202
2,branching-arith-medium,1000,895,literal,none,150,125,25,99e8202
2,branching-arith-medium,1000,895,literal,gzip,130,105,25,99e8202
2,branching-arith-medium,1000,896,compact,none,33,4,29,99e8202
2,branching-arith-medium,1000,896,literal,none,150,125,25,99e8202
2,branching-arith-medium,1000,896,literal,gzip,128,103,25,99e8202
2,branching-arith-medium,1000,897,compact,none,33,4,29,99e8202
2,branching-arith-medium,1000,897,literal,none,150,125,25,99e8202
2,branching-arith-medium,1000,897,literal,gzip,129,104,25,99e8202
2,branching-arith-medium,1000,898,compact,none,33,4,29,99e8202
2,branching-arith-medium,1000,898,literal,none,150,125,25,99e8202
2,branching-arith-medium,1000,898,literal,gzip,130,105,25,99e8202
2,branching-arith-medium,1000,899,compact,none,33,4,29,99e8202
2,branching-arith-medium,1000,899,literal,none,150,125,25,99e8202
2,branching-arith-medium,1000,899,literal,gzip,130,105,25,99e8202
2,branching-arith-medium,1000,900,compact,none,33,4,29,99e8202
2,branching-arith-medium,1000,900,literal,none,150,125,25,99e8202
2,branching-arith-medium,1000,900,literal,gzip,128,103,25,99e8202
2,branching-arith-medium,1000,901,compact,none,33,4,29,99e8202
2,branching-arith-medium,1000,901,literal,none,150,125,25,99e8202
2,branching-arith-medium,1000,901,literal,gzip,130,105,25,99e8202
2,branching-arith-medium,1000,902,compact,none,33,4,29,99e8202
2,branching-arith-medium,1000,902,literal,none,150,125,25,99e8202
2,branching-arith-medium,1000,902,literal,gzip,131,106,25,99e8202
2,branching-arith-medium,1000,903,compact,none,33,4,29,99e8202
2,branching-arith-medium,1000,903,literal,none,150,125,25,99e8202
2,branching-arith-medium,1000,903,literal,gzip,130,105,25,99e8202
2,branching-arith-medium,1000,904,compact,none,33,4,29,99e8202
2,branching-arith-medium,1000,904,literal,none,150,125,25,99e8202
2,branching-arith-medium,1000,904,literal,gzip,128,103,25,99e8202
2,branching-arith-medium,1000,905,compact,none,33,4,29,99e8202
2,branching-arith-medium,1000,905,literal,none,150,125,25,99e8202
2,branching-arith-medium,1000,905,literal,gzip,129,104,25,99e8202
2,branching-arith-medium,1000,906,compact,none,33,4,29,99e8202
2,branching-arith-medium,1000,906,literal,none,150,125,25,99e8202
2,branching-arith-medium,1000,906,literal,gzip,130,105,25,99e8202
2,branching-arith-medium,1000,907,compact,none,33,4,29,99e8202
2,branching-arith-medium,1000,907,literal,none,150,125,25,99e8202
2,branching-arith-medium,1000,907,literal,gzip,130,105,25,99e8202
2,branching-arith-medium,1000,908,compact,none,33,4,29,99e8202
2,branching-arith-medium,1000,908,literal,none,150,125,25,99e8202
2,branching-arith-medium,1000,908,literal,gzip,129,104,25,99e8202
2,branching-arith-medium,1000,909,compact,none,33,4,29,99e8202
2,branching-arith-medium,1000,909,literal,none,150,125,25,99e8202
2,branching-arith-medium,1000,909,literal,gzip,130,105,25,99e8202
2,branching-arith-medium,1000,910,compact,none,33,4,29,99e8202
2,branching-arith-medium,1000,910,literal,none,150,125,25,99e8202
2,branching-arith-medium,1000,910,literal,gzip,129,104,25,99e8202
2,branching-arith-medium,1000,911,compact,none,33,4,29,99e8202
2,branching-arith-medium,1000,911,literal,none,150,125,25,99e8202
2,branching-arith-medium,1000,911,literal,gzip,130,105,25,99e8202
2,branching-arith-medium,1000,912,compact,none,33,4,29,99e8202
2,branching-arith-medium,1000,912,literal,none,150,125,25,99e8202
2,branching-arith-medium,1000,912,literal,gzip,128,103,25,99e8202
2,branching-arith-medium,1000,913,compact,none,33,4,29,99e8202
2,branching-arith-medium,1000,913,literal,none,150,125,25,99e8202
2,branching-arith-medium,1000,913,literal,gzip,130,105,25,99e8202
2,branching-arith-medium,1000,914,compact,none,33,4,29,99e8202
2,branching-arith-medium,1000,914,literal,none,150,125,25,99e8202
2,branching-arith-medium,1000,914,literal,gzip,130,105,25,99e8202
2,branching-arith-medium,1000,915,compact,none,33,4,29,99e8202
2,branching-arith-medium,1000,915,literal,none,150,125,25,99e8202
2,branching-arith-medium,1000,915,literal,gzip,130,105,25,99e8202
2,branching-arith-medium,1000,916,compact,none,33,4,29,99e8202
2,branching-arith-medium,1000,916,literal,none,150,125,25,99e8202
2,branching-arith-medium,1000,916,literal,gzip,129,104,25,99e8202
2,branching-arith-medium,1000,917,compact,none,33,4,29,99e8202
2,branching-arith-medium,1000,917,literal,none,150,125,25,99e8202
2,branching-arith-medium,1000,917,literal,gzip,129,104,25,99e8202
2,branching-arith-medium,1000,918,compact,none,33,4,29,99e8202
2,branching-arith-medium,1000,918,literal,none,150,125,25,99e8202
2,branching-arith-medium,1000,918,literal,gzip,130,105,25,99e8202
2,branching-arith-medium,1000,919,compact,none,33,4,29,99e8202
2,branching-arith-medium,1000,919,literal,none,150,125,25,99e8202
2,branching-arith-medium,1000,919,literal,gzip,130,105,25,99e8202
2,branching-arith-medium,1000,920,compact,none,33,4,29,99e8202
2,branching-arith-medium,1000,920,literal,none,150,125,25,99e8202
2,branching-arith-medium,1000,920,literal,gzip,129,104,25,99e8202
2,branching-arith-medium,1000,921,compact,none,33,4,29,99e8202
2,branching-arith-medium,1000,921,literal,none,150,125,25,99e8202
2,branching-arith-medium,1000,921,literal,gzip,130,105,25,99e8202
2,branching-arith-medium,1000,922,compact,none,33,4,29,99e8202
2,branching-arith-medium,1000,922,literal,none,150,125,25,99e8202
2,branching-arith-medium,1000,922,literal,gzip,131,106,25,99e8202
2,branching-arith-medium,1000,923,compact,none,33,4,29,99e8202
2,branching-arith-medium,1000,923,literal,none,150,125,25,99e8202
2,branching-arith-medium,1000,923,literal,gzip,130,105,25,99e8202
2,branching-arith-medium,1000,924,compact,none,33,4,29,99e8202
2,branching-arith-medium,1000,924,literal,none,150,125,25,99e8202
2,branching-arith-medium,1000,924,literal,gzip,128,103,25,99e8202
2,branching-arith-medium,1000,925,compact,none,33,4,29,99e8202
2,branching-arith-medium,1000,925,literal,none,150,125,25,99e8202
2,branching-arith-medium,1000,925,literal,gzip,129,104,25,99e8202
2,branching-arith-medium,1000,926,compact,none,33,4,29,99e8202
2,branching-arith-medium,1000,926,literal,none,150,125,25,99e8202
2,branching-arith-medium,1000,926,literal,gzip,130,105,25,99e8202
2,branching-arith-medium,1000,927,compact,none,33,4,29,99e8202
2,branching-arith-medium,1000,927,literal,none,150,125,25,99e8202
2,branching-arith-medium,1000,927,literal,gzip,130,105,25,99e8202
2,branching-arith-medium,1000,928,compact,none,33,4,29,99e8202
2,branching-arith-medium,1000,928,literal,none,150,125,25,99e8202
2,branching-arith-medium,1000,928,literal,gzip,128,103,25,99e8202
2,branching-arith-medium,1000,929,compact,none,33,4,29,99e8202
2,branching-arith-medium,1000,929,literal,none,150,125,25,99e8202
2,branching-arith-medium,1000,929,literal,gzip,130,105,25,99e8202
2,branching-arith-medium,1000,930,compact,none,33,4,29,99e8202
2,branching-arith-medium,1000,930,literal,none,150,125,25,99e8202
2,branching-arith-medium,1000,930,literal,gzip,131,106,25,99e8202
2,branching-arith-medium,1000,931,compact,none,33,4,29,99e8202
2,branching-arith-medium,1000,931,literal,none,150,125,25,99e8202
2,branching-arith-medium,1000,931,literal,gzip,130,105,25,99e8202
2,branching-arith-medium,1000,932,compact,none,33,4,29,99e8202
2,branching-arith-medium,1000,932,literal,none,150,125,25,99e8202
2,branching-arith-medium,1000,932,literal,gzip,128,103,25,99e8202
2,branching-arith-medium,1000,933,compact,none,33,4,29,99e8202
2,branching-arith-medium,1000,933,literal,none,150,125,25,99e8202
2,branching-arith-medium,1000,933,literal,gzip,129,104,25,99e8202
2,branching-arith-medium,1000,934,compact,none,33,4,29,99e8202
2,branching-arith-medium,1000,934,literal,none,150,125,25,99e8202
2,branching-arith-medium,1000,934,literal,gzip,130,105,25,99e8202
2,branching-arith-medium,1000,935,compact,none,33,4,29,99e8202
2,branching-arith-medium,1000,935,literal,none,150,125,25,99e8202
2,branching-arith-medium,1000,935,literal,gzip,130,105,25,99e8202
2,branching-arith-medium,1000,936,compact,none,33,4,29,99e8202
2,branching-arith-medium,1000,936,literal,none,150,125,25,99e8202
2,branching-arith-medium,1000,936,literal,gzip,129,104,25,99e8202
2,branching-arith-medium,1000,937,compact,none,33,4,29,99e8202
2,branching-arith-medium,1000,937,literal,none,150,125,25,99e8202
2,branching-arith-medium,1000,937,literal,gzip,130,105,25,99e8202
2,branching-arith-medium,1000,938,compact,none,33,4,29,99e8202
2,branching-arith-medium,1000,938,literal,none,150,125,25,99e8202
2,branching-arith-medium,1000,938,literal,gzip,129,104,25,99e8202
2,branching-arith-medium,1000,939,compact,none,33,4,29,99e8202
2,branching-arith-medium,1000,939,literal,none,150,125,25,99e8202
2,branching-arith-medium,1000,939,literal,gzip,130,105,25,99e8202
2,branching-arith-medium,1000,940,compact,none,33,4,29,99e8202
2,branching-arith-medium,1000,940,literal,none,150,125,25,99e8202
2,branching-arith-medium,1000,940,literal,gzip,128,103,25,99e8202
2,branching-arith-medium,1000,941,compact,none,33,4,29,99e8202
2,branching-arith-medium,1000,941,literal,none,150,125,25,99e8202
2,branching-arith-medium,1000,941,literal,gzip,130,105,25,99e8202
2,branching-arith-medium,1000,942,compact,none,33,4,29,99e8202
2,branching-arith-medium,1000,942,literal,none,150,125,25,99e8202
2,branching-arith-medium,1000,942,literal,gzip,130,105,25,99e8202
2,branching-arith-medium,1000,943,compact,none,33,4,29,99e8202
2,branching-arith-medium,1000,943,literal,none,150,125,25,99e8202
2,branching-arith-medium,1000,943,literal,gzip,130,105,25,99e8202
2,branching-arith-medium,1000,944,compact,none,33,4,29,99e8202
2,branching-arith-medium,1000,944,literal,none,150,125,25,99e8202
2,branching-arith-medium,1000,944,literal,gzip,129,104,25,99e8202
2,branching-arith-medium,1000,945,compact,none,33,4,29,99e8202
2,branching-arith-medium,1000,945,literal,none,150,125,25,99e8202
2,branching-arith-medium,1000,945,literal,gzip,129,104,25,99e8202
2,branching-arith-medium,1000,946,compact,none,33,4,29,99e8202
2,branching-arith-medium,1000,946,literal,none,150,125,25,99e8202
2,branching-arith-medium,1000,946,literal,gzip,130,105,25,99e8202
2,branching-arith-medium,1000,947,compact,none,33,4,29,99e8202
2,branching-arith-medium,1000,947,literal,none,150,125,25,99e8202
2,branching-arith-medium,1000,947,literal,gzip,130,105,25,99e8202
2,branching-arith-medium,1000,948,compact,none,33,4,29,99e8202
2,branching-arith-medium,1000,948,literal,none,150,125,25,99e8202
2,branching-arith-medium,1000,948,literal,gzip,129,104,25,99e8202
2,branching-arith-medium,1000,949,compact,none,33,4,29,99e8202
2,branching-arith-medium,1000,949,literal,none,150,125,25,99e8202
2,branching-arith-medium,1000,949,literal,gzip,130,105,25,99e8202
2,branching-arith-medium,1000,950,compact,none,33,4,29,99e8202
2,branching-arith-medium,1000,950,literal,none,150,125,25,99e8202
2,branching-arith-medium,1000,950,literal,gzip,131,106,25,99e8202
2,branching-arith-medium,1000,951,compact,none,33,4,29,99e8202
2,branching-arith-medium,1000,951,literal,none,150,125,25,99e8202
2,branching-arith-medium,1000,951,literal,gzip,130,105,25,99e8202
2,branching-arith-medium,1000,952,compact,none,33,4,29,99e8202
2,branching-arith-medium,1000,952,literal,none,150,125,25,99e8202
2,branching-arith-medium,1000,952,literal,gzip,128,103,25,99e8202
2,branching-arith-medium,1000,953,compact,none,33,4,29,99e8202
2,branching-arith-medium,1000,953,literal,none,150,125,25,99e8202
2,branching-arith-medium,1000,953,literal,gzip,129,104,25,99e8202
2,branching-arith-medium,1000,954,compact,none,33,4,29,99e8202
2,branching-arith-medium,1000,954,literal,none,150,125,25,99e8202
2,branching-arith-medium,1000,954,literal,gzip,130,105,25,99e8202
2,branching-arith-medium,1000,955,compact,none,33,4,29,99e8202
2,branching-arith-medium,1000,955,literal,none,150,125,25,99e8202
2,branching-arith-medium,1000,955,literal,gzip,130,105,25,99e8202
2,branching-arith-medium,1000,956,compact,none,33,4,29,99e8202
2,branching-arith-medium,1000,956,literal,none,150,125,25,99e8202
2,branching-arith-medium,1000,956,literal,gzip,128,103,25,99e8202
2,branching-arith-medium,1000,957,compact,none,33,4,29,99e8202
2,branching-arith-medium,1000,957,literal,none,150,125,25,99e8202
2,branching-arith-medium,1000,957,literal,gzip,130,105,25,99e8202
2,branching-arith-medium,1000,958,compact,none,33,4,29,99e8202
2,branching-arith-medium,1000,958,literal,none,150,125,25,99e8202
2,branching-arith-medium,1000,958,literal,gzip,131,106,25,99e8202
2,branching-arith-medium,1000,959,compact,none,33,4,29,99e8202
2,branching-arith-medium,1000,959,literal,none,150,125,25,99e8202
2,branching-arith-medium,1000,959,literal,gzip,130,105,25,99e8202
2,branching-arith-medium,1000,960,compact,none,33,4,29,99e8202
2,branching-arith-medium,1000,960,literal,none,150,125,25,99e8202
2,branching-arith-medium,1000,960,literal,gzip,128,103,25,99e8202
2,branching-arith-medium,1000,961,compact,none,33,4,29,99e8202
2,branching-arith-medium,1000,961,literal,none,150,125,25,99e8202
2,branching-arith-medium,1000,961,literal,gzip,129,104,25,99e8202
2,branching-arith-medium,1000,962,compact,none,33,4,29,99e8202
2,branching-arith-medium,1000,962,literal,none,150,125,25,99e8202
2,branching-arith-medium,1000,962,literal,gzip,130,105,25,99e8202
2,branching-arith-medium,1000,963,compact,none,33,4,29,99e8202
2,branching-arith-medium,1000,963,literal,none,150,125,25,99e8202
2,branching-arith-medium,1000,963,literal,gzip,130,105,25,99e8202
2,branching-arith-medium,1000,964,compact,none,33,4,29,99e8202
2,branching-arith-medium,1000,964,literal,none,150,125,25,99e8202
2,branching-arith-medium,1000,964,literal,gzip,129,104,25,99e8202
2,branching-arith-medium,1000,965,compact,none,33,4,29,99e8202
2,branching-arith-medium,1000,965,literal,none,150,125,25,99e8202
2,branching-arith-medium,1000,965,literal,gzip,130,105,25,99e8202
2,branching-arith-medium,1000,966,compact,none,33,4,29,99e8202
2,branching-arith-medium,1000,966,literal,none,150,125,25,99e8202
2,branching-arith-medium,1000,966,literal,gzip,129,104,25,99e8202
2,branching-arith-medium,1000,967,compact,none,33,4,29,99e8202
2,branching-arith-medium,1000,967,literal,none,150,125,25,99e8202
2,branching-arith-medium,1000,967,literal,gzip,130,105,25,99e8202
2,branching-arith-medium,1000,968,compact,none,33,4,29,99e8202
2,branching-arith-medium,1000,968,literal,none,150,125,25,99e8202
2,branching-arith-medium,1000,968,literal,gzip,128,103,25,99e8202
2,branching-arith-medium,1000,969,compact,none,33,4,29,99e8202
2,branching-arith-medium,1000,969,literal,none,150,125,25,99e8202
2,branching-arith-medium,1000,969,literal,gzip,130,105,25,99e8202
2,branching-arith-medium,1000,970,compact,none,33,4,29,99e8202
2,branching-arith-medium,1000,970,literal,none,150,125,25,99e8202
2,branching-arith-medium,1000,970,literal,gzip,130,105,25,99e8202
2,branching-arith-medium,1000,971,compact,none,33,4,29,99e8202
2,branching-arith-medium,1000,971,literal,none,150,125,25,99e8202
2,branching-arith-medium,1000,971,literal,gzip,130,105,25,99e8202
2,branching-arith-medium,1000,972,compact,none,33,4,29,99e8202
2,branching-arith-medium,1000,972,literal,none,150,125,25,99e8202
2,branching-arith-medium,1000,972,literal,gzip,129,104,25,99e8202
2,branching-arith-medium,1000,973,compact,none,33,4,29,99e8202
2,branching-arith-medium,1000,973,literal,none,150,125,25,99e8202
2,branching-arith-medium,1000,973,literal,gzip,129,104,25,99e8202
2,branching-arith-medium,1000,974,compact,none,33,4,29,99e8202
2,branching-arith-medium,1000,974,literal,none,150,125,25,99e8202
2,branching-arith-medium,1000,974,literal,gzip,130,105,25,99e8202
2,branching-arith-medium,1000,975,compact,none,33,4,29,99e8202
2,branching-arith-medium,1000,975,literal,none,150,125,25,99e8202
2,branching-arith-medium,1000,975,literal,gzip,130,105,25,99e8202
2,branching-arith-medium,1000,976,compact,none,33,4,29,99e8202
2,branching-arith-medium,1000,976,literal,none,150,125,25,99e8202
2,branching-arith-medium,1000,976,literal,gzip,129,104,25,99e8202
2,branching-arith-medium,1000,977,compact,none,33,4,29,99e8202
2,branching-arith-medium,1000,977,literal,none,150,125,25,99e8202
2,branching-arith-medium,1000,977,literal,gzip,130,105,25,99e8202
2,branching-arith-medium,1000,978,compact,none,33,4,29,99e8202
2,branching-arith-medium,1000,978,literal,none,150,125,25,99e8202
2,branching-arith-medium,1000,978,literal,gzip,131,106,25,99e8202
2,branching-arith-medium,1000,979,compact,none,33,4,29,99e8202
2,branching-arith-medium,1000,979,literal,none,150,125,25,99e8202
2,branching-arith-medium,1000,979,literal,gzip,130,105,25,99e8202
2,branching-arith-medium,1000,980,compact,none,33,4,29,99e8202
2,branching-arith-medium,1000,980,literal,none,150,125,25,99e8202
2,branching-arith-medium,1000,980,literal,gzip,128,103,25,99e8202
2,branching-arith-medium,1000,981,compact,none,33,4,29,99e8202
2,branching-arith-medium,1000,981,literal,none,150,125,25,99e8202
2,branching-arith-medium,1000,981,literal,gzip,129,104,25,99e8202
2,branching-arith-medium,1000,982,compact,none,33,4,29,99e8202
2,branching-arith-medium,1000,982,literal,none,150,125,25,99e8202
2,branching-arith-medium,1000,982,literal,gzip,130,105,25,99e8202
2,branching-arith-medium,1000,983,compact,none,33,4,29,99e8202
2,branching-arith-medium,1000,983,literal,none,150,125,25,99e8202
2,branching-arith-medium,1000,983,literal,gzip,130,105,25,99e8202
2,branching-arith-medium,1000,984,compact,none,33,4,29,99e8202
2,branching-arith-medium,1000,984,literal,none,150,125,25,99e8202
2,branching-arith-medium,1000,984,literal,gzip,128,103,25,99e8202
2,branching-arith-medium,1000,985,compact,none,33,4,29,99e8202
2,branching-arith-medium,1000,985,literal,none,150,125,25,99e8202
2,branching-arith-medium,1000,985,literal,gzip,130,105,25,99e8202
2,branching-arith-medium,1000,986,compact,none,33,4,29,99e8202
2,branching-arith-medium,1000,986,literal,none,150,125,25,99e8202
2,branching-arith-medium,1000,986,literal,gzip,131,106,25,99e8202
2,branching-arith-medium,1000,987,compact,none,33,4,29,99e8202
2,branching-arith-medium,1000,987,literal,none,150,125,25,99e8202
2,branching-arith-medium,1000,987,literal,gzip,130,105,25,99e8202
2,branching-arith-medium,1000,988,compact,none,33,4,29,99e8202
2,branching-arith-medium,1000,988,literal,none,150,125,25,99e8202
2,branching-arith-medium,1000,988,literal,gzip,128,103,25,99e8202
2,branching-arith-medium,1000,989,compact,none,33,4,29,99e8202
2,branching-arith-medium,1000,989,literal,none,150,125,25,99e8202
2,branching-arith-medium,1000,989,literal,gzip,129,104,25,99e8202
2,branching-arith-medium,1000,990,compact,none,33,4,29,99e8202
2,branching-arith-medium,1000,990,literal,none,150,125,25,99e8202
2,branching-arith-medium,1000,990,literal,gzip,130,105,25,99e8202
2,branching-arith-medium,1000,991,compact,none,33,4,29,99e8202
2,branching-arith-medium,1000,991,literal,none,150,125,25,99e8202
2,branching-arith-medium,1000,991,literal,gzip,130,105,25,99e8202
2,branching-arith-medium,1000,992,compact,none,33,4,29,99e8202
2,branching-arith-medium,1000,992,literal,none,150,125,25,99e8202
2,branching-arith-medium,1000,992,literal,gzip,129,104,25,99e8202
2,branching-arith-medium,1000,993,compact,none,33,4,29,99e8202
2,branching-arith-medium,1000,993,literal,none,150,125,25,99e8202
2,branching-arith-medium,1000,993,literal,gzip,130,105,25,99e8202
2,branching-arith-medium,1000,994,compact,none,33,4,29,99e8202
2,branching-arith-medium,1000,994,literal,none,150,125,25,99e8202
2,branching-arith-medium,1000,994,literal,gzip,129,104,25,99e8202
2,branching-arith-medium,1000,995,compact,none,33,4,29,99e8202
2,branching-arith-medium,1000,995,literal,none,150,125,25,99e8202
2,branching-arith-medium,1000,995,literal,gzip,130,105,25,99e8202
2,branching-arith-medium,1000,996,compact,none,33,4,29,99e8202
2,branching-arith-medium,1000,996,literal,none,150,125,25,99e8202
2,branching-arith-medium,1000,996,literal,gzip,128,103,25,99e8202
2,branching-arith-medium,1000,997,compact,none,33,4,29,99e8202
2,branching-arith-medium,1000,997,literal,none,150,125,25,99e8202
2,branching-arith-medium,1000,997,literal,gzip,130,105,25,99e8202
2,branching-arith-medium,1000,998,compact,none,33,4,29,99e8202
2,branching-arith-medium,1000,998,literal,none,150,125,25,99e8202
2,branching-arith-medium,1000,998,literal,gzip,130,105,25,99e8202
2,branching-arith-medium,1000,999,compact,none,33,4,29,99e8202
2,branching-arith-medium,1000,999,literal,none,150,125,25,99e8202
2,branching-arith-medium,1000,999,literal,gzip,130,105,25,99e8202
2,branching-arith-medium,1000,1000,compact,none,33,4,29,99e8202
2,branching-arith-medium,1000,1000,literal,none,150,125,25,99e8202
2,branching-arith-medium,1000,1000,literal,gzip,129,104,25,99e8202
3,production-verb-synthetic,1000,1,compact,none,92,63,29,99e8202
3,production-verb-synthetic,1000,1,literal,none,906,881,25,99e8202
3,production-verb-synthetic,1000,1,literal,gzip,384,359,25,99e8202
3,production-verb-synthetic,1000,2,compact,none,93,64,29,99e8202
3,production-verb-synthetic,1000,2,literal,none,907,882,25,99e8202
3,production-verb-synthetic,1000,2,literal,gzip,381,356,25,99e8202
3,production-verb-synthetic,1000,3,compact,none,93,64,29,99e8202
3,production-verb-synthetic,1000,3,literal,none,907,882,25,99e8202
3,production-verb-synthetic,1000,3,literal,gzip,382,357,25,99e8202
3,production-verb-synthetic,1000,4,compact,none,93,64,29,99e8202
3,production-verb-synthetic,1000,4,literal,none,907,882,25,99e8202
3,production-verb-synthetic,1000,4,literal,gzip,386,361,25,99e8202
3,production-verb-synthetic,1000,5,compact,none,93,64,29,99e8202
3,production-verb-synthetic,1000,5,literal,none,907,882,25,99e8202
3,production-verb-synthetic,1000,5,literal,gzip,384,359,25,99e8202
3,production-verb-synthetic,1000,6,compact,none,93,64,29,99e8202
3,production-verb-synthetic,1000,6,literal,none,907,882,25,99e8202
3,production-verb-synthetic,1000,6,literal,gzip,386,361,25,99e8202
3,production-verb-synthetic,1000,7,compact,none,93,64,29,99e8202
3,production-verb-synthetic,1000,7,literal,none,907,882,25,99e8202
3,production-verb-synthetic,1000,7,literal,gzip,387,362,25,99e8202
3,production-verb-synthetic,1000,8,compact,none,93,64,29,99e8202
3,production-verb-synthetic,1000,8,literal,none,907,882,25,99e8202
3,production-verb-synthetic,1000,8,literal,gzip,387,362,25,99e8202
3,production-verb-synthetic,1000,9,compact,none,93,64,29,99e8202
3,production-verb-synthetic,1000,9,literal,none,907,882,25,99e8202
3,production-verb-synthetic,1000,9,literal,gzip,386,361,25,99e8202
3,production-verb-synthetic,1000,10,compact,none,95,66,29,99e8202
3,production-verb-synthetic,1000,10,literal,none,909,884,25,99e8202
3,production-verb-synthetic,1000,10,literal,gzip,387,362,25,99e8202
3,production-verb-synthetic,1000,11,compact,none,95,66,29,99e8202
3,production-verb-synthetic,1000,11,literal,none,909,884,25,99e8202
3,production-verb-synthetic,1000,11,literal,gzip,386,361,25,99e8202
3,production-verb-synthetic,1000,12,compact,none,95,66,29,99e8202
3,production-verb-synthetic,1000,12,literal,none,909,884,25,99e8202
3,production-verb-synthetic,1000,12,literal,gzip,386,361,25,99e8202
3,production-verb-synthetic,1000,13,compact,none,94,65,29,99e8202
3,production-verb-synthetic,1000,13,literal,none,908,883,25,99e8202
3,production-verb-synthetic,1000,13,literal,gzip,383,358,25,99e8202
3,production-verb-synthetic,1000,14,compact,none,94,65,29,99e8202
3,production-verb-synthetic,1000,14,literal,none,908,883,25,99e8202
3,production-verb-synthetic,1000,14,literal,gzip,386,361,25,99e8202
3,production-verb-synthetic,1000,15,compact,none,95,66,29,99e8202
3,production-verb-synthetic,1000,15,literal,none,909,884,25,99e8202
3,production-verb-synthetic,1000,15,literal,gzip,384,359,25,99e8202
3,production-verb-synthetic,1000,16,compact,none,95,66,29,99e8202
3,production-verb-synthetic,1000,16,literal,none,909,884,25,99e8202
3,production-verb-synthetic,1000,16,literal,gzip,386,361,25,99e8202
3,production-verb-synthetic,1000,17,compact,none,95,66,29,99e8202
3,production-verb-synthetic,1000,17,literal,none,909,884,25,99e8202
3,production-verb-synthetic,1000,17,literal,gzip,386,361,25,99e8202
3,production-verb-synthetic,1000,18,compact,none,95,66,29,99e8202
3,production-verb-synthetic,1000,18,literal,none,909,884,25,99e8202
3,production-verb-synthetic,1000,18,literal,gzip,386,361,25,99e8202
3,production-verb-synthetic,1000,19,compact,none,95,66,29,99e8202
3,production-verb-synthetic,1000,19,literal,none,909,884,25,99e8202
3,production-verb-synthetic,1000,19,literal,gzip,388,363,25,99e8202
3,production-verb-synthetic,1000,20,compact,none,95,66,29,99e8202
3,production-verb-synthetic,1000,20,literal,none,909,884,25,99e8202
3,production-verb-synthetic,1000,20,literal,gzip,386,361,25,99e8202
3,production-verb-synthetic,1000,21,compact,none,95,66,29,99e8202
3,production-verb-synthetic,1000,21,literal,none,909,884,25,99e8202
3,production-verb-synthetic,1000,21,literal,gzip,386,361,25,99e8202
3,production-verb-synthetic,1000,22,compact,none,95,66,29,99e8202
3,production-verb-synthetic,1000,22,literal,none,909,884,25,99e8202
3,production-verb-synthetic,1000,22,literal,gzip,386,361,25,99e8202
3,production-verb-synthetic,1000,23,compact,none,95,66,29,99e8202
3,production-verb-synthetic,1000,23,literal,none,909,884,25,99e8202
3,production-verb-synthetic,1000,23,literal,gzip,385,360,25,99e8202
3,production-verb-synthetic,1000,24,compact,none,95,66,29,99e8202
3,production-verb-synthetic,1000,24,literal,none,909,884,25,99e8202
3,production-verb-synthetic,1000,24,literal,gzip,387,362,25,99e8202
3,production-verb-synthetic,1000,25,compact,none,95,66,29,99e8202
3,production-verb-synthetic,1000,25,literal,none,909,884,25,99e8202
3,production-verb-synthetic,1000,25,literal,gzip,386,361,25,99e8202
3,production-verb-synthetic,1000,26,compact,none,94,65,29,99e8202
3,production-verb-synthetic,1000,26,literal,none,908,883,25,99e8202
3,production-verb-synthetic,1000,26,literal,gzip,384,359,25,99e8202
3,production-verb-synthetic,1000,27,compact,none,94,65,29,99e8202
3,production-verb-synthetic,1000,27,literal,none,908,883,25,99e8202
3,production-verb-synthetic,1000,27,literal,gzip,385,360,25,99e8202
3,production-verb-synthetic,1000,28,compact,none,95,66,29,99e8202
3,production-verb-synthetic,1000,28,literal,none,909,884,25,99e8202
3,production-verb-synthetic,1000,28,literal,gzip,385,360,25,99e8202
3,production-verb-synthetic,1000,29,compact,none,95,66,29,99e8202
3,production-verb-synthetic,1000,29,literal,none,909,884,25,99e8202
3,production-verb-synthetic,1000,29,literal,gzip,385,360,25,99e8202
3,production-verb-synthetic,1000,30,compact,none,95,66,29,99e8202
3,production-verb-synthetic,1000,30,literal,none,909,884,25,99e8202
3,production-verb-synthetic,1000,30,literal,gzip,384,359,25,99e8202
3,production-verb-synthetic,1000,31,compact,none,95,66,29,99e8202
3,production-verb-synthetic,1000,31,literal,none,909,884,25,99e8202
3,production-verb-synthetic,1000,31,literal,gzip,385,360,25,99e8202
3,production-verb-synthetic,1000,32,compact,none,95,66,29,99e8202
3,production-verb-synthetic,1000,32,literal,none,909,884,25,99e8202
3,production-verb-synthetic,1000,32,literal,gzip,386,361,25,99e8202
3,production-verb-synthetic,1000,33,compact,none,95,66,29,99e8202
3,production-verb-synthetic,1000,33,literal,none,909,884,25,99e8202
3,production-verb-synthetic,1000,33,literal,gzip,385,360,25,99e8202
3,production-verb-synthetic,1000,34,compact,none,95,66,29,99e8202
3,production-verb-synthetic,1000,34,literal,none,909,884,25,99e8202
3,production-verb-synthetic,1000,34,literal,gzip,387,362,25,99e8202
3,production-verb-synthetic,1000,35,compact,none,95,66,29,99e8202
3,production-verb-synthetic,1000,35,literal,none,909,884,25,99e8202
3,production-verb-synthetic,1000,35,literal,gzip,386,361,25,99e8202
3,production-verb-synthetic,1000,36,compact,none,95,66,29,99e8202
3,production-verb-synthetic,1000,36,literal,none,909,884,25,99e8202
3,production-verb-synthetic,1000,36,literal,gzip,387,362,25,99e8202
3,production-verb-synthetic,1000,37,compact,none,95,66,29,99e8202
3,production-verb-synthetic,1000,37,literal,none,909,884,25,99e8202
3,production-verb-synthetic,1000,37,literal,gzip,386,361,25,99e8202
3,production-verb-synthetic,1000,38,compact,none,95,66,29,99e8202
3,production-verb-synthetic,1000,38,literal,none,909,884,25,99e8202
3,production-verb-synthetic,1000,38,literal,gzip,387,362,25,99e8202
3,production-verb-synthetic,1000,39,compact,none,94,65,29,99e8202
3,production-verb-synthetic,1000,39,literal,none,908,883,25,99e8202
3,production-verb-synthetic,1000,39,literal,gzip,384,359,25,99e8202
3,production-verb-synthetic,1000,40,compact,none,95,66,29,99e8202
3,production-verb-synthetic,1000,40,literal,none,909,884,25,99e8202
3,production-verb-synthetic,1000,40,literal,gzip,385,360,25,99e8202
3,production-verb-synthetic,1000,41,compact,none,95,66,29,99e8202
3,production-verb-synthetic,1000,41,literal,none,909,884,25,99e8202
3,production-verb-synthetic,1000,41,literal,gzip,385,360,25,99e8202
3,production-verb-synthetic,1000,42,compact,none,95,66,29,99e8202
3,production-verb-synthetic,1000,42,literal,none,909,884,25,99e8202
3,production-verb-synthetic,1000,42,literal,gzip,386,361,25,99e8202
3,production-verb-synthetic,1000,43,compact,none,95,66,29,99e8202
3,production-verb-synthetic,1000,43,literal,none,909,884,25,99e8202
3,production-verb-synthetic,1000,43,literal,gzip,385,360,25,99e8202
3,production-verb-synthetic,1000,44,compact,none,95,66,29,99e8202
3,production-verb-synthetic,1000,44,literal,none,909,884,25,99e8202
3,production-verb-synthetic,1000,44,literal,gzip,387,362,25,99e8202
3,production-verb-synthetic,1000,45,compact,none,95,66,29,99e8202
3,production-verb-synthetic,1000,45,literal,none,909,884,25,99e8202
3,production-verb-synthetic,1000,45,literal,gzip,385,360,25,99e8202
3,production-verb-synthetic,1000,46,compact,none,95,66,29,99e8202
3,production-verb-synthetic,1000,46,literal,none,909,884,25,99e8202
3,production-verb-synthetic,1000,46,literal,gzip,387,362,25,99e8202
3,production-verb-synthetic,1000,47,compact,none,95,66,29,99e8202
3,production-verb-synthetic,1000,47,literal,none,909,884,25,99e8202
3,production-verb-synthetic,1000,47,literal,gzip,388,363,25,99e8202
3,production-verb-synthetic,1000,48,compact,none,95,66,29,99e8202
3,production-verb-synthetic,1000,48,literal,none,909,884,25,99e8202
3,production-verb-synthetic,1000,48,literal,gzip,388,363,25,99e8202
3,production-verb-synthetic,1000,49,compact,none,95,66,29,99e8202
3,production-verb-synthetic,1000,49,literal,none,909,884,25,99e8202
3,production-verb-synthetic,1000,49,literal,gzip,387,362,25,99e8202
3,production-verb-synthetic,1000,50,compact,none,95,66,29,99e8202
3,production-verb-synthetic,1000,50,literal,none,909,884,25,99e8202
3,production-verb-synthetic,1000,50,literal,gzip,387,362,25,99e8202
3,production-verb-synthetic,1000,51,compact,none,95,66,29,99e8202
3,production-verb-synthetic,1000,51,literal,none,909,884,25,99e8202
3,production-verb-synthetic,1000,51,literal,gzip,387,362,25,99e8202
3,production-verb-synthetic,1000,52,compact,none,94,65,29,99e8202
3,production-verb-synthetic,1000,52,literal,none,908,883,25,99e8202
3,production-verb-synthetic,1000,52,literal,gzip,386,361,25,99e8202
3,production-verb-synthetic,1000,53,compact,none,95,66,29,99e8202
3,production-verb-synthetic,1000,53,literal,none,909,884,25,99e8202
3,production-verb-synthetic,1000,53,literal,gzip,384,359,25,99e8202
3,production-verb-synthetic,1000,54,compact,none,95,66,29,99e8202
3,production-verb-synthetic,1000,54,literal,none,909,884,25,99e8202
3,production-verb-synthetic,1000,54,literal,gzip,386,361,25,99e8202
3,production-verb-synthetic,1000,55,compact,none,95,66,29,99e8202
3,production-verb-synthetic,1000,55,literal,none,909,884,25,99e8202
3,production-verb-synthetic,1000,55,literal,gzip,385,360,25,99e8202
3,production-verb-synthetic,1000,56,compact,none,95,66,29,99e8202
3,production-verb-synthetic,1000,56,literal,none,909,884,25,99e8202
3,production-verb-synthetic,1000,56,literal,gzip,387,362,25,99e8202
3,production-verb-synthetic,1000,57,compact,none,95,66,29,99e8202
3,production-verb-synthetic,1000,57,literal,none,909,884,25,99e8202
3,production-verb-synthetic,1000,57,literal,gzip,387,362,25,99e8202
3,production-verb-synthetic,1000,58,compact,none,95,66,29,99e8202
3,production-verb-synthetic,1000,58,literal,none,909,884,25,99e8202
3,production-verb-synthetic,1000,58,literal,gzip,388,363,25,99e8202
3,production-verb-synthetic,1000,59,compact,none,95,66,29,99e8202
3,production-verb-synthetic,1000,59,literal,none,909,884,25,99e8202
3,production-verb-synthetic,1000,59,literal,gzip,387,362,25,99e8202
3,production-verb-synthetic,1000,60,compact,none,95,66,29,99e8202
3,production-verb-synthetic,1000,60,literal,none,909,884,25,99e8202
3,production-verb-synthetic,1000,60,literal,gzip,385,360,25,99e8202
3,production-verb-synthetic,1000,61,compact,none,95,66,29,99e8202
3,production-verb-synthetic,1000,61,literal,none,909,884,25,99e8202
3,production-verb-synthetic,1000,61,literal,gzip,386,361,25,99e8202
3,production-verb-synthetic,1000,62,compact,none,95,66,29,99e8202
3,production-verb-synthetic,1000,62,literal,none,909,884,25,99e8202
3,production-verb-synthetic,1000,62,literal,gzip,387,362,25,99e8202
3,production-verb-synthetic,1000,63,compact,none,95,66,29,99e8202
3,production-verb-synthetic,1000,63,literal,none,909,884,25,99e8202
3,production-verb-synthetic,1000,63,literal,gzip,386,361,25,99e8202
3,production-verb-synthetic,1000,64,compact,none,95,66,29,99e8202
3,production-verb-synthetic,1000,64,literal,none,909,884,25,99e8202
3,production-verb-synthetic,1000,64,literal,gzip,388,363,25,99e8202
3,production-verb-synthetic,1000,65,compact,none,94,65,29,99e8202
3,production-verb-synthetic,1000,65,literal,none,908,883,25,99e8202
3,production-verb-synthetic,1000,65,literal,gzip,385,360,25,99e8202
3,production-verb-synthetic,1000,66,compact,none,95,66,29,99e8202
3,production-verb-synthetic,1000,66,literal,none,909,884,25,99e8202
3,production-verb-synthetic,1000,66,literal,gzip,387,362,25,99e8202
3,production-verb-synthetic,1000,67,compact,none,95,66,29,99e8202
3,production-verb-synthetic,1000,67,literal,none,909,884,25,99e8202
3,production-verb-synthetic,1000,67,literal,gzip,387,362,25,99e8202
3,production-verb-synthetic,1000,68,compact,none,95,66,29,99e8202
3,production-verb-synthetic,1000,68,literal,none,909,884,25,99e8202
3,production-verb-synthetic,1000,68,literal,gzip,387,362,25,99e8202
3,production-verb-synthetic,1000,69,compact,none,95,66,29,99e8202
3,production-verb-synthetic,1000,69,literal,none,909,884,25,99e8202
3,production-verb-synthetic,1000,69,literal,gzip,387,362,25,99e8202
3,production-verb-synthetic,1000,70,compact,none,95,66,29,99e8202
3,production-verb-synthetic,1000,70,literal,none,909,884,25,99e8202
3,production-verb-synthetic,1000,70,literal,gzip,387,362,25,99e8202
3,production-verb-synthetic,1000,71,compact,none,95,66,29,99e8202
3,production-verb-synthetic,1000,71,literal,none,909,884,25,99e8202
3,production-verb-synthetic,1000,71,literal,gzip,387,362,25,99e8202
3,production-verb-synthetic,1000,72,compact,none,95,66,29,99e8202
3,production-verb-synthetic,1000,72,literal,none,909,884,25,99e8202
3,production-verb-synthetic,1000,72,literal,gzip,387,362,25,99e8202
3,production-verb-synthetic,1000,73,compact,none,95,66,29,99e8202
3,production-verb-synthetic,1000,73,literal,none,909,884,25,99e8202
3,production-verb-synthetic,1000,73,literal,gzip,386,361,25,99e8202
3,production-verb-synthetic,1000,74,compact,none,95,66,29,99e8202
3,production-verb-synthetic,1000,74,literal,none,909,884,25,99e8202
3,production-verb-synthetic,1000,74,literal,gzip,388,363,25,99e8202
3,production-verb-synthetic,1000,75,compact,none,95,66,29,99e8202
3,production-verb-synthetic,1000,75,literal,none,909,884,25,99e8202
3,production-verb-synthetic,1000,75,literal,gzip,385,360,25,99e8202
3,production-verb-synthetic,1000,76,compact,none,95,66,29,99e8202
3,production-verb-synthetic,1000,76,literal,none,909,884,25,99e8202
3,production-verb-synthetic,1000,76,literal,gzip,388,363,25,99e8202
3,production-verb-synthetic,1000,77,compact,none,95,66,29,99e8202
3,production-verb-synthetic,1000,77,literal,none,909,884,25,99e8202
3,production-verb-synthetic,1000,77,literal,gzip,387,362,25,99e8202
3,production-verb-synthetic,1000,78,compact,none,94,65,29,99e8202
3,production-verb-synthetic,1000,78,literal,none,908,883,25,99e8202
3,production-verb-synthetic,1000,78,literal,gzip,387,362,25,99e8202
3,production-verb-synthetic,1000,79,compact,none,95,66,29,99e8202
3,production-verb-synthetic,1000,79,literal,none,909,884,25,99e8202
3,production-verb-synthetic,1000,79,literal,gzip,387,362,25,99e8202
3,production-verb-synthetic,1000,80,compact,none,95,66,29,99e8202
3,production-verb-synthetic,1000,80,literal,none,909,884,25,99e8202
3,production-verb-synthetic,1000,80,literal,gzip,386,361,25,99e8202
3,production-verb-synthetic,1000,81,compact,none,95,66,29,99e8202
3,production-verb-synthetic,1000,81,literal,none,909,884,25,99e8202
3,production-verb-synthetic,1000,81,literal,gzip,386,361,25,99e8202
3,production-verb-synthetic,1000,82,compact,none,95,66,29,99e8202
3,production-verb-synthetic,1000,82,literal,none,909,884,25,99e8202
3,production-verb-synthetic,1000,82,literal,gzip,386,361,25,99e8202
3,production-verb-synthetic,1000,83,compact,none,95,66,29,99e8202
3,production-verb-synthetic,1000,83,literal,none,909,884,25,99e8202
3,production-verb-synthetic,1000,83,literal,gzip,386,361,25,99e8202
3,production-verb-synthetic,1000,84,compact,none,95,66,29,99e8202
3,production-verb-synthetic,1000,84,literal,none,909,884,25,99e8202
3,production-verb-synthetic,1000,84,literal,gzip,388,363,25,99e8202
3,production-verb-synthetic,1000,85,compact,none,95,66,29,99e8202
3,production-verb-synthetic,1000,85,literal,none,909,884,25,99e8202
3,production-verb-synthetic,1000,85,literal,gzip,387,362,25,99e8202
3,production-verb-synthetic,1000,86,compact,none,95,66,29,99e8202
3,production-verb-synthetic,1000,86,literal,none,909,884,25,99e8202
3,production-verb-synthetic,1000,86,literal,gzip,388,363,25,99e8202
3,production-verb-synthetic,1000,87,compact,none,95,66,29,99e8202
3,production-verb-synthetic,1000,87,literal,none,909,884,25,99e8202
3,production-verb-synthetic,1000,87,literal,gzip,388,363,25,99e8202
3,production-verb-synthetic,1000,88,compact,none,95,66,29,99e8202
3,production-verb-synthetic,1000,88,literal,none,909,884,25,99e8202
3,production-verb-synthetic,1000,88,literal,gzip,388,363,25,99e8202
3,production-verb-synthetic,1000,89,compact,none,95,66,29,99e8202
3,production-verb-synthetic,1000,89,literal,none,909,884,25,99e8202
3,production-verb-synthetic,1000,89,literal,gzip,387,362,25,99e8202
3,production-verb-synthetic,1000,90,compact,none,94,65,29,99e8202
3,production-verb-synthetic,1000,90,literal,none,908,883,25,99e8202
3,production-verb-synthetic,1000,90,literal,gzip,386,361,25,99e8202
3,production-verb-synthetic,1000,91,compact,none,94,65,29,99e8202
3,production-verb-synthetic,1000,91,literal,none,908,883,25,99e8202
3,production-verb-synthetic,1000,91,literal,gzip,386,361,25,99e8202
3,production-verb-synthetic,1000,92,compact,none,95,66,29,99e8202
3,production-verb-synthetic,1000,92,literal,none,909,884,25,99e8202
3,production-verb-synthetic,1000,92,literal,gzip,386,361,25,99e8202
3,production-verb-synthetic,1000,93,compact,none,95,66,29,99e8202
3,production-verb-synthetic,1000,93,literal,none,909,884,25,99e8202
3,production-verb-synthetic,1000,93,literal,gzip,385,360,25,99e8202
3,production-verb-synthetic,1000,94,compact,none,95,66,29,99e8202
3,production-verb-synthetic,1000,94,literal,none,909,884,25,99e8202
3,production-verb-synthetic,1000,94,literal,gzip,387,362,25,99e8202
3,production-verb-synthetic,1000,95,compact,none,95,66,29,99e8202
3,production-verb-synthetic,1000,95,literal,none,909,884,25,99e8202
3,production-verb-synthetic,1000,95,literal,gzip,386,361,25,99e8202
3,production-verb-synthetic,1000,96,compact,none,95,66,29,99e8202
3,production-verb-synthetic,1000,96,literal,none,909,884,25,99e8202
3,production-verb-synthetic,1000,96,literal,gzip,388,363,25,99e8202
3,production-verb-synthetic,1000,97,compact,none,95,66,29,99e8202
3,production-verb-synthetic,1000,97,literal,none,909,884,25,99e8202
3,production-verb-synthetic,1000,97,literal,gzip,387,362,25,99e8202
3,production-verb-synthetic,1000,98,compact,none,95,66,29,99e8202
3,production-verb-synthetic,1000,98,literal,none,909,884,25,99e8202
3,production-verb-synthetic,1000,98,literal,gzip,388,363,25,99e8202
3,production-verb-synthetic,1000,99,compact,none,95,66,29,99e8202
3,production-verb-synthetic,1000,99,literal,none,909,884,25,99e8202
3,production-verb-synthetic,1000,99,literal,gzip,387,362,25,99e8202
3,production-verb-synthetic,1000,100,compact,none,97,68,29,99e8202
3,production-verb-synthetic,1000,100,literal,none,911,886,25,99e8202
3,production-verb-synthetic,1000,100,literal,gzip,387,362,25,99e8202
3,production-verb-synthetic,1000,101,compact,none,97,68,29,99e8202
3,production-verb-synthetic,1000,101,literal,none,911,886,25,99e8202
3,production-verb-synthetic,1000,101,literal,gzip,387,362,25,99e8202
3,production-verb-synthetic,1000,102,compact,none,97,68,29,99e8202
3,production-verb-synthetic,1000,102,literal,none,911,886,25,99e8202
3,production-verb-synthetic,1000,102,literal,gzip,387,362,25,99e8202
3,production-verb-synthetic,1000,103,compact,none,96,67,29,99e8202
3,production-verb-synthetic,1000,103,literal,none,910,885,25,99e8202
3,production-verb-synthetic,1000,103,literal,gzip,384,359,25,99e8202
3,production-verb-synthetic,1000,104,compact,none,96,67,29,99e8202
3,production-verb-synthetic,1000,104,literal,none,910,885,25,99e8202
3,production-verb-synthetic,1000,104,literal,gzip,387,362,25,99e8202
3,production-verb-synthetic,1000,105,compact,none,97,68,29,99e8202
3,production-verb-synthetic,1000,105,literal,none,911,886,25,99e8202
3,production-verb-synthetic,1000,105,literal,gzip,386,361,25,99e8202
3,production-verb-synthetic,1000,106,compact,none,97,68,29,99e8202
3,production-verb-synthetic,1000,106,literal,none,911,886,25,99e8202
3,production-verb-synthetic,1000,106,literal,gzip,387,362,25,99e8202
3,production-verb-synthetic,1000,107,compact,none,97,68,29,99e8202
3,production-verb-synthetic,1000,107,literal,none,911,886,25,99e8202
3,production-verb-synthetic,1000,107,literal,gzip,387,362,25,99e8202
3,production-verb-synthetic,1000,108,compact,none,97,68,29,99e8202
3,production-verb-synthetic,1000,108,literal,none,911,886,25,99e8202
3,production-verb-synthetic,1000,108,literal,gzip,387,362,25,99e8202
3,production-verb-synthetic,1000,109,compact,none,97,68,29,99e8202
3,production-verb-synthetic,1000,109,literal,none,911,886,25,99e8202
3,production-verb-synthetic,1000,109,literal,gzip,388,363,25,99e8202
3,production-verb-synthetic,1000,110,compact,none,97,68,29,99e8202
3,production-verb-synthetic,1000,110,literal,none,911,886,25,99e8202
3,production-verb-synthetic,1000,110,literal,gzip,387,362,25,99e8202
3,production-verb-synthetic,1000,111,compact,none,97,68,29,99e8202
3,production-verb-synthetic,1000,111,literal,none,911,886,25,99e8202
3,production-verb-synthetic,1000,111,literal,gzip,386,361,25,99e8202
3,production-verb-synthetic,1000,112,compact,none,97,68,29,99e8202
3,production-verb-synthetic,1000,112,literal,none,911,886,25,99e8202
3,production-verb-synthetic,1000,112,literal,gzip,387,362,25,99e8202
3,production-verb-synthetic,1000,113,compact,none,97,68,29,99e8202
3,production-verb-synthetic,1000,113,literal,none,911,886,25,99e8202
3,production-verb-synthetic,1000,113,literal,gzip,385,360,25,99e8202
3,production-verb-synthetic,1000,114,compact,none,97,68,29,99e8202
3,production-verb-synthetic,1000,114,literal,none,911,886,25,99e8202
3,production-verb-synthetic,1000,114,literal,gzip,388,363,25,99e8202
3,production-verb-synthetic,1000,115,compact,none,97,68,29,99e8202
3,production-verb-synthetic,1000,115,literal,none,911,886,25,99e8202
3,production-verb-synthetic,1000,115,literal,gzip,386,361,25,99e8202
3,production-verb-synthetic,1000,116,compact,none,96,67,29,99e8202
3,production-verb-synthetic,1000,116,literal,none,910,885,25,99e8202
3,production-verb-synthetic,1000,116,literal,gzip,386,361,25,99e8202
3,production-verb-synthetic,1000,117,compact,none,96,67,29,99e8202
3,production-verb-synthetic,1000,117,literal,none,910,885,25,99e8202
3,production-verb-synthetic,1000,117,literal,gzip,386,361,25,99e8202
3,production-verb-synthetic,1000,118,compact,none,97,68,29,99e8202
3,production-verb-synthetic,1000,118,literal,none,911,886,25,99e8202
3,production-verb-synthetic,1000,118,literal,gzip,387,362,25,99e8202
3,production-verb-synthetic,1000,119,compact,none,97,68,29,99e8202
3,production-verb-synthetic,1000,119,literal,none,911,886,25,99e8202
3,production-verb-synthetic,1000,119,literal,gzip,387,362,25,99e8202
3,production-verb-synthetic,1000,120,compact,none,97,68,29,99e8202
3,production-verb-synthetic,1000,120,literal,none,911,886,25,99e8202
3,production-verb-synthetic,1000,120,literal,gzip,387,362,25,99e8202
3,production-verb-synthetic,1000,121,compact,none,97,68,29,99e8202
3,production-verb-synthetic,1000,121,literal,none,911,886,25,99e8202
3,production-verb-synthetic,1000,121,literal,gzip,387,362,25,99e8202
3,production-verb-synthetic,1000,122,compact,none,97,68,29,99e8202
3,production-verb-synthetic,1000,122,literal,none,911,886,25,99e8202
3,production-verb-synthetic,1000,122,literal,gzip,387,362,25,99e8202
3,production-verb-synthetic,1000,123,compact,none,97,68,29,99e8202
3,production-verb-synthetic,1000,123,literal,none,911,886,25,99e8202
3,production-verb-synthetic,1000,123,literal,gzip,386,361,25,99e8202
3,production-verb-synthetic,1000,124,compact,none,97,68,29,99e8202
3,production-verb-synthetic,1000,124,literal,none,911,886,25,99e8202
3,production-verb-synthetic,1000,124,literal,gzip,389,364,25,99e8202
3,production-verb-synthetic,1000,125,compact,none,97,68,29,99e8202
3,production-verb-synthetic,1000,125,literal,none,911,886,25,99e8202
3,production-verb-synthetic,1000,125,literal,gzip,387,362,25,99e8202
3,production-verb-synthetic,1000,126,compact,none,97,68,29,99e8202
3,production-verb-synthetic,1000,126,literal,none,911,886,25,99e8202
3,production-verb-synthetic,1000,126,literal,gzip,388,363,25,99e8202
3,production-verb-synthetic,1000,127,compact,none,97,68,29,99e8202
3,production-verb-synthetic,1000,127,literal,none,911,886,25,99e8202
3,production-verb-synthetic,1000,127,literal,gzip,387,362,25,99e8202
3,production-verb-synthetic,1000,128,compact,none,97,68,29,99e8202
3,production-verb-synthetic,1000,128,literal,none,911,886,25,99e8202
3,production-verb-synthetic,1000,128,literal,gzip,389,364,25,99e8202
3,production-verb-synthetic,1000,129,compact,none,96,67,29,99e8202
3,production-verb-synthetic,1000,129,literal,none,910,885,25,99e8202
3,production-verb-synthetic,1000,129,literal,gzip,386,361,25,99e8202
3,production-verb-synthetic,1000,130,compact,none,97,68,29,99e8202
3,production-verb-synthetic,1000,130,literal,none,911,886,25,99e8202
3,production-verb-synthetic,1000,130,literal,gzip,387,362,25,99e8202
3,production-verb-synthetic,1000,131,compact,none,97,68,29,99e8202
3,production-verb-synthetic,1000,131,literal,none,911,886,25,99e8202
3,production-verb-synthetic,1000,131,literal,gzip,386,361,25,99e8202
3,production-verb-synthetic,1000,132,compact,none,97,68,29,99e8202
3,production-verb-synthetic,1000,132,literal,none,911,886,25,99e8202
3,production-verb-synthetic,1000,132,literal,gzip,387,362,25,99e8202
3,production-verb-synthetic,1000,133,compact,none,97,68,29,99e8202
3,production-verb-synthetic,1000,133,literal,none,911,886,25,99e8202
3,production-verb-synthetic,1000,133,literal,gzip,385,360,25,99e8202
3,production-verb-synthetic,1000,134,compact,none,97,68,29,99e8202
3,production-verb-synthetic,1000,134,literal,none,911,886,25,99e8202
3,production-verb-synthetic,1000,134,literal,gzip,387,362,25,99e8202
3,production-verb-synthetic,1000,135,compact,none,97,68,29,99e8202
3,production-verb-synthetic,1000,135,literal,none,911,886,25,99e8202
3,production-verb-synthetic,1000,135,literal,gzip,386,361,25,99e8202
3,production-verb-synthetic,1000,136,compact,none,97,68,29,99e8202
3,production-verb-synthetic,1000,136,literal,none,911,886,25,99e8202
3,production-verb-synthetic,1000,136,literal,gzip,389,364,25,99e8202
3,production-verb-synthetic,1000,137,compact,none,97,68,29,99e8202
3,production-verb-synthetic,1000,137,literal,none,911,886,25,99e8202
3,production-verb-synthetic,1000,137,literal,gzip,388,363,25,99e8202
3,production-verb-synthetic,1000,138,compact,none,97,68,29,99e8202
3,production-verb-synthetic,1000,138,literal,none,911,886,25,99e8202
3,production-verb-synthetic,1000,138,literal,gzip,388,363,25,99e8202
3,production-verb-synthetic,1000,139,compact,none,97,68,29,99e8202
3,production-verb-synthetic,1000,139,literal,none,911,886,25,99e8202
3,production-verb-synthetic,1000,139,literal,gzip,388,363,25,99e8202
3,production-verb-synthetic,1000,140,compact,none,97,68,29,99e8202
3,production-verb-synthetic,1000,140,literal,none,911,886,25,99e8202
3,production-verb-synthetic,1000,140,literal,gzip,388,363,25,99e8202
3,production-verb-synthetic,1000,141,compact,none,97,68,29,99e8202
3,production-verb-synthetic,1000,141,literal,none,911,886,25,99e8202
3,production-verb-synthetic,1000,141,literal,gzip,387,362,25,99e8202
3,production-verb-synthetic,1000,142,compact,none,96,67,29,99e8202
3,production-verb-synthetic,1000,142,literal,none,910,885,25,99e8202
3,production-verb-synthetic,1000,142,literal,gzip,386,361,25,99e8202
3,production-verb-synthetic,1000,143,compact,none,97,68,29,99e8202
3,production-verb-synthetic,1000,143,literal,none,911,886,25,99e8202
3,production-verb-synthetic,1000,143,literal,gzip,385,360,25,99e8202
3,production-verb-synthetic,1000,144,compact,none,97,68,29,99e8202
3,production-verb-synthetic,1000,144,literal,none,911,886,25,99e8202
3,production-verb-synthetic,1000,144,literal,gzip,388,363,25,99e8202
3,production-verb-synthetic,1000,145,compact,none,97,68,29,99e8202
3,production-verb-synthetic,1000,145,literal,none,911,886,25,99e8202
3,production-verb-synthetic,1000,145,literal,gzip,386,361,25,99e8202
3,production-verb-synthetic,1000,146,compact,none,97,68,29,99e8202
3,production-verb-synthetic,1000,146,literal,none,911,886,25,99e8202
3,production-verb-synthetic,1000,146,literal,gzip,388,363,25,99e8202
3,production-verb-synthetic,1000,147,compact,none,97,68,29,99e8202
3,production-verb-synthetic,1000,147,literal,none,911,886,25,99e8202
3,production-verb-synthetic,1000,147,literal,gzip,387,362,25,99e8202
3,production-verb-synthetic,1000,148,compact,none,97,68,29,99e8202
3,production-verb-synthetic,1000,148,literal,none,911,886,25,99e8202
3,production-verb-synthetic,1000,148,literal,gzip,389,364,25,99e8202
3,production-verb-synthetic,1000,149,compact,none,97,68,29,99e8202
3,production-verb-synthetic,1000,149,literal,none,911,886,25,99e8202
3,production-verb-synthetic,1000,149,literal,gzip,388,363,25,99e8202
3,production-verb-synthetic,1000,150,compact,none,97,68,29,99e8202
3,production-verb-synthetic,1000,150,literal,none,911,886,25,99e8202
3,production-verb-synthetic,1000,150,literal,gzip,388,363,25,99e8202
3,production-verb-synthetic,1000,151,compact,none,97,68,29,99e8202
3,production-verb-synthetic,1000,151,literal,none,911,886,25,99e8202
3,production-verb-synthetic,1000,151,literal,gzip,387,362,25,99e8202
3,production-verb-synthetic,1000,152,compact,none,97,68,29,99e8202
3,production-verb-synthetic,1000,152,literal,none,911,886,25,99e8202
3,production-verb-synthetic,1000,152,literal,gzip,388,363,25,99e8202
3,production-verb-synthetic,1000,153,compact,none,97,68,29,99e8202
3,production-verb-synthetic,1000,153,literal,none,911,886,25,99e8202
3,production-verb-synthetic,1000,153,literal,gzip,386,361,25,99e8202
3,production-verb-synthetic,1000,154,compact,none,97,68,29,99e8202
3,production-verb-synthetic,1000,154,literal,none,911,886,25,99e8202
3,production-verb-synthetic,1000,154,literal,gzip,388,363,25,99e8202
3,production-verb-synthetic,1000,155,compact,none,96,67,29,99e8202
3,production-verb-synthetic,1000,155,literal,none,910,885,25,99e8202
3,production-verb-synthetic,1000,155,literal,gzip,385,360,25,99e8202
3,production-verb-synthetic,1000,156,compact,none,97,68,29,99e8202
3,production-verb-synthetic,1000,156,literal,none,911,886,25,99e8202
3,production-verb-synthetic,1000,156,literal,gzip,388,363,25,99e8202
3,production-verb-synthetic,1000,157,compact,none,97,68,29,99e8202
3,production-verb-synthetic,1000,157,literal,none,911,886,25,99e8202
3,production-verb-synthetic,1000,157,literal,gzip,387,362,25,99e8202
3,production-verb-synthetic,1000,158,compact,none,97,68,29,99e8202
3,production-verb-synthetic,1000,158,literal,none,911,886,25,99e8202
3,production-verb-synthetic,1000,158,literal,gzip,388,363,25,99e8202
3,production-verb-synthetic,1000,159,compact,none,97,68,29,99e8202
3,production-verb-synthetic,1000,159,literal,none,911,886,25,99e8202
3,production-verb-synthetic,1000,159,literal,gzip,388,363,25,99e8202
3,production-verb-synthetic,1000,160,compact,none,97,68,29,99e8202
3,production-verb-synthetic,1000,160,literal,none,911,886,25,99e8202
3,production-verb-synthetic,1000,160,literal,gzip,388,363,25,99e8202
3,production-verb-synthetic,1000,161,compact,none,97,68,29,99e8202
3,production-verb-synthetic,1000,161,literal,none,911,886,25,99e8202
3,production-verb-synthetic,1000,161,literal,gzip,388,363,25,99e8202
3,production-verb-synthetic,1000,162,compact,none,97,68,29,99e8202
3,production-verb-synthetic,1000,162,literal,none,911,886,25,99e8202
3,production-verb-synthetic,1000,162,literal,gzip,387,362,25,99e8202
3,production-verb-synthetic,1000,163,compact,none,97,68,29,99e8202
3,production-verb-synthetic,1000,163,literal,none,911,886,25,99e8202
3,production-verb-synthetic,1000,163,literal,gzip,386,361,25,99e8202
3,production-verb-synthetic,1000,164,compact,none,97,68,29,99e8202
3,production-verb-synthetic,1000,164,literal,none,911,886,25,99e8202
3,production-verb-synthetic,1000,164,literal,gzip,389,364,25,99e8202
3,production-verb-synthetic,1000,165,compact,none,97,68,29,99e8202
3,production-verb-synthetic,1000,165,literal,none,911,886,25,99e8202
3,production-verb-synthetic,1000,165,literal,gzip,387,362,25,99e8202
3,production-verb-synthetic,1000,166,compact,none,97,68,29,99e8202
3,production-verb-synthetic,1000,166,literal,none,911,886,25,99e8202
3,production-verb-synthetic,1000,166,literal,gzip,388,363,25,99e8202
3,production-verb-synthetic,1000,167,compact,none,97,68,29,99e8202
3,production-verb-synthetic,1000,167,literal,none,911,886,25,99e8202
3,production-verb-synthetic,1000,167,literal,gzip,388,363,25,99e8202
3,production-verb-synthetic,1000,168,compact,none,96,67,29,99e8202
3,production-verb-synthetic,1000,168,literal,none,910,885,25,99e8202
3,production-verb-synthetic,1000,168,literal,gzip,388,363,25,99e8202
3,production-verb-synthetic,1000,169,compact,none,97,68,29,99e8202
3,production-verb-synthetic,1000,169,literal,none,911,886,25,99e8202
3,production-verb-synthetic,1000,169,literal,gzip,387,362,25,99e8202
3,production-verb-synthetic,1000,170,compact,none,97,68,29,99e8202
3,production-verb-synthetic,1000,170,literal,none,911,886,25,99e8202
3,production-verb-synthetic,1000,170,literal,gzip,387,362,25,99e8202
3,production-verb-synthetic,1000,171,compact,none,97,68,29,99e8202
3,production-verb-synthetic,1000,171,literal,none,911,886,25,99e8202
3,production-verb-synthetic,1000,171,literal,gzip,387,362,25,99e8202
3,production-verb-synthetic,1000,172,compact,none,97,68,29,99e8202
3,production-verb-synthetic,1000,172,literal,none,911,886,25,99e8202
3,production-verb-synthetic,1000,172,literal,gzip,387,362,25,99e8202
3,production-verb-synthetic,1000,173,compact,none,97,68,29,99e8202
3,production-verb-synthetic,1000,173,literal,none,911,886,25,99e8202
3,production-verb-synthetic,1000,173,literal,gzip,386,361,25,99e8202
3,production-verb-synthetic,1000,174,compact,none,97,68,29,99e8202
3,production-verb-synthetic,1000,174,literal,none,911,886,25,99e8202
3,production-verb-synthetic,1000,174,literal,gzip,388,363,25,99e8202
3,production-verb-synthetic,1000,175,compact,none,97,68,29,99e8202
3,production-verb-synthetic,1000,175,literal,none,911,886,25,99e8202
3,production-verb-synthetic,1000,175,literal,gzip,387,362,25,99e8202
3,production-verb-synthetic,1000,176,compact,none,97,68,29,99e8202
3,production-verb-synthetic,1000,176,literal,none,911,886,25,99e8202
3,production-verb-synthetic,1000,176,literal,gzip,389,364,25,99e8202
3,production-verb-synthetic,1000,177,compact,none,97,68,29,99e8202
3,production-verb-synthetic,1000,177,literal,none,911,886,25,99e8202
3,production-verb-synthetic,1000,177,literal,gzip,388,363,25,99e8202
3,production-verb-synthetic,1000,178,compact,none,97,68,29,99e8202
3,production-verb-synthetic,1000,178,literal,none,911,886,25,99e8202
3,production-verb-synthetic,1000,178,literal,gzip,388,363,25,99e8202
3,production-verb-synthetic,1000,179,compact,none,97,68,29,99e8202
3,production-verb-synthetic,1000,179,literal,none,911,886,25,99e8202
3,production-verb-synthetic,1000,179,literal,gzip,388,363,25,99e8202
3,production-verb-synthetic,1000,180,compact,none,96,67,29,99e8202
3,production-verb-synthetic,1000,180,literal,none,910,885,25,99e8202
3,production-verb-synthetic,1000,180,literal,gzip,386,361,25,99e8202
3,production-verb-synthetic,1000,181,compact,none,96,67,29,99e8202
3,production-verb-synthetic,1000,181,literal,none,910,885,25,99e8202
3,production-verb-synthetic,1000,181,literal,gzip,386,361,25,99e8202
3,production-verb-synthetic,1000,182,compact,none,97,68,29,99e8202
3,production-verb-synthetic,1000,182,literal,none,911,886,25,99e8202
3,production-verb-synthetic,1000,182,literal,gzip,387,362,25,99e8202
3,production-verb-synthetic,1000,183,compact,none,97,68,29,99e8202
3,production-verb-synthetic,1000,183,literal,none,911,886,25,99e8202
3,production-verb-synthetic,1000,183,literal,gzip,386,361,25,99e8202
3,production-verb-synthetic,1000,184,compact,none,97,68,29,99e8202
3,production-verb-synthetic,1000,184,literal,none,911,886,25,99e8202
3,production-verb-synthetic,1000,184,literal,gzip,388,363,25,99e8202
3,production-verb-synthetic,1000,185,compact,none,97,68,29,99e8202
3,production-verb-synthetic,1000,185,literal,none,911,886,25,99e8202
3,production-verb-synthetic,1000,185,literal,gzip,387,362,25,99e8202
3,production-verb-synthetic,1000,186,compact,none,97,68,29,99e8202
3,production-verb-synthetic,1000,186,literal,none,911,886,25,99e8202
3,production-verb-synthetic,1000,186,literal,gzip,388,363,25,99e8202
3,production-verb-synthetic,1000,187,compact,none,97,68,29,99e8202
3,production-verb-synthetic,1000,187,literal,none,911,886,25,99e8202
3,production-verb-synthetic,1000,187,literal,gzip,388,363,25,99e8202
3,production-verb-synthetic,1000,188,compact,none,97,68,29,99e8202
3,production-verb-synthetic,1000,188,literal,none,911,886,25,99e8202
3,production-verb-synthetic,1000,188,literal,gzip,389,364,25,99e8202
3,production-verb-synthetic,1000,189,compact,none,97,68,29,99e8202
3,production-verb-synthetic,1000,189,literal,none,911,886,25,99e8202
3,production-verb-synthetic,1000,189,literal,gzip,388,363,25,99e8202
3,production-verb-synthetic,1000,190,compact,none,97,68,29,99e8202
3,production-verb-synthetic,1000,190,literal,none,911,886,25,99e8202
3,production-verb-synthetic,1000,190,literal,gzip,388,363,25,99e8202
3,production-verb-synthetic,1000,191,compact,none,97,68,29,99e8202
3,production-verb-synthetic,1000,191,literal,none,911,886,25,99e8202
3,production-verb-synthetic,1000,191,literal,gzip,387,362,25,99e8202
3,production-verb-synthetic,1000,192,compact,none,97,68,29,99e8202
3,production-verb-synthetic,1000,192,literal,none,911,886,25,99e8202
3,production-verb-synthetic,1000,192,literal,gzip,388,363,25,99e8202
3,production-verb-synthetic,1000,193,compact,none,96,67,29,99e8202
3,production-verb-synthetic,1000,193,literal,none,910,885,25,99e8202
3,production-verb-synthetic,1000,193,literal,gzip,384,359,25,99e8202
3,production-verb-synthetic,1000,194,compact,none,96,67,29,99e8202
3,production-verb-synthetic,1000,194,literal,none,910,885,25,99e8202
3,production-verb-synthetic,1000,194,literal,gzip,387,362,25,99e8202
3,production-verb-synthetic,1000,195,compact,none,97,68,29,99e8202
3,production-verb-synthetic,1000,195,literal,none,911,886,25,99e8202
3,production-verb-synthetic,1000,195,literal,gzip,386,361,25,99e8202
3,production-verb-synthetic,1000,196,compact,none,97,68,29,99e8202
3,production-verb-synthetic,1000,196,literal,none,911,886,25,99e8202
3,production-verb-synthetic,1000,196,literal,gzip,388,363,25,99e8202
3,production-verb-synthetic,1000,197,compact,none,97,68,29,99e8202
3,production-verb-synthetic,1000,197,literal,none,911,886,25,99e8202
3,production-verb-synthetic,1000,197,literal,gzip,387,362,25,99e8202
3,production-verb-synthetic,1000,198,compact,none,97,68,29,99e8202
3,production-verb-synthetic,1000,198,literal,none,911,886,25,99e8202
3,production-verb-synthetic,1000,198,literal,gzip,387,362,25,99e8202
3,production-verb-synthetic,1000,199,compact,none,97,68,29,99e8202
3,production-verb-synthetic,1000,199,literal,none,911,886,25,99e8202
3,production-verb-synthetic,1000,199,literal,gzip,388,363,25,99e8202
3,production-verb-synthetic,1000,200,compact,none,97,68,29,99e8202
3,production-verb-synthetic,1000,200,literal,none,911,886,25,99e8202
3,production-verb-synthetic,1000,200,literal,gzip,387,362,25,99e8202
3,production-verb-synthetic,1000,201,compact,none,97,68,29,99e8202
3,production-verb-synthetic,1000,201,literal,none,911,886,25,99e8202
3,production-verb-synthetic,1000,201,literal,gzip,388,363,25,99e8202
3,production-verb-synthetic,1000,202,compact,none,97,68,29,99e8202
3,production-verb-synthetic,1000,202,literal,none,911,886,25,99e8202
3,production-verb-synthetic,1000,202,literal,gzip,387,362,25,99e8202
3,production-verb-synthetic,1000,203,compact,none,97,68,29,99e8202
3,production-verb-synthetic,1000,203,literal,none,911,886,25,99e8202
3,production-verb-synthetic,1000,203,literal,gzip,385,360,25,99e8202
3,production-verb-synthetic,1000,204,compact,none,97,68,29,99e8202
3,production-verb-synthetic,1000,204,literal,none,911,886,25,99e8202
3,production-verb-synthetic,1000,204,literal,gzip,388,363,25,99e8202
3,production-verb-synthetic,1000,205,compact,none,97,68,29,99e8202
3,production-verb-synthetic,1000,205,literal,none,911,886,25,99e8202
3,production-verb-synthetic,1000,205,literal,gzip,386,361,25,99e8202
3,production-verb-synthetic,1000,206,compact,none,96,67,29,99e8202
3,production-verb-synthetic,1000,206,literal,none,910,885,25,99e8202
3,production-verb-synthetic,1000,206,literal,gzip,385,360,25,99e8202
3,production-verb-synthetic,1000,207,compact,none,96,67,29,99e8202
3,production-verb-synthetic,1000,207,literal,none,910,885,25,99e8202
3,production-verb-synthetic,1000,207,literal,gzip,386,361,25,99e8202
3,production-verb-synthetic,1000,208,compact,none,97,68,29,99e8202
3,production-verb-synthetic,1000,208,literal,none,911,886,25,99e8202
3,production-verb-synthetic,1000,208,literal,gzip,386,361,25,99e8202
3,production-verb-synthetic,1000,209,compact,none,97,68,29,99e8202
3,production-verb-synthetic,1000,209,literal,none,911,886,25,99e8202
3,production-verb-synthetic,1000,209,literal,gzip,386,361,25,99e8202
3,production-verb-synthetic,1000,210,compact,none,97,68,29,99e8202
3,production-verb-synthetic,1000,210,literal,none,911,886,25,99e8202
3,production-verb-synthetic,1000,210,literal,gzip,386,361,25,99e8202
3,production-verb-synthetic,1000,211,compact,none,97,68,29,99e8202
3,production-verb-synthetic,1000,211,literal,none,911,886,25,99e8202
3,production-verb-synthetic,1000,211,literal,gzip,386,361,25,99e8202
3,production-verb-synthetic,1000,212,compact,none,97,68,29,99e8202
3,production-verb-synthetic,1000,212,literal,none,911,886,25,99e8202
3,production-verb-synthetic,1000,212,literal,gzip,387,362,25,99e8202
3,production-verb-synthetic,1000,213,compact,none,97,68,29,99e8202
3,production-verb-synthetic,1000,213,literal,none,911,886,25,99e8202
3,production-verb-synthetic,1000,213,literal,gzip,386,361,25,99e8202
3,production-verb-synthetic,1000,214,compact,none,97,68,29,99e8202
3,production-verb-synthetic,1000,214,literal,none,911,886,25,99e8202
3,production-verb-synthetic,1000,214,literal,gzip,388,363,25,99e8202
3,production-verb-synthetic,1000,215,compact,none,97,68,29,99e8202
3,production-verb-synthetic,1000,215,literal,none,911,886,25,99e8202
3,production-verb-synthetic,1000,215,literal,gzip,386,361,25,99e8202
3,production-verb-synthetic,1000,216,compact,none,97,68,29,99e8202
3,production-verb-synthetic,1000,216,literal,none,911,886,25,99e8202
3,production-verb-synthetic,1000,216,literal,gzip,388,363,25,99e8202
3,production-verb-synthetic,1000,217,compact,none,97,68,29,99e8202
3,production-verb-synthetic,1000,217,literal,none,911,886,25,99e8202
3,production-verb-synthetic,1000,217,literal,gzip,387,362,25,99e8202
3,production-verb-synthetic,1000,218,compact,none,97,68,29,99e8202
3,production-verb-synthetic,1000,218,literal,none,911,886,25,99e8202
3,production-verb-synthetic,1000,218,literal,gzip,388,363,25,99e8202
3,production-verb-synthetic,1000,219,compact,none,96,67,29,99e8202
3,production-verb-synthetic,1000,219,literal,none,910,885,25,99e8202
3,production-verb-synthetic,1000,219,literal,gzip,385,360,25,99e8202
3,production-verb-synthetic,1000,220,compact,none,97,68,29,99e8202
3,production-verb-synthetic,1000,220,literal,none,911,886,25,99e8202
3,production-verb-synthetic,1000,220,literal,gzip,385,360,25,99e8202
3,production-verb-synthetic,1000,221,compact,none,97,68,29,99e8202
3,production-verb-synthetic,1000,221,literal,none,911,886,25,99e8202
3,production-verb-synthetic,1000,221,literal,gzip,385,360,25,99e8202
3,production-verb-synthetic,1000,222,compact,none,97,68,29,99e8202
3,production-verb-synthetic,1000,222,literal,none,911,886,25,99e8202
3,production-verb-synthetic,1000,222,literal,gzip,386,361,25,99e8202
3,production-verb-synthetic,1000,223,compact,none,97,68,29,99e8202
3,production-verb-synthetic,1000,223,literal,none,911,886,25,99e8202
3,production-verb-synthetic,1000,223,literal,gzip,385,360,25,99e8202
3,production-verb-synthetic,1000,224,compact,none,97,68,29,99e8202
3,production-verb-synthetic,1000,224,literal,none,911,886,25,99e8202
3,production-verb-synthetic,1000,224,literal,gzip,387,362,25,99e8202
3,production-verb-synthetic,1000,225,compact,none,97,68,29,99e8202
3,production-verb-synthetic,1000,225,literal,none,911,886,25,99e8202
3,production-verb-synthetic,1000,225,literal,gzip,387,362,25,99e8202
3,production-verb-synthetic,1000,226,compact,none,97,68,29,99e8202
3,production-verb-synthetic,1000,226,literal,none,911,886,25,99e8202
3,production-verb-synthetic,1000,226,literal,gzip,388,363,25,99e8202
3,production-verb-synthetic,1000,227,compact,none,97,68,29,99e8202
3,production-verb-synthetic,1000,227,literal,none,911,886,25,99e8202
3,production-verb-synthetic,1000,227,literal,gzip,387,362,25,99e8202
3,production-verb-synthetic,1000,228,compact,none,97,68,29,99e8202
3,production-verb-synthetic,1000,228,literal,none,911,886,25,99e8202
3,production-verb-synthetic,1000,228,literal,gzip,388,363,25,99e8202
3,production-verb-synthetic,1000,229,compact,none,97,68,29,99e8202
3,production-verb-synthetic,1000,229,literal,none,911,886,25,99e8202
3,production-verb-synthetic,1000,229,literal,gzip,387,362,25,99e8202
3,production-verb-synthetic,1000,230,compact,none,97,68,29,99e8202
3,production-verb-synthetic,1000,230,literal,none,911,886,25,99e8202
3,production-verb-synthetic,1000,230,literal,gzip,388,363,25,99e8202
3,production-verb-synthetic,1000,231,compact,none,97,68,29,99e8202
3,production-verb-synthetic,1000,231,literal,none,911,886,25,99e8202
3,production-verb-synthetic,1000,231,literal,gzip,387,362,25,99e8202
3,production-verb-synthetic,1000,232,compact,none,96,67,29,99e8202
3,production-verb-synthetic,1000,232,literal,none,910,885,25,99e8202
3,production-verb-synthetic,1000,232,literal,gzip,386,361,25,99e8202
3,production-verb-synthetic,1000,233,compact,none,97,68,29,99e8202
3,production-verb-synthetic,1000,233,literal,none,911,886,25,99e8202
3,production-verb-synthetic,1000,233,literal,gzip,385,360,25,99e8202
3,production-verb-synthetic,1000,234,compact,none,97,68,29,99e8202
3,production-verb-synthetic,1000,234,literal,none,911,886,25,99e8202
3,production-verb-synthetic,1000,234,literal,gzip,387,362,25,99e8202
3,production-verb-synthetic,1000,235,compact,none,97,68,29,99e8202
3,production-verb-synthetic,1000,235,literal,none,911,886,25,99e8202
3,production-verb-synthetic,1000,235,literal,gzip,386,361,25,99e8202
3,production-verb-synthetic,1000,236,compact,none,97,68,29,99e8202
3,production-verb-synthetic,1000,236,literal,none,911,886,25,99e8202
3,production-verb-synthetic,1000,236,literal,gzip,388,363,25,99e8202
3,production-verb-synthetic,1000,237,compact,none,97,68,29,99e8202
3,production-verb-synthetic,1000,237,literal,none,911,886,25,99e8202
3,production-verb-synthetic,1000,237,literal,gzip,387,362,25,99e8202
3,production-verb-synthetic,1000,238,compact,none,97,68,29,99e8202
3,production-verb-synthetic,1000,238,literal,none,911,886,25,99e8202
3,production-verb-synthetic,1000,238,literal,gzip,388,363,25,99e8202
3,production-verb-synthetic,1000,239,compact,none,97,68,29,99e8202
3,production-verb-synthetic,1000,239,literal,none,911,886,25,99e8202
3,production-verb-synthetic,1000,239,literal,gzip,388,363,25,99e8202
3,production-verb-synthetic,1000,240,compact,none,97,68,29,99e8202
3,production-verb-synthetic,1000,240,literal,none,911,886,25,99e8202
3,production-verb-synthetic,1000,240,literal,gzip,387,362,25,99e8202
3,production-verb-synthetic,1000,241,compact,none,97,68,29,99e8202
3,production-verb-synthetic,1000,241,literal,none,911,886,25,99e8202
3,production-verb-synthetic,1000,241,literal,gzip,388,363,25,99e8202
3,production-verb-synthetic,1000,242,compact,none,97,68,29,99e8202
3,production-verb-synthetic,1000,242,literal,none,911,886,25,99e8202
3,production-verb-synthetic,1000,242,literal,gzip,387,362,25,99e8202
3,production-verb-synthetic,1000,243,compact,none,97,68,29,99e8202
3,production-verb-synthetic,1000,243,literal,none,911,886,25,99e8202
3,production-verb-synthetic,1000,243,literal,gzip,386,361,25,99e8202
3,production-verb-synthetic,1000,244,compact,none,97,68,29,99e8202
3,production-verb-synthetic,1000,244,literal,none,911,886,25,99e8202
3,production-verb-synthetic,1000,244,literal,gzip,388,363,25,99e8202
3,production-verb-synthetic,1000,245,compact,none,96,67,29,99e8202
3,production-verb-synthetic,1000,245,literal,none,910,885,25,99e8202
3,production-verb-synthetic,1000,245,literal,gzip,385,360,25,99e8202
3,production-verb-synthetic,1000,246,compact,none,97,68,29,99e8202
3,production-verb-synthetic,1000,246,literal,none,911,886,25,99e8202
3,production-verb-synthetic,1000,246,literal,gzip,387,362,25,99e8202
3,production-verb-synthetic,1000,247,compact,none,97,68,29,99e8202
3,production-verb-synthetic,1000,247,literal,none,911,886,25,99e8202
3,production-verb-synthetic,1000,247,literal,gzip,387,362,25,99e8202
3,production-verb-synthetic,1000,248,compact,none,97,68,29,99e8202
3,production-verb-synthetic,1000,248,literal,none,911,886,25,99e8202
3,production-verb-synthetic,1000,248,literal,gzip,388,363,25,99e8202
3,production-verb-synthetic,1000,249,compact,none,97,68,29,99e8202
3,production-verb-synthetic,1000,249,literal,none,911,886,25,99e8202
3,production-verb-synthetic,1000,249,literal,gzip,387,362,25,99e8202
3,production-verb-synthetic,1000,250,compact,none,97,68,29,99e8202
3,production-verb-synthetic,1000,250,literal,none,911,886,25,99e8202
3,production-verb-synthetic,1000,250,literal,gzip,388,363,25,99e8202
3,production-verb-synthetic,1000,251,compact,none,97,68,29,99e8202
3,production-verb-synthetic,1000,251,literal,none,911,886,25,99e8202
3,production-verb-synthetic,1000,251,literal,gzip,387,362,25,99e8202
3,production-verb-synthetic,1000,252,compact,none,97,68,29,99e8202
3,production-verb-synthetic,1000,252,literal,none,911,886,25,99e8202
3,production-verb-synthetic,1000,252,literal,gzip,388,363,25,99e8202
3,production-verb-synthetic,1000,253,compact,none,97,68,29,99e8202
3,production-verb-synthetic,1000,253,literal,none,911,886,25,99e8202
3,production-verb-synthetic,1000,253,literal,gzip,386,361,25,99e8202
3,production-verb-synthetic,1000,254,compact,none,97,68,29,99e8202
3,production-verb-synthetic,1000,254,literal,none,911,886,25,99e8202
3,production-verb-synthetic,1000,254,literal,gzip,388,363,25,99e8202
3,production-verb-synthetic,1000,255,compact,none,97,68,29,99e8202
3,production-verb-synthetic,1000,255,literal,none,911,886,25,99e8202
3,production-verb-synthetic,1000,255,literal,gzip,386,361,25,99e8202
3,production-verb-synthetic,1000,256,compact,none,97,68,29,99e8202
3,production-verb-synthetic,1000,256,literal,none,911,886,25,99e8202
3,production-verb-synthetic,1000,256,literal,gzip,389,364,25,99e8202
3,production-verb-synthetic,1000,257,compact,none,97,68,29,99e8202
3,production-verb-synthetic,1000,257,literal,none,911,886,25,99e8202
3,production-verb-synthetic,1000,257,literal,gzip,388,363,25,99e8202
3,production-verb-synthetic,1000,258,compact,none,96,67,29,99e8202
3,production-verb-synthetic,1000,258,literal,none,910,885,25,99e8202
3,production-verb-synthetic,1000,258,literal,gzip,387,362,25,99e8202
3,production-verb-synthetic,1000,259,compact,none,97,68,29,99e8202
3,production-verb-synthetic,1000,259,literal,none,911,886,25,99e8202
3,production-verb-synthetic,1000,259,literal,gzip,386,361,25,99e8202
3,production-verb-synthetic,1000,260,compact,none,97,68,29,99e8202
3,production-verb-synthetic,1000,260,literal,none,911,886,25,99e8202
3,production-verb-synthetic,1000,260,literal,gzip,387,362,25,99e8202
3,production-verb-synthetic,1000,261,compact,none,97,68,29,99e8202
3,production-verb-synthetic,1000,261,literal,none,911,886,25,99e8202
3,production-verb-synthetic,1000,261,literal,gzip,387,362,25,99e8202
3,production-verb-synthetic,1000,262,compact,none,97,68,29,99e8202
3,production-verb-synthetic,1000,262,literal,none,911,886,25,99e8202
3,production-verb-synthetic,1000,262,literal,gzip,386,361,25,99e8202
3,production-verb-synthetic,1000,263,compact,none,97,68,29,99e8202
3,production-verb-synthetic,1000,263,literal,none,911,886,25,99e8202
3,production-verb-synthetic,1000,263,literal,gzip,386,361,25,99e8202
3,production-verb-synthetic,1000,264,compact,none,97,68,29,99e8202
3,production-verb-synthetic,1000,264,literal,none,911,886,25,99e8202
3,production-verb-synthetic,1000,264,literal,gzip,388,363,25,99e8202
3,production-verb-synthetic,1000,265,compact,none,97,68,29,99e8202
3,production-verb-synthetic,1000,265,literal,none,911,886,25,99e8202
3,production-verb-synthetic,1000,265,literal,gzip,387,362,25,99e8202
3,production-verb-synthetic,1000,266,compact,none,97,68,29,99e8202
3,production-verb-synthetic,1000,266,literal,none,911,886,25,99e8202
3,production-verb-synthetic,1000,266,literal,gzip,387,362,25,99e8202
3,production-verb-synthetic,1000,267,compact,none,97,68,29,99e8202
3,production-verb-synthetic,1000,267,literal,none,911,886,25,99e8202
3,production-verb-synthetic,1000,267,literal,gzip,387,362,25,99e8202
3,production-verb-synthetic,1000,268,compact,none,97,68,29,99e8202
3,production-verb-synthetic,1000,268,literal,none,911,886,25,99e8202
3,production-verb-synthetic,1000,268,literal,gzip,389,364,25,99e8202
3,production-verb-synthetic,1000,269,compact,none,97,68,29,99e8202
3,production-verb-synthetic,1000,269,literal,none,911,886,25,99e8202
3,production-verb-synthetic,1000,269,literal,gzip,388,363,25,99e8202
3,production-verb-synthetic,1000,270,compact,none,96,67,29,99e8202
3,production-verb-synthetic,1000,270,literal,none,910,885,25,99e8202
3,production-verb-synthetic,1000,270,literal,gzip,387,362,25,99e8202
3,production-verb-synthetic,1000,271,compact,none,96,67,29,99e8202
3,production-verb-synthetic,1000,271,literal,none,910,885,25,99e8202
3,production-verb-synthetic,1000,271,literal,gzip,386,361,25,99e8202
3,production-verb-synthetic,1000,272,compact,none,97,68,29,99e8202
3,production-verb-synthetic,1000,272,literal,none,911,886,25,99e8202
3,production-verb-synthetic,1000,272,literal,gzip,386,361,25,99e8202
3,production-verb-synthetic,1000,273,compact,none,97,68,29,99e8202
3,production-verb-synthetic,1000,273,literal,none,911,886,25,99e8202
3,production-verb-synthetic,1000,273,literal,gzip,385,360,25,99e8202
3,production-verb-synthetic,1000,274,compact,none,97,68,29,99e8202
3,production-verb-synthetic,1000,274,literal,none,911,886,25,99e8202
3,production-verb-synthetic,1000,274,literal,gzip,387,362,25,99e8202
3,production-verb-synthetic,1000,275,compact,none,97,68,29,99e8202
3,production-verb-synthetic,1000,275,literal,none,911,886,25,99e8202
3,production-verb-synthetic,1000,275,literal,gzip,386,361,25,99e8202
3,production-verb-synthetic,1000,276,compact,none,97,68,29,99e8202
3,production-verb-synthetic,1000,276,literal,none,911,886,25,99e8202
3,production-verb-synthetic,1000,276,literal,gzip,389,364,25,99e8202
3,production-verb-synthetic,1000,277,compact,none,97,68,29,99e8202
3,production-verb-synthetic,1000,277,literal,none,911,886,25,99e8202
3,production-verb-synthetic,1000,277,literal,gzip,388,363,25,99e8202
3,production-verb-synthetic,1000,278,compact,none,97,68,29,99e8202
3,production-verb-synthetic,1000,278,literal,none,911,886,25,99e8202
3,production-verb-synthetic,1000,278,literal,gzip,388,363,25,99e8202
3,production-verb-synthetic,1000,279,compact,none,97,68,29,99e8202
3,production-verb-synthetic,1000,279,literal,none,911,886,25,99e8202
3,production-verb-synthetic,1000,279,literal,gzip,388,363,25,99e8202
3,production-verb-synthetic,1000,280,compact,none,97,68,29,99e8202
3,production-verb-synthetic,1000,280,literal,none,911,886,25,99e8202
3,production-verb-synthetic,1000,280,literal,gzip,387,362,25,99e8202
3,production-verb-synthetic,1000,281,compact,none,97,68,29,99e8202
3,production-verb-synthetic,1000,281,literal,none,911,886,25,99e8202
3,production-verb-synthetic,1000,281,literal,gzip,387,362,25,99e8202
3,production-verb-synthetic,1000,282,compact,none,97,68,29,99e8202
3,production-verb-synthetic,1000,282,literal,none,911,886,25,99e8202
3,production-verb-synthetic,1000,282,literal,gzip,387,362,25,99e8202
3,production-verb-synthetic,1000,283,compact,none,96,67,29,99e8202
3,production-verb-synthetic,1000,283,literal,none,910,885,25,99e8202
3,production-verb-synthetic,1000,283,literal,gzip,384,359,25,99e8202
3,production-verb-synthetic,1000,284,compact,none,96,67,29,99e8202
3,production-verb-synthetic,1000,284,literal,none,910,885,25,99e8202
3,production-verb-synthetic,1000,284,literal,gzip,388,363,25,99e8202
3,production-verb-synthetic,1000,285,compact,none,97,68,29,99e8202
3,production-verb-synthetic,1000,285,literal,none,911,886,25,99e8202
3,production-verb-synthetic,1000,285,literal,gzip,386,361,25,99e8202
3,production-verb-synthetic,1000,286,compact,none,97,68,29,99e8202
3,production-verb-synthetic,1000,286,literal,none,911,886,25,99e8202
3,production-verb-synthetic,1000,286,literal,gzip,387,362,25,99e8202
3,production-verb-synthetic,1000,287,compact,none,97,68,29,99e8202
3,production-verb-synthetic,1000,287,literal,none,911,886,25,99e8202
3,production-verb-synthetic,1000,287,literal,gzip,387,362,25,99e8202
3,production-verb-synthetic,1000,288,compact,none,97,68,29,99e8202
3,production-verb-synthetic,1000,288,literal,none,911,886,25,99e8202
3,production-verb-synthetic,1000,288,literal,gzip,388,363,25,99e8202
3,production-verb-synthetic,1000,289,compact,none,97,68,29,99e8202
3,production-verb-synthetic,1000,289,literal,none,911,886,25,99e8202
3,production-verb-synthetic,1000,289,literal,gzip,388,363,25,99e8202
3,production-verb-synthetic,1000,290,compact,none,97,68,29,99e8202
3,production-verb-synthetic,1000,290,literal,none,911,886,25,99e8202
3,production-verb-synthetic,1000,290,literal,gzip,388,363,25,99e8202
3,production-verb-synthetic,1000,291,compact,none,97,68,29,99e8202
3,production-verb-synthetic,1000,291,literal,none,911,886,25,99e8202
3,production-verb-synthetic,1000,291,literal,gzip,387,362,25,99e8202
3,production-verb-synthetic,1000,292,compact,none,97,68,29,99e8202
3,production-verb-synthetic,1000,292,literal,none,911,886,25,99e8202
3,production-verb-synthetic,1000,292,literal,gzip,388,363,25,99e8202
3,production-verb-synthetic,1000,293,compact,none,97,68,29,99e8202
3,production-verb-synthetic,1000,293,literal,none,911,886,25,99e8202
3,production-verb-synthetic,1000,293,literal,gzip,386,361,25,99e8202
3,production-verb-synthetic,1000,294,compact,none,97,68,29,99e8202
3,production-verb-synthetic,1000,294,literal,none,911,886,25,99e8202
3,production-verb-synthetic,1000,294,literal,gzip,388,363,25,99e8202
3,production-verb-synthetic,1000,295,compact,none,97,68,29,99e8202
3,production-verb-synthetic,1000,295,literal,none,911,886,25,99e8202
3,production-verb-synthetic,1000,295,literal,gzip,387,362,25,99e8202
3,production-verb-synthetic,1000,296,compact,none,96,67,29,99e8202
3,production-verb-synthetic,1000,296,literal,none,910,885,25,99e8202
3,production-verb-synthetic,1000,296,literal,gzip,387,362,25,99e8202
3,production-verb-synthetic,1000,297,compact,none,96,67,29,99e8202
3,production-verb-synthetic,1000,297,literal,none,910,885,25,99e8202
3,production-verb-synthetic,1000,297,literal,gzip,387,362,25,99e8202
3,production-verb-synthetic,1000,298,compact,none,97,68,29,99e8202
3,production-verb-synthetic,1000,298,literal,none,911,886,25,99e8202
3,production-verb-synthetic,1000,298,literal,gzip,387,362,25,99e8202
3,production-verb-synthetic,1000,299,compact,none,97,68,29,99e8202
3,production-verb-synthetic,1000,299,literal,none,911,886,25,99e8202
3,production-verb-synthetic,1000,299,literal,gzip,387,362,25,99e8202
3,production-verb-synthetic,1000,300,compact,none,97,68,29,99e8202
3,production-verb-synthetic,1000,300,literal,none,911,886,25,99e8202
3,production-verb-synthetic,1000,300,literal,gzip,386,361,25,99e8202
3,production-verb-synthetic,1000,301,compact,none,97,68,29,99e8202
3,production-verb-synthetic,1000,301,literal,none,911,886,25,99e8202
3,production-verb-synthetic,1000,301,literal,gzip,386,361,25,99e8202
3,production-verb-synthetic,1000,302,compact,none,97,68,29,99e8202
3,production-verb-synthetic,1000,302,literal,none,911,886,25,99e8202
3,production-verb-synthetic,1000,302,literal,gzip,387,362,25,99e8202
3,production-verb-synthetic,1000,303,compact,none,97,68,29,99e8202
3,production-verb-synthetic,1000,303,literal,none,911,886,25,99e8202
3,production-verb-synthetic,1000,303,literal,gzip,386,361,25,99e8202
3,production-verb-synthetic,1000,304,compact,none,97,68,29,99e8202
3,production-verb-synthetic,1000,304,literal,none,911,886,25,99e8202
3,production-verb-synthetic,1000,304,literal,gzip,388,363,25,99e8202
3,production-verb-synthetic,1000,305,compact,none,97,68,29,99e8202
3,production-verb-synthetic,1000,305,literal,none,911,886,25,99e8202
3,production-verb-synthetic,1000,305,literal,gzip,387,362,25,99e8202
3,production-verb-synthetic,1000,306,compact,none,97,68,29,99e8202
3,production-verb-synthetic,1000,306,literal,none,911,886,25,99e8202
3,production-verb-synthetic,1000,306,literal,gzip,387,362,25,99e8202
3,production-verb-synthetic,1000,307,compact,none,97,68,29,99e8202
3,production-verb-synthetic,1000,307,literal,none,911,886,25,99e8202
3,production-verb-synthetic,1000,307,literal,gzip,388,363,25,99e8202
3,production-verb-synthetic,1000,308,compact,none,97,68,29,99e8202
3,production-verb-synthetic,1000,308,literal,none,911,886,25,99e8202
3,production-verb-synthetic,1000,308,literal,gzip,388,363,25,99e8202
3,production-verb-synthetic,1000,309,compact,none,96,67,29,99e8202
3,production-verb-synthetic,1000,309,literal,none,910,885,25,99e8202
3,production-verb-synthetic,1000,309,literal,gzip,385,360,25,99e8202
3,production-verb-synthetic,1000,310,compact,none,97,68,29,99e8202
3,production-verb-synthetic,1000,310,literal,none,911,886,25,99e8202
3,production-verb-synthetic,1000,310,literal,gzip,386,361,25,99e8202
3,production-verb-synthetic,1000,311,compact,none,97,68,29,99e8202
3,production-verb-synthetic,1000,311,literal,none,911,886,25,99e8202
3,production-verb-synthetic,1000,311,literal,gzip,386,361,25,99e8202
3,production-verb-synthetic,1000,312,compact,none,97,68,29,99e8202
3,production-verb-synthetic,1000,312,literal,none,911,886,25,99e8202
3,production-verb-synthetic,1000,312,literal,gzip,387,362,25,99e8202
3,production-verb-synthetic,1000,313,compact,none,97,68,29,99e8202
3,production-verb-synthetic,1000,313,literal,none,911,886,25,99e8202
3,production-verb-synthetic,1000,313,literal,gzip,385,360,25,99e8202
3,production-verb-synthetic,1000,314,compact,none,97,68,29,99e8202
3,production-verb-synthetic,1000,314,literal,none,911,886,25,99e8202
3,production-verb-synthetic,1000,314,literal,gzip,387,362,25,99e8202
3,production-verb-synthetic,1000,315,compact,none,97,68,29,99e8202
3,production-verb-synthetic,1000,315,literal,none,911,886,25,99e8202
3,production-verb-synthetic,1000,315,literal,gzip,386,361,25,99e8202
3,production-verb-synthetic,1000,316,compact,none,97,68,29,99e8202
3,production-verb-synthetic,1000,316,literal,none,911,886,25,99e8202
3,production-verb-synthetic,1000,316,literal,gzip,388,363,25,99e8202
3,production-verb-synthetic,1000,317,compact,none,97,68,29,99e8202
3,production-verb-synthetic,1000,317,literal,none,911,886,25,99e8202
3,production-verb-synthetic,1000,317,literal,gzip,388,363,25,99e8202
3,production-verb-synthetic,1000,318,compact,none,97,68,29,99e8202
3,production-verb-synthetic,1000,318,literal,none,911,886,25,99e8202
3,production-verb-synthetic,1000,318,literal,gzip,388,363,25,99e8202
3,production-verb-synthetic,1000,319,compact,none,97,68,29,99e8202
3,production-verb-synthetic,1000,319,literal,none,911,886,25,99e8202
3,production-verb-synthetic,1000,319,literal,gzip,387,362,25,99e8202
3,production-verb-synthetic,1000,320,compact,none,97,68,29,99e8202
3,production-verb-synthetic,1000,320,literal,none,911,886,25,99e8202
3,production-verb-synthetic,1000,320,literal,gzip,387,362,25,99e8202
3,production-verb-synthetic,1000,321,compact,none,97,68,29,99e8202
3,production-verb-synthetic,1000,321,literal,none,911,886,25,99e8202
3,production-verb-synthetic,1000,321,literal,gzip,387,362,25,99e8202
3,production-verb-synthetic,1000,322,compact,none,96,67,29,99e8202
3,production-verb-synthetic,1000,322,literal,none,910,885,25,99e8202
3,production-verb-synthetic,1000,322,literal,gzip,386,361,25,99e8202
3,production-verb-synthetic,1000,323,compact,none,97,68,29,99e8202
3,production-verb-synthetic,1000,323,literal,none,911,886,25,99e8202
3,production-verb-synthetic,1000,323,literal,gzip,386,361,25,99e8202
3,production-verb-synthetic,1000,324,compact,none,97,68,29,99e8202
3,production-verb-synthetic,1000,324,literal,none,911,886,25,99e8202
3,production-verb-synthetic,1000,324,literal,gzip,387,362,25,99e8202
3,production-verb-synthetic,1000,325,compact,none,97,68,29,99e8202
3,production-verb-synthetic,1000,325,literal,none,911,886,25,99e8202
3,production-verb-synthetic,1000,325,literal,gzip,387,362,25,99e8202
3,production-verb-synthetic,1000,326,compact,none,97,68,29,99e8202
3,production-verb-synthetic,1000,326,literal,none,911,886,25,99e8202
3,production-verb-synthetic,1000,326,literal,gzip,387,362,25,99e8202
3,production-verb-synthetic,1000,327,compact,none,97,68,29,99e8202
3,production-verb-synthetic,1000,327,literal,none,911,886,25,99e8202
3,production-verb-synthetic,1000,327,literal,gzip,386,361,25,99e8202
3,production-verb-synthetic,1000,328,compact,none,97,68,29,99e8202
3,production-verb-synthetic,1000,328,literal,none,911,886,25,99e8202
3,production-verb-synthetic,1000,328,literal,gzip,389,364,25,99e8202
3,production-verb-synthetic,1000,329,compact,none,97,68,29,99e8202
3,production-verb-synthetic,1000,329,literal,none,911,886,25,99e8202
3,production-verb-synthetic,1000,329,literal,gzip,388,363,25,99e8202
3,production-verb-synthetic,1000,330,compact,none,97,68,29,99e8202
3,production-verb-synthetic,1000,330,literal,none,911,886,25,99e8202
3,production-verb-synthetic,1000,330,literal,gzip,388,363,25,99e8202
3,production-verb-synthetic,1000,331,compact,none,97,68,29,99e8202
3,production-verb-synthetic,1000,331,literal,none,911,886,25,99e8202
3,production-verb-synthetic,1000,331,literal,gzip,387,362,25,99e8202
3,production-verb-synthetic,1000,332,compact,none,97,68,29,99e8202
3,production-verb-synthetic,1000,332,literal,none,911,886,25,99e8202
3,production-verb-synthetic,1000,332,literal,gzip,388,363,25,99e8202
3,production-verb-synthetic,1000,333,compact,none,97,68,29,99e8202
3,production-verb-synthetic,1000,333,literal,none,911,886,25,99e8202
3,production-verb-synthetic,1000,333,literal,gzip,386,361,25,99e8202
3,production-verb-synthetic,1000,334,compact,none,97,68,29,99e8202
3,production-verb-synthetic,1000,334,literal,none,911,886,25,99e8202
3,production-verb-synthetic,1000,334,literal,gzip,388,363,25,99e8202
3,production-verb-synthetic,1000,335,compact,none,96,67,29,99e8202
3,production-verb-synthetic,1000,335,literal,none,910,885,25,99e8202
3,production-verb-synthetic,1000,335,literal,gzip,386,361,25,99e8202
3,production-verb-synthetic,1000,336,compact,none,97,68,29,99e8202
3,production-verb-synthetic,1000,336,literal,none,911,886,25,99e8202
3,production-verb-synthetic,1000,336,literal,gzip,387,362,25,99e8202
3,production-verb-synthetic,1000,337,compact,none,97,68,29,99e8202
3,production-verb-synthetic,1000,337,literal,none,911,886,25,99e8202
3,production-verb-synthetic,1000,337,literal,gzip,386,361,25,99e8202
3,production-verb-synthetic,1000,338,compact,none,97,68,29,99e8202
3,production-verb-synthetic,1000,338,literal,none,911,886,25,99e8202
3,production-verb-synthetic,1000,338,literal,gzip,387,362,25,99e8202
3,production-verb-synthetic,1000,339,compact,none,97,68,29,99e8202
3,production-verb-synthetic,1000,339,literal,none,911,886,25,99e8202
3,production-verb-synthetic,1000,339,literal,gzip,386,361,25,99e8202
3,production-verb-synthetic,1000,340,compact,none,97,68,29,99e8202
3,production-verb-synthetic,1000,340,literal,none,911,886,25,99e8202
3,production-verb-synthetic,1000,340,literal,gzip,387,362,25,99e8202
3,production-verb-synthetic,1000,341,compact,none,97,68,29,99e8202
3,production-verb-synthetic,1000,341,literal,none,911,886,25,99e8202
3,production-verb-synthetic,1000,341,literal,gzip,387,362,25,99e8202
3,production-verb-synthetic,1000,342,compact,none,97,68,29,99e8202
3,production-verb-synthetic,1000,342,literal,none,911,886,25,99e8202
3,production-verb-synthetic,1000,342,literal,gzip,387,362,25,99e8202
3,production-verb-synthetic,1000,343,compact,none,97,68,29,99e8202
3,production-verb-synthetic,1000,343,literal,none,911,886,25,99e8202
3,production-verb-synthetic,1000,343,literal,gzip,386,361,25,99e8202
3,production-verb-synthetic,1000,344,compact,none,97,68,29,99e8202
3,production-verb-synthetic,1000,344,literal,none,911,886,25,99e8202
3,production-verb-synthetic,1000,344,literal,gzip,388,363,25,99e8202
3,production-verb-synthetic,1000,345,compact,none,97,68,29,99e8202
3,production-verb-synthetic,1000,345,literal,none,911,886,25,99e8202
3,production-verb-synthetic,1000,345,literal,gzip,387,362,25,99e8202
3,production-verb-synthetic,1000,346,compact,none,97,68,29,99e8202
3,production-verb-synthetic,1000,346,literal,none,911,886,25,99e8202
3,production-verb-synthetic,1000,346,literal,gzip,388,363,25,99e8202
3,production-verb-synthetic,1000,347,compact,none,97,68,29,99e8202
3,production-verb-synthetic,1000,347,literal,none,911,886,25,99e8202
3,production-verb-synthetic,1000,347,literal,gzip,388,363,25,99e8202
3,production-verb-synthetic,1000,348,compact,none,96,67,29,99e8202
3,production-verb-synthetic,1000,348,literal,none,910,885,25,99e8202
3,production-verb-synthetic,1000,348,literal,gzip,388,363,25,99e8202
3,production-verb-synthetic,1000,349,compact,none,97,68,29,99e8202
3,production-verb-synthetic,1000,349,literal,none,911,886,25,99e8202
3,production-verb-synthetic,1000,349,literal,gzip,386,361,25,99e8202
3,production-verb-synthetic,1000,350,compact,none,97,68,29,99e8202
3,production-verb-synthetic,1000,350,literal,none,911,886,25,99e8202
3,production-verb-synthetic,1000,350,literal,gzip,387,362,25,99e8202
3,production-verb-synthetic,1000,351,compact,none,97,68,29,99e8202
3,production-verb-synthetic,1000,351,literal,none,911,886,25,99e8202
3,production-verb-synthetic,1000,351,literal,gzip,388,363,25,99e8202
3,production-verb-synthetic,1000,352,compact,none,97,68,29,99e8202
3,production-verb-synthetic,1000,352,literal,none,911,886,25,99e8202
3,production-verb-synthetic,1000,352,literal,gzip,387,362,25,99e8202
3,production-verb-synthetic,1000,353,compact,none,97,68,29,99e8202
3,production-verb-synthetic,1000,353,literal,none,911,886,25,99e8202
3,production-verb-synthetic,1000,353,literal,gzip,386,361,25,99e8202
3,production-verb-synthetic,1000,354,compact,none,97,68,29,99e8202
3,production-verb-synthetic,1000,354,literal,none,911,886,25,99e8202
3,production-verb-synthetic,1000,354,literal,gzip,388,363,25,99e8202
3,production-verb-synthetic,1000,355,compact,none,97,68,29,99e8202
3,production-verb-synthetic,1000,355,literal,none,911,886,25,99e8202
3,production-verb-synthetic,1000,355,literal,gzip,386,361,25,99e8202
3,production-verb-synthetic,1000,356,compact,none,97,68,29,99e8202
3,production-verb-synthetic,1000,356,literal,none,911,886,25,99e8202
3,production-verb-synthetic,1000,356,literal,gzip,389,364,25,99e8202
3,production-verb-synthetic,1000,357,compact,none,97,68,29,99e8202
3,production-verb-synthetic,1000,357,literal,none,911,886,25,99e8202
3,production-verb-synthetic,1000,357,literal,gzip,388,363,25,99e8202
3,production-verb-synthetic,1000,358,compact,none,97,68,29,99e8202
3,production-verb-synthetic,1000,358,literal,none,911,886,25,99e8202
3,production-verb-synthetic,1000,358,literal,gzip,388,363,25,99e8202
3,production-verb-synthetic,1000,359,compact,none,97,68,29,99e8202
3,production-verb-synthetic,1000,359,literal,none,911,886,25,99e8202
3,production-verb-synthetic,1000,359,literal,gzip,388,363,25,99e8202
3,production-verb-synthetic,1000,360,compact,none,96,67,29,99e8202
3,production-verb-synthetic,1000,360,literal,none,910,885,25,99e8202
3,production-verb-synthetic,1000,360,literal,gzip,386,361,25,99e8202
3,production-verb-synthetic,1000,361,compact,none,96,67,29,99e8202
3,production-verb-synthetic,1000,361,literal,none,910,885,25,99e8202
3,production-verb-synthetic,1000,361,literal,gzip,387,362,25,99e8202
3,production-verb-synthetic,1000,362,compact,none,97,68,29,99e8202
3,production-verb-synthetic,1000,362,literal,none,911,886,25,99e8202
3,production-verb-synthetic,1000,362,literal,gzip,386,361,25,99e8202
3,production-verb-synthetic,1000,363,compact,none,97,68,29,99e8202
3,production-verb-synthetic,1000,363,literal,none,911,886,25,99e8202
3,production-verb-synthetic,1000,363,literal,gzip,386,361,25,99e8202
3,production-verb-synthetic,1000,364,compact,none,97,68,29,99e8202
3,production-verb-synthetic,1000,364,literal,none,911,886,25,99e8202
3,production-verb-synthetic,1000,364,literal,gzip,388,363,25,99e8202
3,production-verb-synthetic,1000,365,compact,none,97,68,29,99e8202
3,production-verb-synthetic,1000,365,literal,none,911,886,25,99e8202
3,production-verb-synthetic,1000,365,literal,gzip,387,362,25,99e8202
3,production-verb-synthetic,1000,366,compact,none,97,68,29,99e8202
3,production-verb-synthetic,1000,366,literal,none,911,886,25,99e8202
3,production-verb-synthetic,1000,366,literal,gzip,388,363,25,99e8202
3,production-verb-synthetic,1000,367,compact,none,97,68,29,99e8202
3,production-verb-synthetic,1000,367,literal,none,911,886,25,99e8202
3,production-verb-synthetic,1000,367,literal,gzip,389,364,25,99e8202
3,production-verb-synthetic,1000,368,compact,none,97,68,29,99e8202
3,production-verb-synthetic,1000,368,literal,none,911,886,25,99e8202
3,production-verb-synthetic,1000,368,literal,gzip,389,364,25,99e8202
3,production-verb-synthetic,1000,369,compact,none,97,68,29,99e8202
3,production-verb-synthetic,1000,369,literal,none,911,886,25,99e8202
3,production-verb-synthetic,1000,369,literal,gzip,388,363,25,99e8202
3,production-verb-synthetic,1000,370,compact,none,97,68,29,99e8202
3,production-verb-synthetic,1000,370,literal,none,911,886,25,99e8202
3,production-verb-synthetic,1000,370,literal,gzip,387,362,25,99e8202
3,production-verb-synthetic,1000,371,compact,none,97,68,29,99e8202
3,production-verb-synthetic,1000,371,literal,none,911,886,25,99e8202
3,production-verb-synthetic,1000,371,literal,gzip,387,362,25,99e8202
3,production-verb-synthetic,1000,372,compact,none,97,68,29,99e8202
3,production-verb-synthetic,1000,372,literal,none,911,886,25,99e8202
3,production-verb-synthetic,1000,372,literal,gzip,388,363,25,99e8202
3,production-verb-synthetic,1000,373,compact,none,96,67,29,99e8202
3,production-verb-synthetic,1000,373,literal,none,910,885,25,99e8202
3,production-verb-synthetic,1000,373,literal,gzip,384,359,25,99e8202
3,production-verb-synthetic,1000,374,compact,none,96,67,29,99e8202
3,production-verb-synthetic,1000,374,literal,none,910,885,25,99e8202
3,production-verb-synthetic,1000,374,literal,gzip,387,362,25,99e8202
3,production-verb-synthetic,1000,375,compact,none,97,68,29,99e8202
3,production-verb-synthetic,1000,375,literal,none,911,886,25,99e8202
3,production-verb-synthetic,1000,375,literal,gzip,387,362,25,99e8202
3,production-verb-synthetic,1000,376,compact,none,97,68,29,99e8202
3,production-verb-synthetic,1000,376,literal,none,911,886,25,99e8202
3,production-verb-synthetic,1000,376,literal,gzip,388,363,25,99e8202
3,production-verb-synthetic,1000,377,compact,none,97,68,29,99e8202
3,production-verb-synthetic,1000,377,literal,none,911,886,25,99e8202
3,production-verb-synthetic,1000,377,literal,gzip,387,362,25,99e8202
3,production-verb-synthetic,1000,378,compact,none,97,68,29,99e8202
3,production-verb-synthetic,1000,378,literal,none,911,886,25,99e8202
3,production-verb-synthetic,1000,378,literal,gzip,387,362,25,99e8202
3,production-verb-synthetic,1000,379,compact,none,97,68,29,99e8202
3,production-verb-synthetic,1000,379,literal,none,911,886,25,99e8202
3,production-verb-synthetic,1000,379,literal,gzip,388,363,25,99e8202
3,production-verb-synthetic,1000,380,compact,none,97,68,29,99e8202
3,production-verb-synthetic,1000,380,literal,none,911,886,25,99e8202
3,production-verb-synthetic,1000,380,literal,gzip,388,363,25,99e8202
3,production-verb-synthetic,1000,381,compact,none,97,68,29,99e8202
3,production-verb-synthetic,1000,381,literal,none,911,886,25,99e8202
3,production-verb-synthetic,1000,381,literal,gzip,388,363,25,99e8202
3,production-verb-synthetic,1000,382,compact,none,97,68,29,99e8202
3,production-verb-synthetic,1000,382,literal,none,911,886,25,99e8202
3,production-verb-synthetic,1000,382,literal,gzip,387,362,25,99e8202
3,production-verb-synthetic,1000,383,compact,none,97,68,29,99e8202
3,production-verb-synthetic,1000,383,literal,none,911,886,25,99e8202
3,production-verb-synthetic,1000,383,literal,gzip,386,361,25,99e8202
3,production-verb-synthetic,1000,384,compact,none,97,68,29,99e8202
3,production-verb-synthetic,1000,384,literal,none,911,886,25,99e8202
3,production-verb-synthetic,1000,384,literal,gzip,389,364,25,99e8202
3,production-verb-synthetic,1000,385,compact,none,97,68,29,99e8202
3,production-verb-synthetic,1000,385,literal,none,911,886,25,99e8202
3,production-verb-synthetic,1000,385,literal,gzip,386,361,25,99e8202
3,production-verb-synthetic,1000,386,compact,none,96,67,29,99e8202
3,production-verb-synthetic,1000,386,literal,none,910,885,25,99e8202
3,production-verb-synthetic,1000,386,literal,gzip,386,361,25,99e8202
3,production-verb-synthetic,1000,387,compact,none,96,67,29,99e8202
3,production-verb-synthetic,1000,387,literal,none,910,885,25,99e8202
3,production-verb-synthetic,1000,387,literal,gzip,387,362,25,99e8202
3,production-verb-synthetic,1000,388,compact,none,97,68,29,99e8202
3,production-verb-synthetic,1000,388,literal,none,911,886,25,99e8202
3,production-verb-synthetic,1000,388,literal,gzip,387,362,25,99e8202
3,production-verb-synthetic,1000,389,compact,none,97,68,29,99e8202
3,production-verb-synthetic,1000,389,literal,none,911,886,25,99e8202
3,production-verb-synthetic,1000,389,literal,gzip,387,362,25,99e8202
3,production-verb-synthetic,1000,390,compact,none,97,68,29,99e8202
3,production-verb-synthetic,1000,390,literal,none,911,886,25,99e8202
3,production-verb-synthetic,1000,390,literal,gzip,387,362,25,99e8202
3,production-verb-synthetic,1000,391,compact,none,97,68,29,99e8202
3,production-verb-synthetic,1000,391,literal,none,911,886,25,99e8202
3,production-verb-synthetic,1000,391,literal,gzip,387,362,25,99e8202
3,production-verb-synthetic,1000,392,compact,none,97,68,29,99e8202
3,production-verb-synthetic,1000,392,literal,none,911,886,25,99e8202
3,production-verb-synthetic,1000,392,literal,gzip,388,363,25,99e8202
3,production-verb-synthetic,1000,393,compact,none,97,68,29,99e8202
3,production-verb-synthetic,1000,393,literal,none,911,886,25,99e8202
3,production-verb-synthetic,1000,393,literal,gzip,387,362,25,99e8202
3,production-verb-synthetic,1000,394,compact,none,97,68,29,99e8202
3,production-verb-synthetic,1000,394,literal,none,911,886,25,99e8202
3,production-verb-synthetic,1000,394,literal,gzip,388,363,25,99e8202
3,production-verb-synthetic,1000,395,compact,none,97,68,29,99e8202
3,production-verb-synthetic,1000,395,literal,none,911,886,25,99e8202
3,production-verb-synthetic,1000,395,literal,gzip,387,362,25,99e8202
3,production-verb-synthetic,1000,396,compact,none,97,68,29,99e8202
3,production-verb-synthetic,1000,396,literal,none,911,886,25,99e8202
3,production-verb-synthetic,1000,396,literal,gzip,389,364,25,99e8202
3,production-verb-synthetic,1000,397,compact,none,97,68,29,99e8202
3,production-verb-synthetic,1000,397,literal,none,911,886,25,99e8202
3,production-verb-synthetic,1000,397,literal,gzip,388,363,25,99e8202
3,production-verb-synthetic,1000,398,compact,none,97,68,29,99e8202
3,production-verb-synthetic,1000,398,literal,none,911,886,25,99e8202
3,production-verb-synthetic,1000,398,literal,gzip,388,363,25,99e8202
3,production-verb-synthetic,1000,399,compact,none,96,67,29,99e8202
3,production-verb-synthetic,1000,399,literal,none,910,885,25,99e8202
3,production-verb-synthetic,1000,399,literal,gzip,386,361,25,99e8202
3,production-verb-synthetic,1000,400,compact,none,97,68,29,99e8202
3,production-verb-synthetic,1000,400,literal,none,911,886,25,99e8202
3,production-verb-synthetic,1000,400,literal,gzip,387,362,25,99e8202
3,production-verb-synthetic,1000,401,compact,none,97,68,29,99e8202
3,production-verb-synthetic,1000,401,literal,none,911,886,25,99e8202
3,production-verb-synthetic,1000,401,literal,gzip,386,361,25,99e8202
3,production-verb-synthetic,1000,402,compact,none,97,68,29,99e8202
3,production-verb-synthetic,1000,402,literal,none,911,886,25,99e8202
3,production-verb-synthetic,1000,402,literal,gzip,387,362,25,99e8202
3,production-verb-synthetic,1000,403,compact,none,97,68,29,99e8202
3,production-verb-synthetic,1000,403,literal,none,911,886,25,99e8202
3,production-verb-synthetic,1000,403,literal,gzip,386,361,25,99e8202
3,production-verb-synthetic,1000,404,compact,none,97,68,29,99e8202
3,production-verb-synthetic,1000,404,literal,none,911,886,25,99e8202
3,production-verb-synthetic,1000,404,literal,gzip,388,363,25,99e8202
3,production-verb-synthetic,1000,405,compact,none,97,68,29,99e8202
3,production-verb-synthetic,1000,405,literal,none,911,886,25,99e8202
3,production-verb-synthetic,1000,405,literal,gzip,387,362,25,99e8202
3,production-verb-synthetic,1000,406,compact,none,97,68,29,99e8202
3,production-verb-synthetic,1000,406,literal,none,911,886,25,99e8202
3,production-verb-synthetic,1000,406,literal,gzip,388,363,25,99e8202
3,production-verb-synthetic,1000,407,compact,none,97,68,29,99e8202
3,production-verb-synthetic,1000,407,literal,none,911,886,25,99e8202
3,production-verb-synthetic,1000,407,literal,gzip,389,364,25,99e8202
3,production-verb-synthetic,1000,408,compact,none,97,68,29,99e8202
3,production-verb-synthetic,1000,408,literal,none,911,886,25,99e8202
3,production-verb-synthetic,1000,408,literal,gzip,389,364,25,99e8202
3,production-verb-synthetic,1000,409,compact,none,97,68,29,99e8202
3,production-verb-synthetic,1000,409,literal,none,911,886,25,99e8202
3,production-verb-synthetic,1000,409,literal,gzip,388,363,25,99e8202
3,production-verb-synthetic,1000,410,compact,none,97,68,29,99e8202
3,production-verb-synthetic,1000,410,literal,none,911,886,25,99e8202
3,production-verb-synthetic,1000,410,literal,gzip,388,363,25,99e8202
3,production-verb-synthetic,1000,411,compact,none,97,68,29,99e8202
3,production-verb-synthetic,1000,411,literal,none,911,886,25,99e8202
3,production-verb-synthetic,1000,411,literal,gzip,387,362,25,99e8202
3,production-verb-synthetic,1000,412,compact,none,96,67,29,99e8202
3,production-verb-synthetic,1000,412,literal,none,910,885,25,99e8202
3,production-verb-synthetic,1000,412,literal,gzip,386,361,25,99e8202
3,production-verb-synthetic,1000,413,compact,none,97,68,29,99e8202
3,production-verb-synthetic,1000,413,literal,none,911,886,25,99e8202
3,production-verb-synthetic,1000,413,literal,gzip,385,360,25,99e8202
3,production-verb-synthetic,1000,414,compact,none,97,68,29,99e8202
3,production-verb-synthetic,1000,414,literal,none,911,886,25,99e8202
3,production-verb-synthetic,1000,414,literal,gzip,386,361,25,99e8202
3,production-verb-synthetic,1000,415,compact,none,97,68,29,99e8202
3,production-verb-synthetic,1000,415,literal,none,911,886,25,99e8202
3,production-verb-synthetic,1000,415,literal,gzip,386,361,25,99e8202
3,production-verb-synthetic,1000,416,compact,none,97,68,29,99e8202
3,production-verb-synthetic,1000,416,literal,none,911,886,25,99e8202
3,production-verb-synthetic,1000,416,literal,gzip,388,363,25,99e8202
3,production-verb-synthetic,1000,417,compact,none,97,68,29,99e8202
3,production-verb-synthetic,1000,417,literal,none,911,886,25,99e8202
3,production-verb-synthetic,1000,417,literal,gzip,387,362,25,99e8202
3,production-verb-synthetic,1000,418,compact,none,97,68,29,99e8202
3,production-verb-synthetic,1000,418,literal,none,911,886,25,99e8202
3,production-verb-synthetic,1000,418,literal,gzip,387,362,25,99e8202
3,production-verb-synthetic,1000,419,compact,none,97,68,29,99e8202
3,production-verb-synthetic,1000,419,literal,none,911,886,25,99e8202
3,production-verb-synthetic,1000,419,literal,gzip,388,363,25,99e8202
3,production-verb-synthetic,1000,420,compact,none,97,68,29,99e8202
3,production-verb-synthetic,1000,420,literal,none,911,886,25,99e8202
3,production-verb-synthetic,1000,420,literal,gzip,388,363,25,99e8202
3,production-verb-synthetic,1000,421,compact,none,97,68,29,99e8202
3,production-verb-synthetic,1000,421,literal,none,911,886,25,99e8202
3,production-verb-synthetic,1000,421,literal,gzip,388,363,25,99e8202
3,production-verb-synthetic,1000,422,compact,none,97,68,29,99e8202
3,production-verb-synthetic,1000,422,literal,none,911,886,25,99e8202
3,production-verb-synthetic,1000,422,literal,gzip,387,362,25,99e8202
3,production-verb-synthetic,1000,423,compact,none,97,68,29,99e8202
3,production-verb-synthetic,1000,423,literal,none,911,886,25,99e8202
3,production-verb-synthetic,1000,423,literal,gzip,386,361,25,99e8202
3,production-verb-synthetic,1000,424,compact,none,97,68,29,99e8202
3,production-verb-synthetic,1000,424,literal,none,911,886,25,99e8202
3,production-verb-synthetic,1000,424,literal,gzip,389,364,25,99e8202
3,production-verb-synthetic,1000,425,compact,none,96,67,29,99e8202
3,production-verb-synthetic,1000,425,literal,none,910,885,25,99e8202
3,production-verb-synthetic,1000,425,literal,gzip,386,361,25,99e8202
3,production-verb-synthetic,1000,426,compact,none,97,68,29,99e8202
3,production-verb-synthetic,1000,426,literal,none,911,886,25,99e8202
3,production-verb-synthetic,1000,426,literal,gzip,388,363,25,99e8202
3,production-verb-synthetic,1000,427,compact,none,97,68,29,99e8202
3,production-verb-synthetic,1000,427,literal,none,911,886,25,99e8202
3,production-verb-synthetic,1000,427,literal,gzip,387,362,25,99e8202
3,production-verb-synthetic,1000,428,compact,none,97,68,29,99e8202
3,production-verb-synthetic,1000,428,literal,none,911,886,25,99e8202
3,production-verb-synthetic,1000,428,literal,gzip,388,363,25,99e8202
3,production-verb-synthetic,1000,429,compact,none,97,68,29,99e8202
3,production-verb-synthetic,1000,429,literal,none,911,886,25,99e8202
3,production-verb-synthetic,1000,429,literal,gzip,387,362,25,99e8202
3,production-verb-synthetic,1000,430,compact,none,97,68,29,99e8202
3,production-verb-synthetic,1000,430,literal,none,911,886,25,99e8202
3,production-verb-synthetic,1000,430,literal,gzip,387,362,25,99e8202
3,production-verb-synthetic,1000,431,compact,none,97,68,29,99e8202
3,production-verb-synthetic,1000,431,literal,none,911,886,25,99e8202
3,production-verb-synthetic,1000,431,literal,gzip,387,362,25,99e8202
3,production-verb-synthetic,1000,432,compact,none,97,68,29,99e8202
3,production-verb-synthetic,1000,432,literal,none,911,886,25,99e8202
3,production-verb-synthetic,1000,432,literal,gzip,388,363,25,99e8202
3,production-verb-synthetic,1000,433,compact,none,97,68,29,99e8202
3,production-verb-synthetic,1000,433,literal,none,911,886,25,99e8202
3,production-verb-synthetic,1000,433,literal,gzip,387,362,25,99e8202
3,production-verb-synthetic,1000,434,compact,none,97,68,29,99e8202
3,production-verb-synthetic,1000,434,literal,none,911,886,25,99e8202
3,production-verb-synthetic,1000,434,literal,gzip,388,363,25,99e8202
3,production-verb-synthetic,1000,435,compact,none,97,68,29,99e8202
3,production-verb-synthetic,1000,435,literal,none,911,886,25,99e8202
3,production-verb-synthetic,1000,435,literal,gzip,387,362,25,99e8202
3,production-verb-synthetic,1000,436,compact,none,97,68,29,99e8202
3,production-verb-synthetic,1000,436,literal,none,911,886,25,99e8202
3,production-verb-synthetic,1000,436,literal,gzip,389,364,25,99e8202
3,production-verb-synthetic,1000,437,compact,none,97,68,29,99e8202
3,production-verb-synthetic,1000,437,literal,none,911,886,25,99e8202
3,production-verb-synthetic,1000,437,literal,gzip,388,363,25,99e8202
3,production-verb-synthetic,1000,438,compact,none,96,67,29,99e8202
3,production-verb-synthetic,1000,438,literal,none,910,885,25,99e8202
3,production-verb-synthetic,1000,438,literal,gzip,388,363,25,99e8202
3,production-verb-synthetic,1000,439,compact,none,97,68,29,99e8202
3,production-verb-synthetic,1000,439,literal,none,911,886,25,99e8202
3,production-verb-synthetic,1000,439,literal,gzip,388,363,25,99e8202
3,production-verb-synthetic,1000,440,compact,none,97,68,29,99e8202
3,production-verb-synthetic,1000,440,literal,none,911,886,25,99e8202
3,production-verb-synthetic,1000,440,literal,gzip,387,362,25,99e8202
3,production-verb-synthetic,1000,441,compact,none,97,68,29,99e8202
3,production-verb-synthetic,1000,441,literal,none,911,886,25,99e8202
3,production-verb-synthetic,1000,441,literal,gzip,387,362,25,99e8202
3,production-verb-synthetic,1000,442,compact,none,97,68,29,99e8202
3,production-verb-synthetic,1000,442,literal,none,911,886,25,99e8202
3,production-verb-synthetic,1000,442,literal,gzip,387,362,25,99e8202
3,production-verb-synthetic,1000,443,compact,none,97,68,29,99e8202
3,production-verb-synthetic,1000,443,literal,none,911,886,25,99e8202
3,production-verb-synthetic,1000,443,literal,gzip,386,361,25,99e8202
3,production-verb-synthetic,1000,444,compact,none,97,68,29,99e8202
3,production-verb-synthetic,1000,444,literal,none,911,886,25,99e8202
3,production-verb-synthetic,1000,444,literal,gzip,388,363,25,99e8202
3,production-verb-synthetic,1000,445,compact,none,97,68,29,99e8202
3,production-verb-synthetic,1000,445,literal,none,911,886,25,99e8202
3,production-verb-synthetic,1000,445,literal,gzip,387,362,25,99e8202
3,production-verb-synthetic,1000,446,compact,none,97,68,29,99e8202
3,production-verb-synthetic,1000,446,literal,none,911,886,25,99e8202
3,production-verb-synthetic,1000,446,literal,gzip,388,363,25,99e8202
3,production-verb-synthetic,1000,447,compact,none,97,68,29,99e8202
3,production-verb-synthetic,1000,447,literal,none,911,886,25,99e8202
3,production-verb-synthetic,1000,447,literal,gzip,389,364,25,99e8202
3,production-verb-synthetic,1000,448,compact,none,97,68,29,99e8202
3,production-verb-synthetic,1000,448,literal,none,911,886,25,99e8202
3,production-verb-synthetic,1000,448,literal,gzip,389,364,25,99e8202
3,production-verb-synthetic,1000,449,compact,none,97,68,29,99e8202
3,production-verb-synthetic,1000,449,literal,none,911,886,25,99e8202
3,production-verb-synthetic,1000,449,literal,gzip,388,363,25,99e8202
3,production-verb-synthetic,1000,450,compact,none,96,67,29,99e8202
3,production-verb-synthetic,1000,450,literal,none,910,885,25,99e8202
3,production-verb-synthetic,1000,450,literal,gzip,387,362,25,99e8202
3,production-verb-synthetic,1000,451,compact,none,96,67,29,99e8202
3,production-verb-synthetic,1000,451,literal,none,910,885,25,99e8202
3,production-verb-synthetic,1000,451,literal,gzip,387,362,25,99e8202
3,production-verb-synthetic,1000,452,compact,none,97,68,29,99e8202
3,production-verb-synthetic,1000,452,literal,none,911,886,25,99e8202
3,production-verb-synthetic,1000,452,literal,gzip,386,361,25,99e8202
3,production-verb-synthetic,1000,453,compact,none,97,68,29,99e8202
3,production-verb-synthetic,1000,453,literal,none,911,886,25,99e8202
3,production-verb-synthetic,1000,453,literal,gzip,386,361,25,99e8202
3,production-verb-synthetic,1000,454,compact,none,97,68,29,99e8202
3,production-verb-synthetic,1000,454,literal,none,911,886,25,99e8202
3,production-verb-synthetic,1000,454,literal,gzip,388,363,25,99e8202
3,production-verb-synthetic,1000,455,compact,none,97,68,29,99e8202
3,production-verb-synthetic,1000,455,literal,none,911,886,25,99e8202
3,production-verb-synthetic,1000,455,literal,gzip,386,361,25,99e8202
3,production-verb-synthetic,1000,456,compact,none,97,68,29,99e8202
3,production-verb-synthetic,1000,456,literal,none,911,886,25,99e8202
3,production-verb-synthetic,1000,456,literal,gzip,388,363,25,99e8202
3,production-verb-synthetic,1000,457,compact,none,97,68,29,99e8202
3,production-verb-synthetic,1000,457,literal,none,911,886,25,99e8202
3,production-verb-synthetic,1000,457,literal,gzip,387,362,25,99e8202
3,production-verb-synthetic,1000,458,compact,none,97,68,29,99e8202
3,production-verb-synthetic,1000,458,literal,none,911,886,25,99e8202
3,production-verb-synthetic,1000,458,literal,gzip,388,363,25,99e8202
3,production-verb-synthetic,1000,459,compact,none,97,68,29,99e8202
3,production-verb-synthetic,1000,459,literal,none,911,886,25,99e8202
3,production-verb-synthetic,1000,459,literal,gzip,388,363,25,99e8202
3,production-verb-synthetic,1000,460,compact,none,97,68,29,99e8202
3,production-verb-synthetic,1000,460,literal,none,911,886,25,99e8202
3,production-verb-synthetic,1000,460,literal,gzip,388,363,25,99e8202
3,production-verb-synthetic,1000,461,compact,none,97,68,29,99e8202
3,production-verb-synthetic,1000,461,literal,none,911,886,25,99e8202
3,production-verb-synthetic,1000,461,literal,gzip,388,363,25,99e8202
3,production-verb-synthetic,1000,462,compact,none,97,68,29,99e8202
3,production-verb-synthetic,1000,462,literal,none,911,886,25,99e8202
3,production-verb-synthetic,1000,462,literal,gzip,387,362,25,99e8202
3,production-verb-synthetic,1000,463,compact,none,96,67,29,99e8202
3,production-verb-synthetic,1000,463,literal,none,910,885,25,99e8202
3,production-verb-synthetic,1000,463,literal,gzip,385,360,25,99e8202
3,production-verb-synthetic,1000,464,compact,none,96,67,29,99e8202
3,production-verb-synthetic,1000,464,literal,none,910,885,25,99e8202
3,production-verb-synthetic,1000,464,literal,gzip,388,363,25,99e8202
3,production-verb-synthetic,1000,465,compact,none,97,68,29,99e8202
3,production-verb-synthetic,1000,465,literal,none,911,886,25,99e8202
3,production-verb-synthetic,1000,465,literal,gzip,386,361,25,99e8202
3,production-verb-synthetic,1000,466,compact,none,97,68,29,99e8202
3,production-verb-synthetic,1000,466,literal,none,911,886,25,99e8202
3,production-verb-synthetic,1000,466,literal,gzip,387,362,25,99e8202
3,production-verb-synthetic,1000,467,compact,none,97,68,29,99e8202
3,production-verb-synthetic,1000,467,literal,none,911,886,25,99e8202
3,production-verb-synthetic,1000,467,literal,gzip,387,362,25,99e8202
3,production-verb-synthetic,1000,468,compact,none,97,68,29,99e8202
3,production-verb-synthetic,1000,468,literal,none,911,886,25,99e8202
3,production-verb-synthetic,1000,468,literal,gzip,388,363,25,99e8202
3,production-verb-synthetic,1000,469,compact,none,97,68,29,99e8202
3,production-verb-synthetic,1000,469,literal,none,911,886,25,99e8202
3,production-verb-synthetic,1000,469,literal,gzip,388,363,25,99e8202
3,production-verb-synthetic,1000,470,compact,none,97,68,29,99e8202
3,production-verb-synthetic,1000,470,literal,none,911,886,25,99e8202
3,production-verb-synthetic,1000,470,literal,gzip,388,363,25,99e8202
3,production-verb-synthetic,1000,471,compact,none,97,68,29,99e8202
3,production-verb-synthetic,1000,471,literal,none,911,886,25,99e8202
3,production-verb-synthetic,1000,471,literal,gzip,388,363,25,99e8202
3,production-verb-synthetic,1000,472,compact,none,97,68,29,99e8202
3,production-verb-synthetic,1000,472,literal,none,911,886,25,99e8202
3,production-verb-synthetic,1000,472,literal,gzip,388,363,25,99e8202
3,production-verb-synthetic,1000,473,compact,none,97,68,29,99e8202
3,production-verb-synthetic,1000,473,literal,none,911,886,25,99e8202
3,production-verb-synthetic,1000,473,literal,gzip,387,362,25,99e8202
3,production-verb-synthetic,1000,474,compact,none,97,68,29,99e8202
3,production-verb-synthetic,1000,474,literal,none,911,886,25,99e8202
3,production-verb-synthetic,1000,474,literal,gzip,388,363,25,99e8202
3,production-verb-synthetic,1000,475,compact,none,97,68,29,99e8202
3,production-verb-synthetic,1000,475,literal,none,911,886,25,99e8202
3,production-verb-synthetic,1000,475,literal,gzip,387,362,25,99e8202
3,production-verb-synthetic,1000,476,compact,none,96,67,29,99e8202
3,production-verb-synthetic,1000,476,literal,none,910,885,25,99e8202
3,production-verb-synthetic,1000,476,literal,gzip,387,362,25,99e8202
3,production-verb-synthetic,1000,477,compact,none,96,67,29,99e8202
3,production-verb-synthetic,1000,477,literal,none,910,885,25,99e8202
3,production-verb-synthetic,1000,477,literal,gzip,387,362,25,99e8202
3,production-verb-synthetic,1000,478,compact,none,97,68,29,99e8202
3,production-verb-synthetic,1000,478,literal,none,911,886,25,99e8202
3,production-verb-synthetic,1000,478,literal,gzip,387,362,25,99e8202
3,production-verb-synthetic,1000,479,compact,none,97,68,29,99e8202
3,production-verb-synthetic,1000,479,literal,none,911,886,25,99e8202
3,production-verb-synthetic,1000,479,literal,gzip,388,363,25,99e8202
3,production-verb-synthetic,1000,480,compact,none,97,68,29,99e8202
3,production-verb-synthetic,1000,480,literal,none,911,886,25,99e8202
3,production-verb-synthetic,1000,480,literal,gzip,388,363,25,99e8202
3,production-verb-synthetic,1000,481,compact,none,97,68,29,99e8202
3,production-verb-synthetic,1000,481,literal,none,911,886,25,99e8202
3,production-verb-synthetic,1000,481,literal,gzip,387,362,25,99e8202
3,production-verb-synthetic,1000,482,compact,none,97,68,29,99e8202
3,production-verb-synthetic,1000,482,literal,none,911,886,25,99e8202
3,production-verb-synthetic,1000,482,literal,gzip,387,362,25,99e8202
3,production-verb-synthetic,1000,483,compact,none,97,68,29,99e8202
3,production-verb-synthetic,1000,483,literal,none,911,886,25,99e8202
3,production-verb-synthetic,1000,483,literal,gzip,387,362,25,99e8202
3,production-verb-synthetic,1000,484,compact,none,97,68,29,99e8202
3,production-verb-synthetic,1000,484,literal,none,911,886,25,99e8202
3,production-verb-synthetic,1000,484,literal,gzip,389,364,25,99e8202
3,production-verb-synthetic,1000,485,compact,none,97,68,29,99e8202
3,production-verb-synthetic,1000,485,literal,none,911,886,25,99e8202
3,production-verb-synthetic,1000,485,literal,gzip,387,362,25,99e8202
3,production-verb-synthetic,1000,486,compact,none,97,68,29,99e8202
3,production-verb-synthetic,1000,486,literal,none,911,886,25,99e8202
3,production-verb-synthetic,1000,486,literal,gzip,389,364,25,99e8202
3,production-verb-synthetic,1000,487,compact,none,97,68,29,99e8202
3,production-verb-synthetic,1000,487,literal,none,911,886,25,99e8202
3,production-verb-synthetic,1000,487,literal,gzip,389,364,25,99e8202
3,production-verb-synthetic,1000,488,compact,none,97,68,29,99e8202
3,production-verb-synthetic,1000,488,literal,none,911,886,25,99e8202
3,production-verb-synthetic,1000,488,literal,gzip,389,364,25,99e8202
3,production-verb-synthetic,1000,489,compact,none,96,67,29,99e8202
3,production-verb-synthetic,1000,489,literal,none,910,885,25,99e8202
3,production-verb-synthetic,1000,489,literal,gzip,386,361,25,99e8202
3,production-verb-synthetic,1000,490,compact,none,97,68,29,99e8202
3,production-verb-synthetic,1000,490,literal,none,911,886,25,99e8202
3,production-verb-synthetic,1000,490,literal,gzip,387,362,25,99e8202
3,production-verb-synthetic,1000,491,compact,none,97,68,29,99e8202
3,production-verb-synthetic,1000,491,literal,none,911,886,25,99e8202
3,production-verb-synthetic,1000,491,literal,gzip,387,362,25,99e8202
3,production-verb-synthetic,1000,492,compact,none,97,68,29,99e8202
3,production-verb-synthetic,1000,492,literal,none,911,886,25,99e8202
3,production-verb-synthetic,1000,492,literal,gzip,387,362,25,99e8202
3,production-verb-synthetic,1000,493,compact,none,97,68,29,99e8202
3,production-verb-synthetic,1000,493,literal,none,911,886,25,99e8202
3,production-verb-synthetic,1000,493,literal,gzip,386,361,25,99e8202
3,production-verb-synthetic,1000,494,compact,none,97,68,29,99e8202
3,production-verb-synthetic,1000,494,literal,none,911,886,25,99e8202
3,production-verb-synthetic,1000,494,literal,gzip,388,363,25,99e8202
3,production-verb-synthetic,1000,495,compact,none,97,68,29,99e8202
3,production-verb-synthetic,1000,495,literal,none,911,886,25,99e8202
3,production-verb-synthetic,1000,495,literal,gzip,387,362,25,99e8202
3,production-verb-synthetic,1000,496,compact,none,97,68,29,99e8202
3,production-verb-synthetic,1000,496,literal,none,911,886,25,99e8202
3,production-verb-synthetic,1000,496,literal,gzip,389,364,25,99e8202
3,production-verb-synthetic,1000,497,compact,none,97,68,29,99e8202
3,production-verb-synthetic,1000,497,literal,none,911,886,25,99e8202
3,production-verb-synthetic,1000,497,literal,gzip,388,363,25,99e8202
3,production-verb-synthetic,1000,498,compact,none,97,68,29,99e8202
3,production-verb-synthetic,1000,498,literal,none,911,886,25,99e8202
3,production-verb-synthetic,1000,498,literal,gzip,389,364,25,99e8202
3,production-verb-synthetic,1000,499,compact,none,97,68,29,99e8202
3,production-verb-synthetic,1000,499,literal,none,911,886,25,99e8202
3,production-verb-synthetic,1000,499,literal,gzip,388,363,25,99e8202
3,production-verb-synthetic,1000,500,compact,none,97,68,29,99e8202
3,production-verb-synthetic,1000,500,literal,none,911,886,25,99e8202
3,production-verb-synthetic,1000,500,literal,gzip,388,363,25,99e8202
3,production-verb-synthetic,1000,501,compact,none,97,68,29,99e8202
3,production-verb-synthetic,1000,501,literal,none,911,886,25,99e8202
3,production-verb-synthetic,1000,501,literal,gzip,388,363,25,99e8202
3,production-verb-synthetic,1000,502,compact,none,96,67,29,99e8202
3,production-verb-synthetic,1000,502,literal,none,910,885,25,99e8202
3,production-verb-synthetic,1000,502,literal,gzip,387,362,25,99e8202
3,production-verb-synthetic,1000,503,compact,none,97,68,29,99e8202
3,production-verb-synthetic,1000,503,literal,none,911,886,25,99e8202
3,production-verb-synthetic,1000,503,literal,gzip,386,361,25,99e8202
3,production-verb-synthetic,1000,504,compact,none,97,68,29,99e8202
3,production-verb-synthetic,1000,504,literal,none,911,886,25,99e8202
3,production-verb-synthetic,1000,504,literal,gzip,387,362,25,99e8202
3,production-verb-synthetic,1000,505,compact,none,97,68,29,99e8202
3,production-verb-synthetic,1000,505,literal,none,911,886,25,99e8202
3,production-verb-synthetic,1000,505,literal,gzip,387,362,25,99e8202
3,production-verb-synthetic,1000,506,compact,none,97,68,29,99e8202
3,production-verb-synthetic,1000,506,literal,none,911,886,25,99e8202
3,production-verb-synthetic,1000,506,literal,gzip,388,363,25,99e8202
3,production-verb-synthetic,1000,507,compact,none,97,68,29,99e8202
3,production-verb-synthetic,1000,507,literal,none,911,886,25,99e8202
3,production-verb-synthetic,1000,507,literal,gzip,387,362,25,99e8202
3,production-verb-synthetic,1000,508,compact,none,97,68,29,99e8202
3,production-verb-synthetic,1000,508,literal,none,911,886,25,99e8202
3,production-verb-synthetic,1000,508,literal,gzip,389,364,25,99e8202
3,production-verb-synthetic,1000,509,compact,none,97,68,29,99e8202
3,production-verb-synthetic,1000,509,literal,none,911,886,25,99e8202
3,production-verb-synthetic,1000,509,literal,gzip,387,362,25,99e8202
3,production-verb-synthetic,1000,510,compact,none,97,68,29,99e8202
3,production-verb-synthetic,1000,510,literal,none,911,886,25,99e8202
3,production-verb-synthetic,1000,510,literal,gzip,388,363,25,99e8202
3,production-verb-synthetic,1000,511,compact,none,97,68,29,99e8202
3,production-verb-synthetic,1000,511,literal,none,911,886,25,99e8202
3,production-verb-synthetic,1000,511,literal,gzip,387,362,25,99e8202
3,production-verb-synthetic,1000,512,compact,none,97,68,29,99e8202
3,production-verb-synthetic,1000,512,literal,none,911,886,25,99e8202
3,production-verb-synthetic,1000,512,literal,gzip,388,363,25,99e8202
3,production-verb-synthetic,1000,513,compact,none,97,68,29,99e8202
3,production-verb-synthetic,1000,513,literal,none,911,886,25,99e8202
3,production-verb-synthetic,1000,513,literal,gzip,386,361,25,99e8202
3,production-verb-synthetic,1000,514,compact,none,97,68,29,99e8202
3,production-verb-synthetic,1000,514,literal,none,911,886,25,99e8202
3,production-verb-synthetic,1000,514,literal,gzip,388,363,25,99e8202
3,production-verb-synthetic,1000,515,compact,none,96,67,29,99e8202
3,production-verb-synthetic,1000,515,literal,none,910,885,25,99e8202
3,production-verb-synthetic,1000,515,literal,gzip,385,360,25,99e8202
3,production-verb-synthetic,1000,516,compact,none,97,68,29,99e8202
3,production-verb-synthetic,1000,516,literal,none,911,886,25,99e8202
3,production-verb-synthetic,1000,516,literal,gzip,387,362,25,99e8202
3,production-verb-synthetic,1000,517,compact,none,97,68,29,99e8202
3,production-verb-synthetic,1000,517,literal,none,911,886,25,99e8202
3,production-verb-synthetic,1000,517,literal,gzip,386,361,25,99e8202
3,production-verb-synthetic,1000,518,compact,none,97,68,29,99e8202
3,production-verb-synthetic,1000,518,literal,none,911,886,25,99e8202
3,production-verb-synthetic,1000,518,literal,gzip,388,363,25,99e8202
3,production-verb-synthetic,1000,519,compact,none,97,68,29,99e8202
3,production-verb-synthetic,1000,519,literal,none,911,886,25,99e8202
3,production-verb-synthetic,1000,519,literal,gzip,388,363,25,99e8202
3,production-verb-synthetic,1000,520,compact,none,97,68,29,99e8202
3,production-verb-synthetic,1000,520,literal,none,911,886,25,99e8202
3,production-verb-synthetic,1000,520,literal,gzip,388,363,25,99e8202
3,production-verb-synthetic,1000,521,compact,none,97,68,29,99e8202
3,production-verb-synthetic,1000,521,literal,none,911,886,25,99e8202
3,production-verb-synthetic,1000,521,literal,gzip,388,363,25,99e8202
3,production-verb-synthetic,1000,522,compact,none,97,68,29,99e8202
3,production-verb-synthetic,1000,522,literal,none,911,886,25,99e8202
3,production-verb-synthetic,1000,522,literal,gzip,387,362,25,99e8202
3,production-verb-synthetic,1000,523,compact,none,97,68,29,99e8202
3,production-verb-synthetic,1000,523,literal,none,911,886,25,99e8202
3,production-verb-synthetic,1000,523,literal,gzip,387,362,25,99e8202
3,production-verb-synthetic,1000,524,compact,none,97,68,29,99e8202
3,production-verb-synthetic,1000,524,literal,none,911,886,25,99e8202
3,production-verb-synthetic,1000,524,literal,gzip,389,364,25,99e8202
3,production-verb-synthetic,1000,525,compact,none,97,68,29,99e8202
3,production-verb-synthetic,1000,525,literal,none,911,886,25,99e8202
3,production-verb-synthetic,1000,525,literal,gzip,387,362,25,99e8202
3,production-verb-synthetic,1000,526,compact,none,97,68,29,99e8202
3,production-verb-synthetic,1000,526,literal,none,911,886,25,99e8202
3,production-verb-synthetic,1000,526,literal,gzip,388,363,25,99e8202
3,production-verb-synthetic,1000,527,compact,none,97,68,29,99e8202
3,production-verb-synthetic,1000,527,literal,none,911,886,25,99e8202
3,production-verb-synthetic,1000,527,literal,gzip,389,364,25,99e8202
3,production-verb-synthetic,1000,528,compact,none,96,67,29,99e8202
3,production-verb-synthetic,1000,528,literal,none,910,885,25,99e8202
3,production-verb-synthetic,1000,528,literal,gzip,388,363,25,99e8202
3,production-verb-synthetic,1000,529,compact,none,97,68,29,99e8202
3,production-verb-synthetic,1000,529,literal,none,911,886,25,99e8202
3,production-verb-synthetic,1000,529,literal,gzip,387,362,25,99e8202
3,production-verb-synthetic,1000,530,compact,none,97,68,29,99e8202
3,production-verb-synthetic,1000,530,literal,none,911,886,25,99e8202
3,production-verb-synthetic,1000,530,literal,gzip,388,363,25,99e8202
3,production-verb-synthetic,1000,531,compact,none,97,68,29,99e8202
3,production-verb-synthetic,1000,531,literal,none,911,886,25,99e8202
3,production-verb-synthetic,1000,531,literal,gzip,388,363,25,99e8202
3,production-verb-synthetic,1000,532,compact,none,97,68,29,99e8202
3,production-verb-synthetic,1000,532,literal,none,911,886,25,99e8202
3,production-verb-synthetic,1000,532,literal,gzip,387,362,25,99e8202
3,production-verb-synthetic,1000,533,compact,none,97,68,29,99e8202
3,production-verb-synthetic,1000,533,literal,none,911,886,25,99e8202
3,production-verb-synthetic,1000,533,literal,gzip,386,361,25,99e8202
3,production-verb-synthetic,1000,534,compact,none,97,68,29,99e8202
3,production-verb-synthetic,1000,534,literal,none,911,886,25,99e8202
3,production-verb-synthetic,1000,534,literal,gzip,388,363,25,99e8202
3,production-verb-synthetic,1000,535,compact,none,97,68,29,99e8202
3,production-verb-synthetic,1000,535,literal,none,911,886,25,99e8202
3,production-verb-synthetic,1000,535,literal,gzip,386,361,25,99e8202
3,production-verb-synthetic,1000,536,compact,none,97,68,29,99e8202
3,production-verb-synthetic,1000,536,literal,none,911,886,25,99e8202
3,production-verb-synthetic,1000,536,literal,gzip,389,364,25,99e8202
3,production-verb-synthetic,1000,537,compact,none,97,68,29,99e8202
3,production-verb-synthetic,1000,537,literal,none,911,886,25,99e8202
3,production-verb-synthetic,1000,537,literal,gzip,388,363,25,99e8202
3,production-verb-synthetic,1000,538,compact,none,97,68,29,99e8202
3,production-verb-synthetic,1000,538,literal,none,911,886,25,99e8202
3,production-verb-synthetic,1000,538,literal,gzip,389,364,25,99e8202
3,production-verb-synthetic,1000,539,compact,none,97,68,29,99e8202
3,production-verb-synthetic,1000,539,literal,none,911,886,25,99e8202
3,production-verb-synthetic,1000,539,literal,gzip,388,363,25,99e8202
3,production-verb-synthetic,1000,540,compact,none,96,67,29,99e8202
3,production-verb-synthetic,1000,540,literal,none,910,885,25,99e8202
3,production-verb-synthetic,1000,540,literal,gzip,387,362,25,99e8202
3,production-verb-synthetic,1000,541,compact,none,96,67,29,99e8202
3,production-verb-synthetic,1000,541,literal,none,910,885,25,99e8202
3,production-verb-synthetic,1000,541,literal,gzip,387,362,25,99e8202
3,production-verb-synthetic,1000,542,compact,none,97,68,29,99e8202
3,production-verb-synthetic,1000,542,literal,none,911,886,25,99e8202
3,production-verb-synthetic,1000,542,literal,gzip,386,361,25,99e8202
3,production-verb-synthetic,1000,543,compact,none,97,68,29,99e8202
3,production-verb-synthetic,1000,543,literal,none,911,886,25,99e8202
3,production-verb-synthetic,1000,543,literal,gzip,386,361,25,99e8202
3,production-verb-synthetic,1000,544,compact,none,97,68,29,99e8202
3,production-verb-synthetic,1000,544,literal,none,911,886,25,99e8202
3,production-verb-synthetic,1000,544,literal,gzip,388,363,25,99e8202
3,production-verb-synthetic,1000,545,compact,none,97,68,29,99e8202
3,production-verb-synthetic,1000,545,literal,none,911,886,25,99e8202
3,production-verb-synthetic,1000,545,literal,gzip,386,361,25,99e8202
3,production-verb-synthetic,1000,546,compact,none,97,68,29,99e8202
3,production-verb-synthetic,1000,546,literal,none,911,886,25,99e8202
3,production-verb-synthetic,1000,546,literal,gzip,388,363,25,99e8202
3,production-verb-synthetic,1000,547,compact,none,97,68,29,99e8202
3,production-verb-synthetic,1000,547,literal,none,911,886,25,99e8202
3,production-verb-synthetic,1000,547,literal,gzip,389,364,25,99e8202
3,production-verb-synthetic,1000,548,compact,none,97,68,29,99e8202
3,production-verb-synthetic,1000,548,literal,none,911,886,25,99e8202
3,production-verb-synthetic,1000,548,literal,gzip,388,363,25,99e8202
3,production-verb-synthetic,1000,549,compact,none,97,68,29,99e8202
3,production-verb-synthetic,1000,549,literal,none,911,886,25,99e8202
3,production-verb-synthetic,1000,549,literal,gzip,388,363,25,99e8202
3,production-verb-synthetic,1000,550,compact,none,97,68,29,99e8202
3,production-verb-synthetic,1000,550,literal,none,911,886,25,99e8202
3,production-verb-synthetic,1000,550,literal,gzip,388,363,25,99e8202
3,production-verb-synthetic,1000,551,compact,none,97,68,29,99e8202
3,production-verb-synthetic,1000,551,literal,none,911,886,25,99e8202
3,production-verb-synthetic,1000,551,literal,gzip,388,363,25,99e8202
3,production-verb-synthetic,1000,552,compact,none,97,68,29,99e8202
3,production-verb-synthetic,1000,552,literal,none,911,886,25,99e8202
3,production-verb-synthetic,1000,552,literal,gzip,388,363,25,99e8202
3,production-verb-synthetic,1000,553,compact,none,96,67,29,99e8202
3,production-verb-synthetic,1000,553,literal,none,910,885,25,99e8202
3,production-verb-synthetic,1000,553,literal,gzip,384,359,25,99e8202
3,production-verb-synthetic,1000,554,compact,none,96,67,29,99e8202
3,production-verb-synthetic,1000,554,literal,none,910,885,25,99e8202
3,production-verb-synthetic,1000,554,literal,gzip,388,363,25,99e8202
3,production-verb-synthetic,1000,555,compact,none,97,68,29,99e8202
3,production-verb-synthetic,1000,555,literal,none,911,886,25,99e8202
3,production-verb-synthetic,1000,555,literal,gzip,386,361,25,99e8202
3,production-verb-synthetic,1000,556,compact,none,97,68,29,99e8202
3,production-verb-synthetic,1000,556,literal,none,911,886,25,99e8202
3,production-verb-synthetic,1000,556,literal,gzip,388,363,25,99e8202
3,production-verb-synthetic,1000,557,compact,none,97,68,29,99e8202
3,production-verb-synthetic,1000,557,literal,none,911,886,25,99e8202
3,production-verb-synthetic,1000,557,literal,gzip,387,362,25,99e8202
3,production-verb-synthetic,1000,558,compact,none,97,68,29,99e8202
3,production-verb-synthetic,1000,558,literal,none,911,886,25,99e8202
3,production-verb-synthetic,1000,558,literal,gzip,388,363,25,99e8202
3,production-verb-synthetic,1000,559,compact,none,97,68,29,99e8202
3,production-verb-synthetic,1000,559,literal,none,911,886,25,99e8202
3,production-verb-synthetic,1000,559,literal,gzip,388,363,25,99e8202
3,production-verb-synthetic,1000,560,compact,none,97,68,29,99e8202
3,production-verb-synthetic,1000,560,literal,none,911,886,25,99e8202
3,production-verb-synthetic,1000,560,literal,gzip,388,363,25,99e8202
3,production-verb-synthetic,1000,561,compact,none,97,68,29,99e8202
3,production-verb-synthetic,1000,561,literal,none,911,886,25,99e8202
3,production-verb-synthetic,1000,561,literal,gzip,387,362,25,99e8202
3,production-verb-synthetic,1000,562,compact,none,97,68,29,99e8202
3,production-verb-synthetic,1000,562,literal,none,911,886,25,99e8202
3,production-verb-synthetic,1000,562,literal,gzip,387,362,25,99e8202
3,production-verb-synthetic,1000,563,compact,none,97,68,29,99e8202
3,production-verb-synthetic,1000,563,literal,none,911,886,25,99e8202
3,production-verb-synthetic,1000,563,literal,gzip,387,362,25,99e8202
3,production-verb-synthetic,1000,564,compact,none,97,68,29,99e8202
3,production-verb-synthetic,1000,564,literal,none,911,886,25,99e8202
3,production-verb-synthetic,1000,564,literal,gzip,389,364,25,99e8202
3,production-verb-synthetic,1000,565,compact,none,97,68,29,99e8202
3,production-verb-synthetic,1000,565,literal,none,911,886,25,99e8202
3,production-verb-synthetic,1000,565,literal,gzip,387,362,25,99e8202
3,production-verb-synthetic,1000,566,compact,none,96,67,29,99e8202
3,production-verb-synthetic,1000,566,literal,none,910,885,25,99e8202
3,production-verb-synthetic,1000,566,literal,gzip,386,361,25,99e8202
3,production-verb-synthetic,1000,567,compact,none,96,67,29,99e8202
3,production-verb-synthetic,1000,567,literal,none,910,885,25,99e8202
3,production-verb-synthetic,1000,567,literal,gzip,388,363,25,99e8202
3,production-verb-synthetic,1000,568,compact,none,97,68,29,99e8202
3,production-verb-synthetic,1000,568,literal,none,911,886,25,99e8202
3,production-verb-synthetic,1000,568,literal,gzip,388,363,25,99e8202
3,production-verb-synthetic,1000,569,compact,none,97,68,29,99e8202
3,production-verb-synthetic,1000,569,literal,none,911,886,25,99e8202
3,production-verb-synthetic,1000,569,literal,gzip,388,363,25,99e8202
3,production-verb-synthetic,1000,570,compact,none,97,68,29,99e8202
3,production-verb-synthetic,1000,570,literal,none,911,886,25,99e8202
3,production-verb-synthetic,1000,570,literal,gzip,388,363,25,99e8202
3,production-verb-synthetic,1000,571,compact,none,97,68,29,99e8202
3,production-verb-synthetic,1000,571,literal,none,911,886,25,99e8202
3,production-verb-synthetic,1000,571,literal,gzip,387,362,25,99e8202
3,production-verb-synthetic,1000,572,compact,none,97,68,29,99e8202
3,production-verb-synthetic,1000,572,literal,none,911,886,25,99e8202
3,production-verb-synthetic,1000,572,literal,gzip,388,363,25,99e8202
3,production-verb-synthetic,1000,573,compact,none,97,68,29,99e8202
3,production-verb-synthetic,1000,573,literal,none,911,886,25,99e8202
3,production-verb-synthetic,1000,573,literal,gzip,386,361,25,99e8202
3,production-verb-synthetic,1000,574,compact,none,97,68,29,99e8202
3,production-verb-synthetic,1000,574,literal,none,911,886,25,99e8202
3,production-verb-synthetic,1000,574,literal,gzip,388,363,25,99e8202
3,production-verb-synthetic,1000,575,compact,none,97,68,29,99e8202
3,production-verb-synthetic,1000,575,literal,none,911,886,25,99e8202
3,production-verb-synthetic,1000,575,literal,gzip,387,362,25,99e8202
3,production-verb-synthetic,1000,576,compact,none,97,68,29,99e8202
3,production-verb-synthetic,1000,576,literal,none,911,886,25,99e8202
3,production-verb-synthetic,1000,576,literal,gzip,389,364,25,99e8202
3,production-verb-synthetic,1000,577,compact,none,97,68,29,99e8202
3,production-verb-synthetic,1000,577,literal,none,911,886,25,99e8202
3,production-verb-synthetic,1000,577,literal,gzip,388,363,25,99e8202
3,production-verb-synthetic,1000,578,compact,none,97,68,29,99e8202
3,production-verb-synthetic,1000,578,literal,none,911,886,25,99e8202
3,production-verb-synthetic,1000,578,literal,gzip,389,364,25,99e8202
3,production-verb-synthetic,1000,579,compact,none,96,67,29,99e8202
3,production-verb-synthetic,1000,579,literal,none,910,885,25,99e8202
3,production-verb-synthetic,1000,579,literal,gzip,386,361,25,99e8202
3,production-verb-synthetic,1000,580,compact,none,97,68,29,99e8202
3,production-verb-synthetic,1000,580,literal,none,911,886,25,99e8202
3,production-verb-synthetic,1000,580,literal,gzip,388,363,25,99e8202
3,production-verb-synthetic,1000,581,compact,none,97,68,29,99e8202
3,production-verb-synthetic,1000,581,literal,none,911,886,25,99e8202
3,production-verb-synthetic,1000,581,literal,gzip,387,362,25,99e8202
3,production-verb-synthetic,1000,582,compact,none,97,68,29,99e8202
3,production-verb-synthetic,1000,582,literal,none,911,886,25,99e8202
3,production-verb-synthetic,1000,582,literal,gzip,387,362,25,99e8202
3,production-verb-synthetic,1000,583,compact,none,97,68,29,99e8202
3,production-verb-synthetic,1000,583,literal,none,911,886,25,99e8202
3,production-verb-synthetic,1000,583,literal,gzip,386,361,25,99e8202
3,production-verb-synthetic,1000,584,compact,none,97,68,29,99e8202
3,production-verb-synthetic,1000,584,literal,none,911,886,25,99e8202
3,production-verb-synthetic,1000,584,literal,gzip,388,363,25,99e8202
3,production-verb-synthetic,1000,585,compact,none,97,68,29,99e8202
3,production-verb-synthetic,1000,585,literal,none,911,886,25,99e8202
3,production-verb-synthetic,1000,585,literal,gzip,388,363,25,99e8202
3,production-verb-synthetic,1000,586,compact,none,97,68,29,99e8202
3,production-verb-synthetic,1000,586,literal,none,911,886,25,99e8202
3,production-verb-synthetic,1000,586,literal,gzip,388,363,25,99e8202
3,production-verb-synthetic,1000,587,compact,none,97,68,29,99e8202
3,production-verb-synthetic,1000,587,literal,none,911,886,25,99e8202
3,production-verb-synthetic,1000,587,literal,gzip,387,362,25,99e8202
3,production-verb-synthetic,1000,588,compact,none,97,68,29,99e8202
3,production-verb-synthetic,1000,588,literal,none,911,886,25,99e8202
3,production-verb-synthetic,1000,588,literal,gzip,389,364,25,99e8202
3,production-verb-synthetic,1000,589,compact,none,97,68,29,99e8202
3,production-verb-synthetic,1000,589,literal,none,911,886,25,99e8202
3,production-verb-synthetic,1000,589,literal,gzip,388,363,25,99e8202
3,production-verb-synthetic,1000,590,compact,none,97,68,29,99e8202
3,production-verb-synthetic,1000,590,literal,none,911,886,25,99e8202
3,production-verb-synthetic,1000,590,literal,gzip,388,363,25,99e8202
3,production-verb-synthetic,1000,591,compact,none,97,68,29,99e8202
3,production-verb-synthetic,1000,591,literal,none,911,886,25,99e8202
3,production-verb-synthetic,1000,591,literal,gzip,388,363,25,99e8202
3,production-verb-synthetic,1000,592,compact,none,96,67,29,99e8202
3,production-verb-synthetic,1000,592,literal,none,910,885,25,99e8202
3,production-verb-synthetic,1000,592,literal,gzip,387,362,25,99e8202
3,production-verb-synthetic,1000,593,compact,none,97,68,29,99e8202
3,production-verb-synthetic,1000,593,literal,none,911,886,25,99e8202
3,production-verb-synthetic,1000,593,literal,gzip,385,360,25,99e8202
3,production-verb-synthetic,1000,594,compact,none,97,68,29,99e8202
3,production-verb-synthetic,1000,594,literal,none,911,886,25,99e8202
3,production-verb-synthetic,1000,594,literal,gzip,387,362,25,99e8202
3,production-verb-synthetic,1000,595,compact,none,97,68,29,99e8202
3,production-verb-synthetic,1000,595,literal,none,911,886,25,99e8202
3,production-verb-synthetic,1000,595,literal,gzip,386,361,25,99e8202
3,production-verb-synthetic,1000,596,compact,none,97,68,29,99e8202
3,production-verb-synthetic,1000,596,literal,none,911,886,25,99e8202
3,production-verb-synthetic,1000,596,literal,gzip,389,364,25,99e8202
3,production-verb-synthetic,1000,597,compact,none,97,68,29,99e8202
3,production-verb-synthetic,1000,597,literal,none,911,886,25,99e8202
3,production-verb-synthetic,1000,597,literal,gzip,388,363,25,99e8202
3,production-verb-synthetic,1000,598,compact,none,97,68,29,99e8202
3,production-verb-synthetic,1000,598,literal,none,911,886,25,99e8202
3,production-verb-synthetic,1000,598,literal,gzip,389,364,25,99e8202
3,production-verb-synthetic,1000,599,compact,none,97,68,29,99e8202
3,production-verb-synthetic,1000,599,literal,none,911,886,25,99e8202
3,production-verb-synthetic,1000,599,literal,gzip,388,363,25,99e8202
3,production-verb-synthetic,1000,600,compact,none,97,68,29,99e8202
3,production-verb-synthetic,1000,600,literal,none,911,886,25,99e8202
3,production-verb-synthetic,1000,600,literal,gzip,387,362,25,99e8202
3,production-verb-synthetic,1000,601,compact,none,97,68,29,99e8202
3,production-verb-synthetic,1000,601,literal,none,911,886,25,99e8202
3,production-verb-synthetic,1000,601,literal,gzip,387,362,25,99e8202
3,production-verb-synthetic,1000,602,compact,none,97,68,29,99e8202
3,production-verb-synthetic,1000,602,literal,none,911,886,25,99e8202
3,production-verb-synthetic,1000,602,literal,gzip,388,363,25,99e8202
3,production-verb-synthetic,1000,603,compact,none,97,68,29,99e8202
3,production-verb-synthetic,1000,603,literal,none,911,886,25,99e8202
3,production-verb-synthetic,1000,603,literal,gzip,387,362,25,99e8202
3,production-verb-synthetic,1000,604,compact,none,97,68,29,99e8202
3,production-verb-synthetic,1000,604,literal,none,911,886,25,99e8202
3,production-verb-synthetic,1000,604,literal,gzip,389,364,25,99e8202
3,production-verb-synthetic,1000,605,compact,none,96,67,29,99e8202
3,production-verb-synthetic,1000,605,literal,none,910,885,25,99e8202
3,production-verb-synthetic,1000,605,literal,gzip,386,361,25,99e8202
3,production-verb-synthetic,1000,606,compact,none,97,68,29,99e8202
3,production-verb-synthetic,1000,606,literal,none,911,886,25,99e8202
3,production-verb-synthetic,1000,606,literal,gzip,388,363,25,99e8202
3,production-verb-synthetic,1000,607,compact,none,97,68,29,99e8202
3,production-verb-synthetic,1000,607,literal,none,911,886,25,99e8202
3,production-verb-synthetic,1000,607,literal,gzip,387,362,25,99e8202
3,production-verb-synthetic,1000,608,compact,none,97,68,29,99e8202
3,production-verb-synthetic,1000,608,literal,none,911,886,25,99e8202
3,production-verb-synthetic,1000,608,literal,gzip,388,363,25,99e8202
3,production-verb-synthetic,1000,609,compact,none,97,68,29,99e8202
3,production-verb-synthetic,1000,609,literal,none,911,886,25,99e8202
3,production-verb-synthetic,1000,609,literal,gzip,387,362,25,99e8202
3,production-verb-synthetic,1000,610,compact,none,97,68,29,99e8202
3,production-verb-synthetic,1000,610,literal,none,911,886,25,99e8202
3,production-verb-synthetic,1000,610,literal,gzip,388,363,25,99e8202
3,production-verb-synthetic,1000,611,compact,none,97,68,29,99e8202
3,production-verb-synthetic,1000,611,literal,none,911,886,25,99e8202
3,production-verb-synthetic,1000,611,literal,gzip,387,362,25,99e8202
3,production-verb-synthetic,1000,612,compact,none,97,68,29,99e8202
3,production-verb-synthetic,1000,612,literal,none,911,886,25,99e8202
3,production-verb-synthetic,1000,612,literal,gzip,387,362,25,99e8202
3,production-verb-synthetic,1000,613,compact,none,97,68,29,99e8202
3,production-verb-synthetic,1000,613,literal,none,911,886,25,99e8202
3,production-verb-synthetic,1000,613,literal,gzip,385,360,25,99e8202
3,production-verb-synthetic,1000,614,compact,none,97,68,29,99e8202
3,production-verb-synthetic,1000,614,literal,none,911,886,25,99e8202
3,production-verb-synthetic,1000,614,literal,gzip,387,362,25,99e8202
3,production-verb-synthetic,1000,615,compact,none,97,68,29,99e8202
3,production-verb-synthetic,1000,615,literal,none,911,886,25,99e8202
3,production-verb-synthetic,1000,615,literal,gzip,387,362,25,99e8202
3,production-verb-synthetic,1000,616,compact,none,97,68,29,99e8202
3,production-verb-synthetic,1000,616,literal,none,911,886,25,99e8202
3,production-verb-synthetic,1000,616,literal,gzip,389,364,25,99e8202
3,production-verb-synthetic,1000,617,compact,none,97,68,29,99e8202
3,production-verb-synthetic,1000,617,literal,none,911,886,25,99e8202
3,production-verb-synthetic,1000,617,literal,gzip,388,363,25,99e8202
3,production-verb-synthetic,1000,618,compact,none,96,67,29,99e8202
3,production-verb-synthetic,1000,618,literal,none,910,885,25,99e8202
3,production-verb-synthetic,1000,618,literal,gzip,387,362,25,99e8202
3,production-verb-synthetic,1000,619,compact,none,97,68,29,99e8202
3,production-verb-synthetic,1000,619,literal,none,911,886,25,99e8202
3,production-verb-synthetic,1000,619,literal,gzip,388,363,25,99e8202
3,production-verb-synthetic,1000,620,compact,none,97,68,29,99e8202
3,production-verb-synthetic,1000,620,literal,none,911,886,25,99e8202
3,production-verb-synthetic,1000,620,literal,gzip,388,363,25,99e8202
3,production-verb-synthetic,1000,621,compact,none,97,68,29,99e8202
3,production-verb-synthetic,1000,621,literal,none,911,886,25,99e8202
3,production-verb-synthetic,1000,621,literal,gzip,387,362,25,99e8202
3,production-verb-synthetic,1000,622,compact,none,97,68,29,99e8202
3,production-verb-synthetic,1000,622,literal,none,911,886,25,99e8202
3,production-verb-synthetic,1000,622,literal,gzip,387,362,25,99e8202
3,production-verb-synthetic,1000,623,compact,none,97,68,29,99e8202
3,production-verb-synthetic,1000,623,literal,none,911,886,25,99e8202
3,production-verb-synthetic,1000,623,literal,gzip,387,362,25,99e8202
3,production-verb-synthetic,1000,624,compact,none,97,68,29,99e8202
3,production-verb-synthetic,1000,624,literal,none,911,886,25,99e8202
3,production-verb-synthetic,1000,624,literal,gzip,389,364,25,99e8202
3,production-verb-synthetic,1000,625,compact,none,97,68,29,99e8202
3,production-verb-synthetic,1000,625,literal,none,911,886,25,99e8202
3,production-verb-synthetic,1000,625,literal,gzip,387,362,25,99e8202
3,production-verb-synthetic,1000,626,compact,none,97,68,29,99e8202
3,production-verb-synthetic,1000,626,literal,none,911,886,25,99e8202
3,production-verb-synthetic,1000,626,literal,gzip,387,362,25,99e8202
3,production-verb-synthetic,1000,627,compact,none,97,68,29,99e8202
3,production-verb-synthetic,1000,627,literal,none,911,886,25,99e8202
3,production-verb-synthetic,1000,627,literal,gzip,387,362,25,99e8202
3,production-verb-synthetic,1000,628,compact,none,97,68,29,99e8202
3,production-verb-synthetic,1000,628,literal,none,911,886,25,99e8202
3,production-verb-synthetic,1000,628,literal,gzip,389,364,25,99e8202
3,production-verb-synthetic,1000,629,compact,none,97,68,29,99e8202
3,production-verb-synthetic,1000,629,literal,none,911,886,25,99e8202
3,production-verb-synthetic,1000,629,literal,gzip,388,363,25,99e8202
3,production-verb-synthetic,1000,630,compact,none,96,67,29,99e8202
3,production-verb-synthetic,1000,630,literal,none,910,885,25,99e8202
3,production-verb-synthetic,1000,630,literal,gzip,387,362,25,99e8202
3,production-verb-synthetic,1000,631,compact,none,96,67,29,99e8202
3,production-verb-synthetic,1000,631,literal,none,910,885,25,99e8202
3,production-verb-synthetic,1000,631,literal,gzip,387,362,25,99e8202
3,production-verb-synthetic,1000,632,compact,none,97,68,29,99e8202
3,production-verb-synthetic,1000,632,literal,none,911,886,25,99e8202
3,production-verb-synthetic,1000,632,literal,gzip,387,362,25,99e8202
3,production-verb-synthetic,1000,633,compact,none,97,68,29,99e8202
3,production-verb-synthetic,1000,633,literal,none,911,886,25,99e8202
3,production-verb-synthetic,1000,633,literal,gzip,386,361,25,99e8202
3,production-verb-synthetic,1000,634,compact,none,97,68,29,99e8202
3,production-verb-synthetic,1000,634,literal,none,911,886,25,99e8202
3,production-verb-synthetic,1000,634,literal,gzip,388,363,25,99e8202
3,production-verb-synthetic,1000,635,compact,none,97,68,29,99e8202
3,production-verb-synthetic,1000,635,literal,none,911,886,25,99e8202
3,production-verb-synthetic,1000,635,literal,gzip,387,362,25,99e8202
3,production-verb-synthetic,1000,636,compact,none,97,68,29,99e8202
3,production-verb-synthetic,1000,636,literal,none,911,886,25,99e8202
3,production-verb-synthetic,1000,636,literal,gzip,389,364,25,99e8202
3,production-verb-synthetic,1000,637,compact,none,97,68,29,99e8202
3,production-verb-synthetic,1000,637,literal,none,911,886,25,99e8202
3,production-verb-synthetic,1000,637,literal,gzip,388,363,25,99e8202
3,production-verb-synthetic,1000,638,compact,none,97,68,29,99e8202
3,production-verb-synthetic,1000,638,literal,none,911,886,25,99e8202
3,production-verb-synthetic,1000,638,literal,gzip,388,363,25,99e8202
3,production-verb-synthetic,1000,639,compact,none,97,68,29,99e8202
3,production-verb-synthetic,1000,639,literal,none,911,886,25,99e8202
3,production-verb-synthetic,1000,639,literal,gzip,387,362,25,99e8202
3,production-verb-synthetic,1000,640,compact,none,97,68,29,99e8202
3,production-verb-synthetic,1000,640,literal,none,911,886,25,99e8202
3,production-verb-synthetic,1000,640,literal,gzip,388,363,25,99e8202
3,production-verb-synthetic,1000,641,compact,none,97,68,29,99e8202
3,production-verb-synthetic,1000,641,literal,none,911,886,25,99e8202
3,production-verb-synthetic,1000,641,literal,gzip,388,363,25,99e8202
3,production-verb-synthetic,1000,642,compact,none,97,68,29,99e8202
3,production-verb-synthetic,1000,642,literal,none,911,886,25,99e8202
3,production-verb-synthetic,1000,642,literal,gzip,387,362,25,99e8202
3,production-verb-synthetic,1000,643,compact,none,96,67,29,99e8202
3,production-verb-synthetic,1000,643,literal,none,910,885,25,99e8202
3,production-verb-synthetic,1000,643,literal,gzip,385,360,25,99e8202
3,production-verb-synthetic,1000,644,compact,none,96,67,29,99e8202
3,production-verb-synthetic,1000,644,literal,none,910,885,25,99e8202
3,production-verb-synthetic,1000,644,literal,gzip,388,363,25,99e8202
3,production-verb-synthetic,1000,645,compact,none,97,68,29,99e8202
3,production-verb-synthetic,1000,645,literal,none,911,886,25,99e8202
3,production-verb-synthetic,1000,645,literal,gzip,386,361,25,99e8202
3,production-verb-synthetic,1000,646,compact,none,97,68,29,99e8202
3,production-verb-synthetic,1000,646,literal,none,911,886,25,99e8202
3,production-verb-synthetic,1000,646,literal,gzip,387,362,25,99e8202
3,production-verb-synthetic,1000,647,compact,none,97,68,29,99e8202
3,production-verb-synthetic,1000,647,literal,none,911,886,25,99e8202
3,production-verb-synthetic,1000,647,literal,gzip,387,362,25,99e8202
3,production-verb-synthetic,1000,648,compact,none,97,68,29,99e8202
3,production-verb-synthetic,1000,648,literal,none,911,886,25,99e8202
3,production-verb-synthetic,1000,648,literal,gzip,388,363,25,99e8202
3,production-verb-synthetic,1000,649,compact,none,97,68,29,99e8202
3,production-verb-synthetic,1000,649,literal,none,911,886,25,99e8202
3,production-verb-synthetic,1000,649,literal,gzip,388,363,25,99e8202
3,production-verb-synthetic,1000,650,compact,none,97,68,29,99e8202
3,production-verb-synthetic,1000,650,literal,none,911,886,25,99e8202
3,production-verb-synthetic,1000,650,literal,gzip,388,363,25,99e8202
3,production-verb-synthetic,1000,651,compact,none,97,68,29,99e8202
3,production-verb-synthetic,1000,651,literal,none,911,886,25,99e8202
3,production-verb-synthetic,1000,651,literal,gzip,388,363,25,99e8202
3,production-verb-synthetic,1000,652,compact,none,97,68,29,99e8202
3,production-verb-synthetic,1000,652,literal,none,911,886,25,99e8202
3,production-verb-synthetic,1000,652,literal,gzip,387,362,25,99e8202
3,production-verb-synthetic,1000,653,compact,none,97,68,29,99e8202
3,production-verb-synthetic,1000,653,literal,none,911,886,25,99e8202
3,production-verb-synthetic,1000,653,literal,gzip,387,362,25,99e8202
3,production-verb-synthetic,1000,654,compact,none,97,68,29,99e8202
3,production-verb-synthetic,1000,654,literal,none,911,886,25,99e8202
3,production-verb-synthetic,1000,654,literal,gzip,388,363,25,99e8202
3,production-verb-synthetic,1000,655,compact,none,97,68,29,99e8202
3,production-verb-synthetic,1000,655,literal,none,911,886,25,99e8202
3,production-verb-synthetic,1000,655,literal,gzip,387,362,25,99e8202
3,production-verb-synthetic,1000,656,compact,none,96,67,29,99e8202
3,production-verb-synthetic,1000,656,literal,none,910,885,25,99e8202
3,production-verb-synthetic,1000,656,literal,gzip,387,362,25,99e8202
3,production-verb-synthetic,1000,657,compact,none,96,67,29,99e8202
3,production-verb-synthetic,1000,657,literal,none,910,885,25,99e8202
3,production-verb-synthetic,1000,657,literal,gzip,387,362,25,99e8202
3,production-verb-synthetic,1000,658,compact,none,97,68,29,99e8202
3,production-verb-synthetic,1000,658,literal,none,911,886,25,99e8202
3,production-verb-synthetic,1000,658,literal,gzip,387,362,25,99e8202
3,production-verb-synthetic,1000,659,compact,none,97,68,29,99e8202
3,production-verb-synthetic,1000,659,literal,none,911,886,25,99e8202
3,production-verb-synthetic,1000,659,literal,gzip,388,363,25,99e8202
3,production-verb-synthetic,1000,660,compact,none,97,68,29,99e8202
3,production-verb-synthetic,1000,660,literal,none,911,886,25,99e8202
3,production-verb-synthetic,1000,660,literal,gzip,388,363,25,99e8202
3,production-verb-synthetic,1000,661,compact,none,97,68,29,99e8202
3,production-verb-synthetic,1000,661,literal,none,911,886,25,99e8202
3,production-verb-synthetic,1000,661,literal,gzip,387,362,25,99e8202
3,production-verb-synthetic,1000,662,compact,none,97,68,29,99e8202
3,production-verb-synthetic,1000,662,literal,none,911,886,25,99e8202
3,production-verb-synthetic,1000,662,literal,gzip,387,362,25,99e8202
3,production-verb-synthetic,1000,663,compact,none,97,68,29,99e8202
3,production-verb-synthetic,1000,663,literal,none,911,886,25,99e8202
3,production-verb-synthetic,1000,663,literal,gzip,387,362,25,99e8202
3,production-verb-synthetic,1000,664,compact,none,97,68,29,99e8202
3,production-verb-synthetic,1000,664,literal,none,911,886,25,99e8202
3,production-verb-synthetic,1000,664,literal,gzip,388,363,25,99e8202
3,production-verb-synthetic,1000,665,compact,none,97,68,29,99e8202
3,production-verb-synthetic,1000,665,literal,none,911,886,25,99e8202
3,production-verb-synthetic,1000,665,literal,gzip,387,362,25,99e8202
3,production-verb-synthetic,1000,666,compact,none,97,68,29,99e8202
3,production-verb-synthetic,1000,666,literal,none,911,886,25,99e8202
3,production-verb-synthetic,1000,666,literal,gzip,388,363,25,99e8202
3,production-verb-synthetic,1000,667,compact,none,97,68,29,99e8202
3,production-verb-synthetic,1000,667,literal,none,911,886,25,99e8202
3,production-verb-synthetic,1000,667,literal,gzip,389,364,25,99e8202
3,production-verb-synthetic,1000,668,compact,none,97,68,29,99e8202
3,production-verb-synthetic,1000,668,literal,none,911,886,25,99e8202
3,production-verb-synthetic,1000,668,literal,gzip,389,364,25,99e8202
3,production-verb-synthetic,1000,669,compact,none,96,67,29,99e8202
3,production-verb-synthetic,1000,669,literal,none,910,885,25,99e8202
3,production-verb-synthetic,1000,669,literal,gzip,386,361,25,99e8202
3,production-verb-synthetic,1000,670,compact,none,97,68,29,99e8202
3,production-verb-synthetic,1000,670,literal,none,911,886,25,99e8202
3,production-verb-synthetic,1000,670,literal,gzip,387,362,25,99e8202
3,production-verb-synthetic,1000,671,compact,none,97,68,29,99e8202
3,production-verb-synthetic,1000,671,literal,none,911,886,25,99e8202
3,production-verb-synthetic,1000,671,literal,gzip,387,362,25,99e8202
3,production-verb-synthetic,1000,672,compact,none,97,68,29,99e8202
3,production-verb-synthetic,1000,672,literal,none,911,886,25,99e8202
3,production-verb-synthetic,1000,672,literal,gzip,388,363,25,99e8202
3,production-verb-synthetic,1000,673,compact,none,97,68,29,99e8202
3,production-verb-synthetic,1000,673,literal,none,911,886,25,99e8202
3,production-verb-synthetic,1000,673,literal,gzip,386,361,25,99e8202
3,production-verb-synthetic,1000,674,compact,none,97,68,29,99e8202
3,production-verb-synthetic,1000,674,literal,none,911,886,25,99e8202
3,production-verb-synthetic,1000,674,literal,gzip,388,363,25,99e8202
3,production-verb-synthetic,1000,675,compact,none,97,68,29,99e8202
3,production-verb-synthetic,1000,675,literal,none,911,886,25,99e8202
3,production-verb-synthetic,1000,675,literal,gzip,387,362,25,99e8202
3,production-verb-synthetic,1000,676,compact,none,97,68,29,99e8202
3,production-verb-synthetic,1000,676,literal,none,911,886,25,99e8202
3,production-verb-synthetic,1000,676,literal,gzip,389,364,25,99e8202
3,production-verb-synthetic,1000,677,compact,none,97,68,29,99e8202
3,production-verb-synthetic,1000,677,literal,none,911,886,25,99e8202
3,production-verb-synthetic,1000,677,literal,gzip,388,363,25,99e8202
3,production-verb-synthetic,1000,678,compact,none,97,68,29,99e8202
3,production-verb-synthetic,1000,678,literal,none,911,886,25,99e8202
3,production-verb-synthetic,1000,678,literal,gzip,388,363,25,99e8202
3,production-verb-synthetic,1000,679,compact,none,97,68,29,99e8202
3,production-verb-synthetic,1000,679,literal,none,911,886,25,99e8202
3,production-verb-synthetic,1000,679,literal,gzip,389,364,25,99e8202
3,production-verb-synthetic,1000,680,compact,none,97,68,29,99e8202
3,production-verb-synthetic,1000,680,literal,none,911,886,25,99e8202
3,production-verb-synthetic,1000,680,literal,gzip,388,363,25,99e8202
3,production-verb-synthetic,1000,681,compact,none,97,68,29,99e8202
3,production-verb-synthetic,1000,681,literal,none,911,886,25,99e8202
3,production-verb-synthetic,1000,681,literal,gzip,388,363,25,99e8202
3,production-verb-synthetic,1000,682,compact,none,96,67,29,99e8202
3,production-verb-synthetic,1000,682,literal,none,910,885,25,99e8202
3,production-verb-synthetic,1000,682,literal,gzip,387,362,25,99e8202
3,production-verb-synthetic,1000,683,compact,none,97,68,29,99e8202
3,production-verb-synthetic,1000,683,literal,none,911,886,25,99e8202
3,production-verb-synthetic,1000,683,literal,gzip,387,362,25,99e8202
3,production-verb-synthetic,1000,684,compact,none,97,68,29,99e8202
3,production-verb-synthetic,1000,684,literal,none,911,886,25,99e8202
3,production-verb-synthetic,1000,684,literal,gzip,388,363,25,99e8202
3,production-verb-synthetic,1000,685,compact,none,97,68,29,99e8202
3,production-verb-synthetic,1000,685,literal,none,911,886,25,99e8202
3,production-verb-synthetic,1000,685,literal,gzip,387,362,25,99e8202
3,production-verb-synthetic,1000,686,compact,none,97,68,29,99e8202
3,production-verb-synthetic,1000,686,literal,none,911,886,25,99e8202
3,production-verb-synthetic,1000,686,literal,gzip,388,363,25,99e8202
3,production-verb-synthetic,1000,687,compact,none,97,68,29,99e8202
3,production-verb-synthetic,1000,687,literal,none,911,886,25,99e8202
3,production-verb-synthetic,1000,687,literal,gzip,388,363,25,99e8202
3,production-verb-synthetic,1000,688,compact,none,97,68,29,99e8202
3,production-verb-synthetic,1000,688,literal,none,911,886,25,99e8202
3,production-verb-synthetic,1000,688,literal,gzip,389,364,25,99e8202
3,production-verb-synthetic,1000,689,compact,none,97,68,29,99e8202
3,production-verb-synthetic,1000,689,literal,none,911,886,25,99e8202
3,production-verb-synthetic,1000,689,literal,gzip,388,363,25,99e8202
3,production-verb-synthetic,1000,690,compact,none,97,68,29,99e8202
3,production-verb-synthetic,1000,690,literal,none,911,886,25,99e8202
3,production-verb-synthetic,1000,690,literal,gzip,388,363,25,99e8202
3,production-verb-synthetic,1000,691,compact,none,97,68,29,99e8202
3,production-verb-synthetic,1000,691,literal,none,911,886,25,99e8202
3,production-verb-synthetic,1000,691,literal,gzip,387,362,25,99e8202
3,production-verb-synthetic,1000,692,compact,none,97,68,29,99e8202
3,production-verb-synthetic,1000,692,literal,none,911,886,25,99e8202
3,production-verb-synthetic,1000,692,literal,gzip,388,363,25,99e8202
3,production-verb-synthetic,1000,693,compact,none,97,68,29,99e8202
3,production-verb-synthetic,1000,693,literal,none,911,886,25,99e8202
3,production-verb-synthetic,1000,693,literal,gzip,387,362,25,99e8202
3,production-verb-synthetic,1000,694,compact,none,97,68,29,99e8202
3,production-verb-synthetic,1000,694,literal,none,911,886,25,99e8202
3,production-verb-synthetic,1000,694,literal,gzip,389,364,25,99e8202
3,production-verb-synthetic,1000,695,compact,none,96,67,29,99e8202
3,production-verb-synthetic,1000,695,literal,none,910,885,25,99e8202
3,production-verb-synthetic,1000,695,literal,gzip,386,361,25,99e8202
3,production-verb-synthetic,1000,696,compact,none,97,68,29,99e8202
3,production-verb-synthetic,1000,696,literal,none,911,886,25,99e8202
3,production-verb-synthetic,1000,696,literal,gzip,388,363,25,99e8202
3,production-verb-synthetic,1000,697,compact,none,97,68,29,99e8202
3,production-verb-synthetic,1000,697,literal,none,911,886,25,99e8202
3,production-verb-synthetic,1000,697,literal,gzip,387,362,25,99e8202
3,production-verb-synthetic,1000,698,compact,none,97,68,29,99e8202
3,production-verb-synthetic,1000,698,literal,none,911,886,25,99e8202
3,production-verb-synthetic,1000,698,literal,gzip,388,363,25,99e8202
3,production-verb-synthetic,1000,699,compact,none,97,68,29,99e8202
3,production-verb-synthetic,1000,699,literal,none,911,886,25,99e8202
3,production-verb-synthetic,1000,699,literal,gzip,388,363,25,99e8202
3,production-verb-synthetic,1000,700,compact,none,97,68,29,99e8202
3,production-verb-synthetic,1000,700,literal,none,911,886,25,99e8202
3,production-verb-synthetic,1000,700,literal,gzip,388,363,25,99e8202
3,production-verb-synthetic,1000,701,compact,none,97,68,29,99e8202
3,production-verb-synthetic,1000,701,literal,none,911,886,25,99e8202
3,production-verb-synthetic,1000,701,literal,gzip,388,363,25,99e8202
3,production-verb-synthetic,1000,702,compact,none,97,68,29,99e8202
3,production-verb-synthetic,1000,702,literal,none,911,886,25,99e8202
3,production-verb-synthetic,1000,702,literal,gzip,387,362,25,99e8202
3,production-verb-synthetic,1000,703,compact,none,97,68,29,99e8202
3,production-verb-synthetic,1000,703,literal,none,911,886,25,99e8202
3,production-verb-synthetic,1000,703,literal,gzip,387,362,25,99e8202
3,production-verb-synthetic,1000,704,compact,none,97,68,29,99e8202
3,production-verb-synthetic,1000,704,literal,none,911,886,25,99e8202
3,production-verb-synthetic,1000,704,literal,gzip,389,364,25,99e8202
3,production-verb-synthetic,1000,705,compact,none,97,68,29,99e8202
3,production-verb-synthetic,1000,705,literal,none,911,886,25,99e8202
3,production-verb-synthetic,1000,705,literal,gzip,387,362,25,99e8202
3,production-verb-synthetic,1000,706,compact,none,97,68,29,99e8202
3,production-verb-synthetic,1000,706,literal,none,911,886,25,99e8202
3,production-verb-synthetic,1000,706,literal,gzip,388,363,25,99e8202
3,production-verb-synthetic,1000,707,compact,none,97,68,29,99e8202
3,production-verb-synthetic,1000,707,literal,none,911,886,25,99e8202
3,production-verb-synthetic,1000,707,literal,gzip,388,363,25,99e8202
3,production-verb-synthetic,1000,708,compact,none,96,67,29,99e8202
3,production-verb-synthetic,1000,708,literal,none,910,885,25,99e8202
3,production-verb-synthetic,1000,708,literal,gzip,388,363,25,99e8202
3,production-verb-synthetic,1000,709,compact,none,97,68,29,99e8202
3,production-verb-synthetic,1000,709,literal,none,911,886,25,99e8202
3,production-verb-synthetic,1000,709,literal,gzip,387,362,25,99e8202
3,production-verb-synthetic,1000,710,compact,none,97,68,29,99e8202
3,production-verb-synthetic,1000,710,literal,none,911,886,25,99e8202
3,production-verb-synthetic,1000,710,literal,gzip,387,362,25,99e8202
3,production-verb-synthetic,1000,711,compact,none,97,68,29,99e8202
3,production-verb-synthetic,1000,711,literal,none,911,886,25,99e8202
3,production-verb-synthetic,1000,711,literal,gzip,387,362,25,99e8202
3,production-verb-synthetic,1000,712,compact,none,97,68,29,99e8202
3,production-verb-synthetic,1000,712,literal,none,911,886,25,99e8202
3,production-verb-synthetic,1000,712,literal,gzip,387,362,25,99e8202
3,production-verb-synthetic,1000,713,compact,none,97,68,29,99e8202
3,production-verb-synthetic,1000,713,literal,none,911,886,25,99e8202
3,production-verb-synthetic,1000,713,literal,gzip,386,361,25,99e8202
3,production-verb-synthetic,1000,714,compact,none,97,68,29,99e8202
3,production-verb-synthetic,1000,714,literal,none,911,886,25,99e8202
3,production-verb-synthetic,1000,714,literal,gzip,388,363,25,99e8202
3,production-verb-synthetic,1000,715,compact,none,97,68,29,99e8202
3,production-verb-synthetic,1000,715,literal,none,911,886,25,99e8202
3,production-verb-synthetic,1000,715,literal,gzip,387,362,25,99e8202
3,production-verb-synthetic,1000,716,compact,none,97,68,29,99e8202
3,production-verb-synthetic,1000,716,literal,none,911,886,25,99e8202
3,production-verb-synthetic,1000,716,literal,gzip,389,364,25,99e8202
3,production-verb-synthetic,1000,717,compact,none,97,68,29,99e8202
3,production-verb-synthetic,1000,717,literal,none,911,886,25,99e8202
3,production-verb-synthetic,1000,717,literal,gzip,388,363,25,99e8202
3,production-verb-synthetic,1000,718,compact,none,97,68,29,99e8202
3,production-verb-synthetic,1000,718,literal,none,911,886,25,99e8202
3,production-verb-synthetic,1000,718,literal,gzip,387,362,25,99e8202
3,production-verb-synthetic,1000,719,compact,none,97,68,29,99e8202
3,production-verb-synthetic,1000,719,literal,none,911,886,25,99e8202
3,production-verb-synthetic,1000,719,literal,gzip,388,363,25,99e8202
3,production-verb-synthetic,1000,720,compact,none,96,67,29,99e8202
3,production-verb-synthetic,1000,720,literal,none,910,885,25,99e8202
3,production-verb-synthetic,1000,720,literal,gzip,387,362,25,99e8202
3,production-verb-synthetic,1000,721,compact,none,96,67,29,99e8202
3,production-verb-synthetic,1000,721,literal,none,910,885,25,99e8202
3,production-verb-synthetic,1000,721,literal,gzip,386,361,25,99e8202
3,production-verb-synthetic,1000,722,compact,none,97,68,29,99e8202
3,production-verb-synthetic,1000,722,literal,none,911,886,25,99e8202
3,production-verb-synthetic,1000,722,literal,gzip,386,361,25,99e8202
3,production-verb-synthetic,1000,723,compact,none,97,68,29,99e8202
3,production-verb-synthetic,1000,723,literal,none,911,886,25,99e8202
3,production-verb-synthetic,1000,723,literal,gzip,386,361,25,99e8202
3,production-verb-synthetic,1000,724,compact,none,97,68,29,99e8202
3,production-verb-synthetic,1000,724,literal,none,911,886,25,99e8202
3,production-verb-synthetic,1000,724,literal,gzip,388,363,25,99e8202
3,production-verb-synthetic,1000,725,compact,none,97,68,29,99e8202
3,production-verb-synthetic,1000,725,literal,none,911,886,25,99e8202
3,production-verb-synthetic,1000,725,literal,gzip,387,362,25,99e8202
3,production-verb-synthetic,1000,726,compact,none,97,68,29,99e8202
3,production-verb-synthetic,1000,726,literal,none,911,886,25,99e8202
3,production-verb-synthetic,1000,726,literal,gzip,389,364,25,99e8202
3,production-verb-synthetic,1000,727,compact,none,97,68,29,99e8202
3,production-verb-synthetic,1000,727,literal,none,911,886,25,99e8202
3,production-verb-synthetic,1000,727,literal,gzip,389,364,25,99e8202
3,production-verb-synthetic,1000,728,compact,none,97,68,29,99e8202
3,production-verb-synthetic,1000,728,literal,none,911,886,25,99e8202
3,production-verb-synthetic,1000,728,literal,gzip,389,364,25,99e8202
3,production-verb-synthetic,1000,729,compact,none,97,68,29,99e8202
3,production-verb-synthetic,1000,729,literal,none,911,886,25,99e8202
3,production-verb-synthetic,1000,729,literal,gzip,388,363,25,99e8202
3,production-verb-synthetic,1000,730,compact,none,97,68,29,99e8202
3,production-verb-synthetic,1000,730,literal,none,911,886,25,99e8202
3,production-verb-synthetic,1000,730,literal,gzip,388,363,25,99e8202
3,production-verb-synthetic,1000,731,compact,none,97,68,29,99e8202
3,production-verb-synthetic,1000,731,literal,none,911,886,25,99e8202
3,production-verb-synthetic,1000,731,literal,gzip,387,362,25,99e8202
3,production-verb-synthetic,1000,732,compact,none,97,68,29,99e8202
3,production-verb-synthetic,1000,732,literal,none,911,886,25,99e8202
3,production-verb-synthetic,1000,732,literal,gzip,388,363,25,99e8202
3,production-verb-synthetic,1000,733,compact,none,96,67,29,99e8202
3,production-verb-synthetic,1000,733,literal,none,910,885,25,99e8202
3,production-verb-synthetic,1000,733,literal,gzip,384,359,25,99e8202
3,production-verb-synthetic,1000,734,compact,none,96,67,29,99e8202
3,production-verb-synthetic,1000,734,literal,none,910,885,25,99e8202
3,production-verb-synthetic,1000,734,literal,gzip,388,363,25,99e8202
3,production-verb-synthetic,1000,735,compact,none,97,68,29,99e8202
3,production-verb-synthetic,1000,735,literal,none,911,886,25,99e8202
3,production-verb-synthetic,1000,735,literal,gzip,387,362,25,99e8202
3,production-verb-synthetic,1000,736,compact,none,97,68,29,99e8202
3,production-verb-synthetic,1000,736,literal,none,911,886,25,99e8202
3,production-verb-synthetic,1000,736,literal,gzip,388,363,25,99e8202
3,production-verb-synthetic,1000,737,compact,none,97,68,29,99e8202
3,production-verb-synthetic,1000,737,literal,none,911,886,25,99e8202
3,production-verb-synthetic,1000,737,literal,gzip,387,362,25,99e8202
3,production-verb-synthetic,1000,738,compact,none,97,68,29,99e8202
3,production-verb-synthetic,1000,738,literal,none,911,886,25,99e8202
3,production-verb-synthetic,1000,738,literal,gzip,388,363,25,99e8202
3,production-verb-synthetic,1000,739,compact,none,97,68,29,99e8202
3,production-verb-synthetic,1000,739,literal,none,911,886,25,99e8202
3,production-verb-synthetic,1000,739,literal,gzip,389,364,25,99e8202
3,production-verb-synthetic,1000,740,compact,none,97,68,29,99e8202
3,production-verb-synthetic,1000,740,literal,none,911,886,25,99e8202
3,production-verb-synthetic,1000,740,literal,gzip,388,363,25,99e8202
3,production-verb-synthetic,1000,741,compact,none,97,68,29,99e8202
3,production-verb-synthetic,1000,741,literal,none,911,886,25,99e8202
3,production-verb-synthetic,1000,741,literal,gzip,388,363,25,99e8202
3,production-verb-synthetic,1000,742,compact,none,97,68,29,99e8202
3,production-verb-synthetic,1000,742,literal,none,911,886,25,99e8202
3,production-verb-synthetic,1000,742,literal,gzip,387,362,25,99e8202
3,production-verb-synthetic,1000,743,compact,none,97,68,29,99e8202
3,production-verb-synthetic,1000,743,literal,none,911,886,25,99e8202
3,production-verb-synthetic,1000,743,literal,gzip,386,361,25,99e8202
3,production-verb-synthetic,1000,744,compact,none,97,68,29,99e8202
3,production-verb-synthetic,1000,744,literal,none,911,886,25,99e8202
3,production-verb-synthetic,1000,744,literal,gzip,388,363,25,99e8202
3,production-verb-synthetic,1000,745,compact,none,97,68,29,99e8202
3,production-verb-synthetic,1000,745,literal,none,911,886,25,99e8202
3,production-verb-synthetic,1000,745,literal,gzip,388,363,25,99e8202
3,production-verb-synthetic,1000,746,compact,none,96,67,29,99e8202
3,production-verb-synthetic,1000,746,literal,none,910,885,25,99e8202
3,production-verb-synthetic,1000,746,literal,gzip,386,361,25,99e8202
3,production-verb-synthetic,1000,747,compact,none,96,67,29,99e8202
3,production-verb-synthetic,1000,747,literal,none,910,885,25,99e8202
3,production-verb-synthetic,1000,747,literal,gzip,388,363,25,99e8202
3,production-verb-synthetic,1000,748,compact,none,97,68,29,99e8202
3,production-verb-synthetic,1000,748,literal,none,911,886,25,99e8202
3,production-verb-synthetic,1000,748,literal,gzip,388,363,25,99e8202
3,production-verb-synthetic,1000,749,compact,none,97,68,29,99e8202
3,production-verb-synthetic,1000,749,literal,none,911,886,25,99e8202
3,production-verb-synthetic,1000,749,literal,gzip,388,363,25,99e8202
3,production-verb-synthetic,1000,750,compact,none,97,68,29,99e8202
3,production-verb-synthetic,1000,750,literal,none,911,886,25,99e8202
3,production-verb-synthetic,1000,750,literal,gzip,388,363,25,99e8202
3,production-verb-synthetic,1000,751,compact,none,97,68,29,99e8202
3,production-verb-synthetic,1000,751,literal,none,911,886,25,99e8202
3,production-verb-synthetic,1000,751,literal,gzip,387,362,25,99e8202
3,production-verb-synthetic,1000,752,compact,none,97,68,29,99e8202
3,production-verb-synthetic,1000,752,literal,none,911,886,25,99e8202
3,production-verb-synthetic,1000,752,literal,gzip,388,363,25,99e8202
3,production-verb-synthetic,1000,753,compact,none,97,68,29,99e8202
3,production-verb-synthetic,1000,753,literal,none,911,886,25,99e8202
3,production-verb-synthetic,1000,753,literal,gzip,387,362,25,99e8202
3,production-verb-synthetic,1000,754,compact,none,97,68,29,99e8202
3,production-verb-synthetic,1000,754,literal,none,911,886,25,99e8202
3,production-verb-synthetic,1000,754,literal,gzip,388,363,25,99e8202
3,production-verb-synthetic,1000,755,compact,none,97,68,29,99e8202
3,production-verb-synthetic,1000,755,literal,none,911,886,25,99e8202
3,production-verb-synthetic,1000,755,literal,gzip,387,362,25,99e8202
3,production-verb-synthetic,1000,756,compact,none,97,68,29,99e8202
3,production-verb-synthetic,1000,756,literal,none,911,886,25,99e8202
3,production-verb-synthetic,1000,756,literal,gzip,389,364,25,99e8202
3,production-verb-synthetic,1000,757,compact,none,97,68,29,99e8202
3,production-verb-synthetic,1000,757,literal,none,911,886,25,99e8202
3,production-verb-synthetic,1000,757,literal,gzip,387,362,25,99e8202
3,production-verb-synthetic,1000,758,compact,none,97,68,29,99e8202
3,production-verb-synthetic,1000,758,literal,none,911,886,25,99e8202
3,production-verb-synthetic,1000,758,literal,gzip,389,364,25,99e8202
3,production-verb-synthetic,1000,759,compact,none,96,67,29,99e8202
3,production-verb-synthetic,1000,759,literal,none,910,885,25,99e8202
3,production-verb-synthetic,1000,759,literal,gzip,386,361,25,99e8202
3,production-verb-synthetic,1000,760,compact,none,97,68,29,99e8202
3,production-verb-synthetic,1000,760,literal,none,911,886,25,99e8202
3,production-verb-synthetic,1000,760,literal,gzip,388,363,25,99e8202
3,production-verb-synthetic,1000,761,compact,none,97,68,29,99e8202
3,production-verb-synthetic,1000,761,literal,none,911,886,25,99e8202
3,production-verb-synthetic,1000,761,literal,gzip,386,361,25,99e8202
3,production-verb-synthetic,1000,762,compact,none,97,68,29,99e8202
3,production-verb-synthetic,1000,762,literal,none,911,886,25,99e8202
3,production-verb-synthetic,1000,762,literal,gzip,387,362,25,99e8202
3,production-verb-synthetic,1000,763,compact,none,97,68,29,99e8202
3,production-verb-synthetic,1000,763,literal,none,911,886,25,99e8202
3,production-verb-synthetic,1000,763,literal,gzip,386,361,25,99e8202
3,production-verb-synthetic,1000,764,compact,none,97,68,29,99e8202
3,production-verb-synthetic,1000,764,literal,none,911,886,25,99e8202
3,production-verb-synthetic,1000,764,literal,gzip,389,364,25,99e8202
3,production-verb-synthetic,1000,765,compact,none,97,68,29,99e8202
3,production-verb-synthetic,1000,765,literal,none,911,886,25,99e8202
3,production-verb-synthetic,1000,765,literal,gzip,387,362,25,99e8202
3,production-verb-synthetic,1000,766,compact,none,97,68,29,99e8202
3,production-verb-synthetic,1000,766,literal,none,911,886,25,99e8202
3,production-verb-synthetic,1000,766,literal,gzip,389,364,25,99e8202
3,production-verb-synthetic,1000,767,compact,none,97,68,29,99e8202
3,production-verb-synthetic,1000,767,literal,none,911,886,25,99e8202
3,production-verb-synthetic,1000,767,literal,gzip,389,364,25,99e8202
3,production-verb-synthetic,1000,768,compact,none,97,68,29,99e8202
3,production-verb-synthetic,1000,768,literal,none,911,886,25,99e8202
3,production-verb-synthetic,1000,768,literal,gzip,389,364,25,99e8202
3,production-verb-synthetic,1000,769,compact,none,97,68,29,99e8202
3,production-verb-synthetic,1000,769,literal,none,911,886,25,99e8202
3,production-verb-synthetic,1000,769,literal,gzip,388,363,25,99e8202
3,production-verb-synthetic,1000,770,compact,none,97,68,29,99e8202
3,production-verb-synthetic,1000,770,literal,none,911,886,25,99e8202
3,production-verb-synthetic,1000,770,literal,gzip,388,363,25,99e8202
3,production-verb-synthetic,1000,771,compact,none,97,68,29,99e8202
3,production-verb-synthetic,1000,771,literal,none,911,886,25,99e8202
3,production-verb-synthetic,1000,771,literal,gzip,388,363,25,99e8202
3,production-verb-synthetic,1000,772,compact,none,96,67,29,99e8202
3,production-verb-synthetic,1000,772,literal,none,910,885,25,99e8202
3,production-verb-synthetic,1000,772,literal,gzip,387,362,25,99e8202
3,production-verb-synthetic,1000,773,compact,none,97,68,29,99e8202
3,production-verb-synthetic,1000,773,literal,none,911,886,25,99e8202
3,production-verb-synthetic,1000,773,literal,gzip,385,360,25,99e8202
3,production-verb-synthetic,1000,774,compact,none,97,68,29,99e8202
3,production-verb-synthetic,1000,774,literal,none,911,886,25,99e8202
3,production-verb-synthetic,1000,774,literal,gzip,387,362,25,99e8202
3,production-verb-synthetic,1000,775,compact,none,97,68,29,99e8202
3,production-verb-synthetic,1000,775,literal,none,911,886,25,99e8202
3,production-verb-synthetic,1000,775,literal,gzip,386,361,25,99e8202
3,production-verb-synthetic,1000,776,compact,none,97,68,29,99e8202
3,production-verb-synthetic,1000,776,literal,none,911,886,25,99e8202
3,production-verb-synthetic,1000,776,literal,gzip,388,363,25,99e8202
3,production-verb-synthetic,1000,777,compact,none,97,68,29,99e8202
3,production-verb-synthetic,1000,777,literal,none,911,886,25,99e8202
3,production-verb-synthetic,1000,777,literal,gzip,387,362,25,99e8202
3,production-verb-synthetic,1000,778,compact,none,97,68,29,99e8202
3,production-verb-synthetic,1000,778,literal,none,911,886,25,99e8202
3,production-verb-synthetic,1000,778,literal,gzip,389,364,25,99e8202
3,production-verb-synthetic,1000,779,compact,none,97,68,29,99e8202
3,production-verb-synthetic,1000,779,literal,none,911,886,25,99e8202
3,production-verb-synthetic,1000,779,literal,gzip,389,364,25,99e8202
3,production-verb-synthetic,1000,780,compact,none,97,68,29,99e8202
3,production-verb-synthetic,1000,780,literal,none,911,886,25,99e8202
3,production-verb-synthetic,1000,780,literal,gzip,388,363,25,99e8202
3,production-verb-synthetic,1000,781,compact,none,97,68,29,99e8202
3,production-verb-synthetic,1000,781,literal,none,911,886,25,99e8202
3,production-verb-synthetic,1000,781,literal,gzip,388,363,25,99e8202
3,production-verb-synthetic,1000,782,compact,none,97,68,29,99e8202
3,production-verb-synthetic,1000,782,literal,none,911,886,25,99e8202
3,production-verb-synthetic,1000,782,literal,gzip,387,362,25,99e8202
3,production-verb-synthetic,1000,783,compact,none,97,68,29,99e8202
3,production-verb-synthetic,1000,783,literal,none,911,886,25,99e8202
3,production-verb-synthetic,1000,783,literal,gzip,387,362,25,99e8202
3,production-verb-synthetic,1000,784,compact,none,97,68,29,99e8202
3,production-verb-synthetic,1000,784,literal,none,911,886,25,99e8202
3,production-verb-synthetic,1000,784,literal,gzip,389,364,25,99e8202
3,production-verb-synthetic,1000,785,compact,none,96,67,29,99e8202
3,production-verb-synthetic,1000,785,literal,none,910,885,25,99e8202
3,production-verb-synthetic,1000,785,literal,gzip,386,361,25,99e8202
3,production-verb-synthetic,1000,786,compact,none,97,68,29,99e8202
3,production-verb-synthetic,1000,786,literal,none,911,886,25,99e8202
3,production-verb-synthetic,1000,786,literal,gzip,388,363,25,99e8202
3,production-verb-synthetic,1000,787,compact,none,97,68,29,99e8202
3,production-verb-synthetic,1000,787,literal,none,911,886,25,99e8202
3,production-verb-synthetic,1000,787,literal,gzip,387,362,25,99e8202
3,production-verb-synthetic,1000,788,compact,none,97,68,29,99e8202
3,production-verb-synthetic,1000,788,literal,none,911,886,25,99e8202
3,production-verb-synthetic,1000,788,literal,gzip,388,363,25,99e8202
3,production-verb-synthetic,1000,789,compact,none,97,68,29,99e8202
3,production-verb-synthetic,1000,789,literal,none,911,886,25,99e8202
3,production-verb-synthetic,1000,789,literal,gzip,388,363,25,99e8202
3,production-verb-synthetic,1000,790,compact,none,97,68,29,99e8202
3,production-verb-synthetic,1000,790,literal,none,911,886,25,99e8202
3,production-verb-synthetic,1000,790,literal,gzip,388,363,25,99e8202
3,production-verb-synthetic,1000,791,compact,none,97,68,29,99e8202
3,production-verb-synthetic,1000,791,literal,none,911,886,25,99e8202
3,production-verb-synthetic,1000,791,literal,gzip,388,363,25,99e8202
3,production-verb-synthetic,1000,792,compact,none,97,68,29,99e8202
3,production-verb-synthetic,1000,792,literal,none,911,886,25,99e8202
3,production-verb-synthetic,1000,792,literal,gzip,388,363,25,99e8202
3,production-verb-synthetic,1000,793,compact,none,97,68,29,99e8202
3,production-verb-synthetic,1000,793,literal,none,911,886,25,99e8202
3,production-verb-synthetic,1000,793,literal,gzip,387,362,25,99e8202
3,production-verb-synthetic,1000,794,compact,none,97,68,29,99e8202
3,production-verb-synthetic,1000,794,literal,none,911,886,25,99e8202
3,production-verb-synthetic,1000,794,literal,gzip,389,364,25,99e8202
3,production-verb-synthetic,1000,795,compact,none,97,68,29,99e8202
3,production-verb-synthetic,1000,795,literal,none,911,886,25,99e8202
3,production-verb-synthetic,1000,795,literal,gzip,387,362,25,99e8202
3,production-verb-synthetic,1000,796,compact,none,97,68,29,99e8202
3,production-verb-synthetic,1000,796,literal,none,911,886,25,99e8202
3,production-verb-synthetic,1000,796,literal,gzip,389,364,25,99e8202
3,production-verb-synthetic,1000,797,compact,none,97,68,29,99e8202
3,production-verb-synthetic,1000,797,literal,none,911,886,25,99e8202
3,production-verb-synthetic,1000,797,literal,gzip,388,363,25,99e8202
3,production-verb-synthetic,1000,798,compact,none,96,67,29,99e8202
3,production-verb-synthetic,1000,798,literal,none,910,885,25,99e8202
3,production-verb-synthetic,1000,798,literal,gzip,388,363,25,99e8202
3,production-verb-synthetic,1000,799,compact,none,97,68,29,99e8202
3,production-verb-synthetic,1000,799,literal,none,911,886,25,99e8202
3,production-verb-synthetic,1000,799,literal,gzip,388,363,25,99e8202
3,production-verb-synthetic,1000,800,compact,none,97,68,29,99e8202
3,production-verb-synthetic,1000,800,literal,none,911,886,25,99e8202
3,production-verb-synthetic,1000,800,literal,gzip,387,362,25,99e8202
3,production-verb-synthetic,1000,801,compact,none,97,68,29,99e8202
3,production-verb-synthetic,1000,801,literal,none,911,886,25,99e8202
3,production-verb-synthetic,1000,801,literal,gzip,387,362,25,99e8202
3,production-verb-synthetic,1000,802,compact,none,97,68,29,99e8202
3,production-verb-synthetic,1000,802,literal,none,911,886,25,99e8202
3,production-verb-synthetic,1000,802,literal,gzip,387,362,25,99e8202
3,production-verb-synthetic,1000,803,compact,none,97,68,29,99e8202
3,production-verb-synthetic,1000,803,literal,none,911,886,25,99e8202
3,production-verb-synthetic,1000,803,literal,gzip,387,362,25,99e8202
3,production-verb-synthetic,1000,804,compact,none,97,68,29,99e8202
3,production-verb-synthetic,1000,804,literal,none,911,886,25,99e8202
3,production-verb-synthetic,1000,804,literal,gzip,388,363,25,99e8202
3,production-verb-synthetic,1000,805,compact,none,97,68,29,99e8202
3,production-verb-synthetic,1000,805,literal,none,911,886,25,99e8202
3,production-verb-synthetic,1000,805,literal,gzip,387,362,25,99e8202
3,production-verb-synthetic,1000,806,compact,none,97,68,29,99e8202
3,production-verb-synthetic,1000,806,literal,none,911,886,25,99e8202
3,production-verb-synthetic,1000,806,literal,gzip,388,363,25,99e8202
3,production-verb-synthetic,1000,807,compact,none,97,68,29,99e8202
3,production-verb-synthetic,1000,807,literal,none,911,886,25,99e8202
3,production-verb-synthetic,1000,807,literal,gzip,389,364,25,99e8202
3,production-verb-synthetic,1000,808,compact,none,97,68,29,99e8202
3,production-verb-synthetic,1000,808,literal,none,911,886,25,99e8202
3,production-verb-synthetic,1000,808,literal,gzip,389,364,25,99e8202
3,production-verb-synthetic,1000,809,compact,none,97,68,29,99e8202
3,production-verb-synthetic,1000,809,literal,none,911,886,25,99e8202
3,production-verb-synthetic,1000,809,literal,gzip,387,362,25,99e8202
3,production-verb-synthetic,1000,810,compact,none,96,67,29,99e8202
3,production-verb-synthetic,1000,810,literal,none,910,885,25,99e8202
3,production-verb-synthetic,1000,810,literal,gzip,387,362,25,99e8202
3,production-verb-synthetic,1000,811,compact,none,96,67,29,99e8202
3,production-verb-synthetic,1000,811,literal,none,910,885,25,99e8202
3,production-verb-synthetic,1000,811,literal,gzip,386,361,25,99e8202
3,production-verb-synthetic,1000,812,compact,none,97,68,29,99e8202
3,production-verb-synthetic,1000,812,literal,none,911,886,25,99e8202
3,production-verb-synthetic,1000,812,literal,gzip,386,361,25,99e8202
3,production-verb-synthetic,1000,813,compact,none,97,68,29,99e8202
3,production-verb-synthetic,1000,813,literal,none,911,886,25,99e8202
3,production-verb-synthetic,1000,813,literal,gzip,385,360,25,99e8202
3,production-verb-synthetic,1000,814,compact,none,97,68,29,99e8202
3,production-verb-synthetic,1000,814,literal,none,911,886,25,99e8202
3,production-verb-synthetic,1000,814,literal,gzip,387,362,25,99e8202
3,production-verb-synthetic,1000,815,compact,none,97,68,29,99e8202
3,production-verb-synthetic,1000,815,literal,none,911,886,25,99e8202
3,production-verb-synthetic,1000,815,literal,gzip,386,361,25,99e8202
3,production-verb-synthetic,1000,816,compact,none,97,68,29,99e8202
3,production-verb-synthetic,1000,816,literal,none,911,886,25,99e8202
3,production-verb-synthetic,1000,816,literal,gzip,389,364,25,99e8202
3,production-verb-synthetic,1000,817,compact,none,97,68,29,99e8202
3,production-verb-synthetic,1000,817,literal,none,911,886,25,99e8202
3,production-verb-synthetic,1000,817,literal,gzip,388,363,25,99e8202
3,production-verb-synthetic,1000,818,compact,none,97,68,29,99e8202
3,production-verb-synthetic,1000,818,literal,none,911,886,25,99e8202
3,production-verb-synthetic,1000,818,literal,gzip,388,363,25,99e8202
3,production-verb-synthetic,1000,819,compact,none,97,68,29,99e8202
3,production-verb-synthetic,1000,819,literal,none,911,886,25,99e8202
3,production-verb-synthetic,1000,819,literal,gzip,388,363,25,99e8202
3,production-verb-synthetic,1000,820,compact,none,97,68,29,99e8202
3,production-verb-synthetic,1000,820,literal,none,911,886,25,99e8202
3,production-verb-synthetic,1000,820,literal,gzip,388,363,25,99e8202
3,production-verb-synthetic,1000,821,compact,none,97,68,29,99e8202
3,production-verb-synthetic,1000,821,literal,none,911,886,25,99e8202
3,production-verb-synthetic,1000,821,literal,gzip,388,363,25,99e8202
3,production-verb-synthetic,1000,822,compact,none,97,68,29,99e8202
3,production-verb-synthetic,1000,822,literal,none,911,886,25,99e8202
3,production-verb-synthetic,1000,822,literal,gzip,387,362,25,99e8202
3,production-verb-synthetic,1000,823,compact,none,96,67,29,99e8202
3,production-verb-synthetic,1000,823,literal,none,910,885,25,99e8202
3,production-verb-synthetic,1000,823,literal,gzip,385,360,25,99e8202
3,production-verb-synthetic,1000,824,compact,none,96,67,29,99e8202
3,production-verb-synthetic,1000,824,literal,none,910,885,25,99e8202
3,production-verb-synthetic,1000,824,literal,gzip,387,362,25,99e8202
3,production-verb-synthetic,1000,825,compact,none,97,68,29,99e8202
3,production-verb-synthetic,1000,825,literal,none,911,886,25,99e8202
3,production-verb-synthetic,1000,825,literal,gzip,386,361,25,99e8202
3,production-verb-synthetic,1000,826,compact,none,97,68,29,99e8202
3,production-verb-synthetic,1000,826,literal,none,911,886,25,99e8202
3,production-verb-synthetic,1000,826,literal,gzip,387,362,25,99e8202
3,production-verb-synthetic,1000,827,compact,none,97,68,29,99e8202
3,production-verb-synthetic,1000,827,literal,none,911,886,25,99e8202
3,production-verb-synthetic,1000,827,literal,gzip,387,362,25,99e8202
3,production-verb-synthetic,1000,828,compact,none,97,68,29,99e8202
3,production-verb-synthetic,1000,828,literal,none,911,886,25,99e8202
3,production-verb-synthetic,1000,828,literal,gzip,388,363,25,99e8202
3,production-verb-synthetic,1000,829,compact,none,97,68,29,99e8202
3,production-verb-synthetic,1000,829,literal,none,911,886,25,99e8202
3,production-verb-synthetic,1000,829,literal,gzip,388,363,25,99e8202
3,production-verb-synthetic,1000,830,compact,none,97,68,29,99e8202
3,production-verb-synthetic,1000,830,literal,none,911,886,25,99e8202
3,production-verb-synthetic,1000,830,literal,gzip,388,363,25,99e8202
3,production-verb-synthetic,1000,831,compact,none,97,68,29,99e8202
3,production-verb-synthetic,1000,831,literal,none,911,886,25,99e8202
3,production-verb-synthetic,1000,831,literal,gzip,388,363,25,99e8202
3,production-verb-synthetic,1000,832,compact,none,97,68,29,99e8202
3,production-verb-synthetic,1000,832,literal,none,911,886,25,99e8202
3,production-verb-synthetic,1000,832,literal,gzip,388,363,25,99e8202
3,production-verb-synthetic,1000,833,compact,none,97,68,29,99e8202
3,production-verb-synthetic,1000,833,literal,none,911,886,25,99e8202
3,production-verb-synthetic,1000,833,literal,gzip,386,361,25,99e8202
3,production-verb-synthetic,1000,834,compact,none,97,68,29,99e8202
3,production-verb-synthetic,1000,834,literal,none,911,886,25,99e8202
3,production-verb-synthetic,1000,834,literal,gzip,388,363,25,99e8202
3,production-verb-synthetic,1000,835,compact,none,97,68,29,99e8202
3,production-verb-synthetic,1000,835,literal,none,911,886,25,99e8202
3,production-verb-synthetic,1000,835,literal,gzip,387,362,25,99e8202
3,production-verb-synthetic,1000,836,compact,none,96,67,29,99e8202
3,production-verb-synthetic,1000,836,literal,none,910,885,25,99e8202
3,production-verb-synthetic,1000,836,literal,gzip,387,362,25,99e8202
3,production-verb-synthetic,1000,837,compact,none,96,67,29,99e8202
3,production-verb-synthetic,1000,837,literal,none,910,885,25,99e8202
3,production-verb-synthetic,1000,837,literal,gzip,387,362,25,99e8202
3,production-verb-synthetic,1000,838,compact,none,97,68,29,99e8202
3,production-verb-synthetic,1000,838,literal,none,911,886,25,99e8202
3,production-verb-synthetic,1000,838,literal,gzip,387,362,25,99e8202
3,production-verb-synthetic,1000,839,compact,none,97,68,29,99e8202
3,production-verb-synthetic,1000,839,literal,none,911,886,25,99e8202
3,production-verb-synthetic,1000,839,literal,gzip,387,362,25,99e8202
3,production-verb-synthetic,1000,840,compact,none,97,68,29,99e8202
3,production-verb-synthetic,1000,840,literal,none,911,886,25,99e8202
3,production-verb-synthetic,1000,840,literal,gzip,388,363,25,99e8202
3,production-verb-synthetic,1000,841,compact,none,97,68,29,99e8202
3,production-verb-synthetic,1000,841,literal,none,911,886,25,99e8202
3,production-verb-synthetic,1000,841,literal,gzip,387,362,25,99e8202
3,production-verb-synthetic,1000,842,compact,none,97,68,29,99e8202
3,production-verb-synthetic,1000,842,literal,none,911,886,25,99e8202
3,production-verb-synthetic,1000,842,literal,gzip,387,362,25,99e8202
3,production-verb-synthetic,1000,843,compact,none,97,68,29,99e8202
3,production-verb-synthetic,1000,843,literal,none,911,886,25,99e8202
3,production-verb-synthetic,1000,843,literal,gzip,387,362,25,99e8202
3,production-verb-synthetic,1000,844,compact,none,97,68,29,99e8202
3,production-verb-synthetic,1000,844,literal,none,911,886,25,99e8202
3,production-verb-synthetic,1000,844,literal,gzip,389,364,25,99e8202
3,production-verb-synthetic,1000,845,compact,none,97,68,29,99e8202
3,production-verb-synthetic,1000,845,literal,none,911,886,25,99e8202
3,production-verb-synthetic,1000,845,literal,gzip,387,362,25,99e8202
3,production-verb-synthetic,1000,846,compact,none,97,68,29,99e8202
3,production-verb-synthetic,1000,846,literal,none,911,886,25,99e8202
3,production-verb-synthetic,1000,846,literal,gzip,389,364,25,99e8202
3,production-verb-synthetic,1000,847,compact,none,97,68,29,99e8202
3,production-verb-synthetic,1000,847,literal,none,911,886,25,99e8202
3,production-verb-synthetic,1000,847,literal,gzip,389,364,25,99e8202
3,production-verb-synthetic,1000,848,compact,none,97,68,29,99e8202
3,production-verb-synthetic,1000,848,literal,none,911,886,25,99e8202
3,production-verb-synthetic,1000,848,literal,gzip,388,363,25,99e8202
3,production-verb-synthetic,1000,849,compact,none,96,67,29,99e8202
3,production-verb-synthetic,1000,849,literal,none,910,885,25,99e8202
3,production-verb-synthetic,1000,849,literal,gzip,386,361,25,99e8202
3,production-verb-synthetic,1000,850,compact,none,97,68,29,99e8202
3,production-verb-synthetic,1000,850,literal,none,911,886,25,99e8202
3,production-verb-synthetic,1000,850,literal,gzip,387,362,25,99e8202
3,production-verb-synthetic,1000,851,compact,none,97,68,29,99e8202
3,production-verb-synthetic,1000,851,literal,none,911,886,25,99e8202
3,production-verb-synthetic,1000,851,literal,gzip,387,362,25,99e8202
3,production-verb-synthetic,1000,852,compact,none,97,68,29,99e8202
3,production-verb-synthetic,1000,852,literal,none,911,886,25,99e8202
3,production-verb-synthetic,1000,852,literal,gzip,387,362,25,99e8202
3,production-verb-synthetic,1000,853,compact,none,97,68,29,99e8202
3,production-verb-synthetic,1000,853,literal,none,911,886,25,99e8202
3,production-verb-synthetic,1000,853,literal,gzip,386,361,25,99e8202
3,production-verb-synthetic,1000,854,compact,none,97,68,29,99e8202
3,production-verb-synthetic,1000,854,literal,none,911,886,25,99e8202
3,production-verb-synthetic,1000,854,literal,gzip,388,363,25,99e8202
3,production-verb-synthetic,1000,855,compact,none,97,68,29,99e8202
3,production-verb-synthetic,1000,855,literal,none,911,886,25,99e8202
3,production-verb-synthetic,1000,855,literal,gzip,387,362,25,99e8202
3,production-verb-synthetic,1000,856,compact,none,97,68,29,99e8202
3,production-verb-synthetic,1000,856,literal,none,911,886,25,99e8202
3,production-verb-synthetic,1000,856,literal,gzip,389,364,25,99e8202
3,production-verb-synthetic,1000,857,compact,none,97,68,29,99e8202
3,production-verb-synthetic,1000,857,literal,none,911,886,25,99e8202
3,production-verb-synthetic,1000,857,literal,gzip,388,363,25,99e8202
3,production-verb-synthetic,1000,858,compact,none,97,68,29,99e8202
3,production-verb-synthetic,1000,858,literal,none,911,886,25,99e8202
3,production-verb-synthetic,1000,858,literal,gzip,388,363,25,99e8202
3,production-verb-synthetic,1000,859,compact,none,97,68,29,99e8202
3,production-verb-synthetic,1000,859,literal,none,911,886,25,99e8202
3,production-verb-synthetic,1000,859,literal,gzip,389,364,25,99e8202
3,production-verb-synthetic,1000,860,compact,none,97,68,29,99e8202
3,production-verb-synthetic,1000,860,literal,none,911,886,25,99e8202
3,production-verb-synthetic,1000,860,literal,gzip,388,363,25,99e8202
3,production-verb-synthetic,1000,861,compact,none,97,68,29,99e8202
3,production-verb-synthetic,1000,861,literal,none,911,886,25,99e8202
3,production-verb-synthetic,1000,861,literal,gzip,387,362,25,99e8202
3,production-verb-synthetic,1000,862,compact,none,96,67,29,99e8202
3,production-verb-synthetic,1000,862,literal,none,910,885,25,99e8202
3,production-verb-synthetic,1000,862,literal,gzip,387,362,25,99e8202
3,production-verb-synthetic,1000,863,compact,none,97,68,29,99e8202
3,production-verb-synthetic,1000,863,literal,none,911,886,25,99e8202
3,production-verb-synthetic,1000,863,literal,gzip,387,362,25,99e8202
3,production-verb-synthetic,1000,864,compact,none,97,68,29,99e8202
3,production-verb-synthetic,1000,864,literal,none,911,886,25,99e8202
3,production-verb-synthetic,1000,864,literal,gzip,387,362,25,99e8202
3,production-verb-synthetic,1000,865,compact,none,97,68,29,99e8202
3,production-verb-synthetic,1000,865,literal,none,911,886,25,99e8202
3,production-verb-synthetic,1000,865,literal,gzip,387,362,25,99e8202
3,production-verb-synthetic,1000,866,compact,none,97,68,29,99e8202
3,production-verb-synthetic,1000,866,literal,none,911,886,25,99e8202
3,production-verb-synthetic,1000,866,literal,gzip,388,363,25,99e8202
3,production-verb-synthetic,1000,867,compact,none,97,68,29,99e8202
3,production-verb-synthetic,1000,867,literal,none,911,886,25,99e8202
3,production-verb-synthetic,1000,867,literal,gzip,388,363,25,99e8202
3,production-verb-synthetic,1000,868,compact,none,97,68,29,99e8202
3,production-verb-synthetic,1000,868,literal,none,911,886,25,99e8202
3,production-verb-synthetic,1000,868,literal,gzip,389,364,25,99e8202
3,production-verb-synthetic,1000,869,compact,none,97,68,29,99e8202
3,production-verb-synthetic,1000,869,literal,none,911,886,25,99e8202
3,production-verb-synthetic,1000,869,literal,gzip,388,363,25,99e8202
3,production-verb-synthetic,1000,870,compact,none,97,68,29,99e8202
3,production-verb-synthetic,1000,870,literal,none,911,886,25,99e8202
3,production-verb-synthetic,1000,870,literal,gzip,388,363,25,99e8202
3,production-verb-synthetic,1000,871,compact,none,97,68,29,99e8202
3,production-verb-synthetic,1000,871,literal,none,911,886,25,99e8202
3,production-verb-synthetic,1000,871,literal,gzip,388,363,25,99e8202
3,production-verb-synthetic,1000,872,compact,none,97,68,29,99e8202
3,production-verb-synthetic,1000,872,literal,none,911,886,25,99e8202
3,production-verb-synthetic,1000,872,literal,gzip,388,363,25,99e8202
3,production-verb-synthetic,1000,873,compact,none,97,68,29,99e8202
3,production-verb-synthetic,1000,873,literal,none,911,886,25,99e8202
3,production-verb-synthetic,1000,873,literal,gzip,386,361,25,99e8202
3,production-verb-synthetic,1000,874,compact,none,97,68,29,99e8202
3,production-verb-synthetic,1000,874,literal,none,911,886,25,99e8202
3,production-verb-synthetic,1000,874,literal,gzip,388,363,25,99e8202
3,production-verb-synthetic,1000,875,compact,none,96,67,29,99e8202
3,production-verb-synthetic,1000,875,literal,none,910,885,25,99e8202
3,production-verb-synthetic,1000,875,literal,gzip,386,361,25,99e8202
3,production-verb-synthetic,1000,876,compact,none,97,68,29,99e8202
3,production-verb-synthetic,1000,876,literal,none,911,886,25,99e8202
3,production-verb-synthetic,1000,876,literal,gzip,388,363,25,99e8202
3,production-verb-synthetic,1000,877,compact,none,97,68,29,99e8202
3,production-verb-synthetic,1000,877,literal,none,911,886,25,99e8202
3,production-verb-synthetic,1000,877,literal,gzip,387,362,25,99e8202
3,production-verb-synthetic,1000,878,compact,none,97,68,29,99e8202
3,production-verb-synthetic,1000,878,literal,none,911,886,25,99e8202
3,production-verb-synthetic,1000,878,literal,gzip,388,363,25,99e8202
3,production-verb-synthetic,1000,879,compact,none,97,68,29,99e8202
3,production-verb-synthetic,1000,879,literal,none,911,886,25,99e8202
3,production-verb-synthetic,1000,879,literal,gzip,388,363,25,99e8202
3,production-verb-synthetic,1000,880,compact,none,97,68,29,99e8202
3,production-verb-synthetic,1000,880,literal,none,911,886,25,99e8202
3,production-verb-synthetic,1000,880,literal,gzip,388,363,25,99e8202
3,production-verb-synthetic,1000,881,compact,none,97,68,29,99e8202
3,production-verb-synthetic,1000,881,literal,none,911,886,25,99e8202
3,production-verb-synthetic,1000,881,literal,gzip,388,363,25,99e8202
3,production-verb-synthetic,1000,882,compact,none,97,68,29,99e8202
3,production-verb-synthetic,1000,882,literal,none,911,886,25,99e8202
3,production-verb-synthetic,1000,882,literal,gzip,388,363,25,99e8202
3,production-verb-synthetic,1000,883,compact,none,97,68,29,99e8202
3,production-verb-synthetic,1000,883,literal,none,911,886,25,99e8202
3,production-verb-synthetic,1000,883,literal,gzip,387,362,25,99e8202
3,production-verb-synthetic,1000,884,compact,none,97,68,29,99e8202
3,production-verb-synthetic,1000,884,literal,none,911,886,25,99e8202
3,production-verb-synthetic,1000,884,literal,gzip,389,364,25,99e8202
3,production-verb-synthetic,1000,885,compact,none,97,68,29,99e8202
3,production-verb-synthetic,1000,885,literal,none,911,886,25,99e8202
3,production-verb-synthetic,1000,885,literal,gzip,387,362,25,99e8202
3,production-verb-synthetic,1000,886,compact,none,97,68,29,99e8202
3,production-verb-synthetic,1000,886,literal,none,911,886,25,99e8202
3,production-verb-synthetic,1000,886,literal,gzip,388,363,25,99e8202
3,production-verb-synthetic,1000,887,compact,none,97,68,29,99e8202
3,production-verb-synthetic,1000,887,literal,none,911,886,25,99e8202
3,production-verb-synthetic,1000,887,literal,gzip,387,362,25,99e8202
3,production-verb-synthetic,1000,888,compact,none,96,67,29,99e8202
3,production-verb-synthetic,1000,888,literal,none,910,885,25,99e8202
3,production-verb-synthetic,1000,888,literal,gzip,388,363,25,99e8202
3,production-verb-synthetic,1000,889,compact,none,97,68,29,99e8202
3,production-verb-synthetic,1000,889,literal,none,911,886,25,99e8202
3,production-verb-synthetic,1000,889,literal,gzip,387,362,25,99e8202
3,production-verb-synthetic,1000,890,compact,none,97,68,29,99e8202
3,production-verb-synthetic,1000,890,literal,none,911,886,25,99e8202
3,production-verb-synthetic,1000,890,literal,gzip,388,363,25,99e8202
3,production-verb-synthetic,1000,891,compact,none,97,68,29,99e8202
3,production-verb-synthetic,1000,891,literal,none,911,886,25,99e8202
3,production-verb-synthetic,1000,891,literal,gzip,388,363,25,99e8202
3,production-verb-synthetic,1000,892,compact,none,97,68,29,99e8202
3,production-verb-synthetic,1000,892,literal,none,911,886,25,99e8202
3,production-verb-synthetic,1000,892,literal,gzip,388,363,25,99e8202
3,production-verb-synthetic,1000,893,compact,none,97,68,29,99e8202
3,production-verb-synthetic,1000,893,literal,none,911,886,25,99e8202
3,production-verb-synthetic,1000,893,literal,gzip,387,362,25,99e8202
3,production-verb-synthetic,1000,894,compact,none,97,68,29,99e8202
3,production-verb-synthetic,1000,894,literal,none,911,886,25,99e8202
3,production-verb-synthetic,1000,894,literal,gzip,388,363,25,99e8202
3,production-verb-synthetic,1000,895,compact,none,97,68,29,99e8202
3,production-verb-synthetic,1000,895,literal,none,911,886,25,99e8202
3,production-verb-synthetic,1000,895,literal,gzip,387,362,25,99e8202
3,production-verb-synthetic,1000,896,compact,none,97,68,29,99e8202
3,production-verb-synthetic,1000,896,literal,none,911,886,25,99e8202
3,production-verb-synthetic,1000,896,literal,gzip,389,364,25,99e8202
3,production-verb-synthetic,1000,897,compact,none,97,68,29,99e8202
3,production-verb-synthetic,1000,897,literal,none,911,886,25,99e8202
3,production-verb-synthetic,1000,897,literal,gzip,388,363,25,99e8202
3,production-verb-synthetic,1000,898,compact,none,97,68,29,99e8202
3,production-verb-synthetic,1000,898,literal,none,911,886,25,99e8202
3,production-verb-synthetic,1000,898,literal,gzip,389,364,25,99e8202
3,production-verb-synthetic,1000,899,compact,none,97,68,29,99e8202
3,production-verb-synthetic,1000,899,literal,none,911,886,25,99e8202
3,production-verb-synthetic,1000,899,literal,gzip,388,363,25,99e8202
3,production-verb-synthetic,1000,900,compact,none,96,67,29,99e8202
3,production-verb-synthetic,1000,900,literal,none,910,885,25,99e8202
3,production-verb-synthetic,1000,900,literal,gzip,386,361,25,99e8202
3,production-verb-synthetic,1000,901,compact,none,96,67,29,99e8202
3,production-verb-synthetic,1000,901,literal,none,910,885,25,99e8202
3,production-verb-synthetic,1000,901,literal,gzip,387,362,25,99e8202
3,production-verb-synthetic,1000,902,compact,none,97,68,29,99e8202
3,production-verb-synthetic,1000,902,literal,none,911,886,25,99e8202
3,production-verb-synthetic,1000,902,literal,gzip,386,361,25,99e8202
3,production-verb-synthetic,1000,903,compact,none,97,68,29,99e8202
3,production-verb-synthetic,1000,903,literal,none,911,886,25,99e8202
3,production-verb-synthetic,1000,903,literal,gzip,386,361,25,99e8202
3,production-verb-synthetic,1000,904,compact,none,97,68,29,99e8202
3,production-verb-synthetic,1000,904,literal,none,911,886,25,99e8202
3,production-verb-synthetic,1000,904,literal,gzip,388,363,25,99e8202
3,production-verb-synthetic,1000,905,compact,none,97,68,29,99e8202
3,production-verb-synthetic,1000,905,literal,none,911,886,25,99e8202
3,production-verb-synthetic,1000,905,literal,gzip,387,362,25,99e8202
3,production-verb-synthetic,1000,906,compact,none,97,68,29,99e8202
3,production-verb-synthetic,1000,906,literal,none,911,886,25,99e8202
3,production-verb-synthetic,1000,906,literal,gzip,388,363,25,99e8202
3,production-verb-synthetic,1000,907,compact,none,97,68,29,99e8202
3,production-verb-synthetic,1000,907,literal,none,911,886,25,99e8202
3,production-verb-synthetic,1000,907,literal,gzip,389,364,25,99e8202
3,production-verb-synthetic,1000,908,compact,none,97,68,29,99e8202
3,production-verb-synthetic,1000,908,literal,none,911,886,25,99e8202
3,production-verb-synthetic,1000,908,literal,gzip,389,364,25,99e8202
3,production-verb-synthetic,1000,909,compact,none,97,68,29,99e8202
3,production-verb-synthetic,1000,909,literal,none,911,886,25,99e8202
3,production-verb-synthetic,1000,909,literal,gzip,388,363,25,99e8202
3,production-verb-synthetic,1000,910,compact,none,97,68,29,99e8202
3,production-verb-synthetic,1000,910,literal,none,911,886,25,99e8202
3,production-verb-synthetic,1000,910,literal,gzip,388,363,25,99e8202
3,production-verb-synthetic,1000,911,compact,none,97,68,29,99e8202
3,production-verb-synthetic,1000,911,literal,none,911,886,25,99e8202
3,production-verb-synthetic,1000,911,literal,gzip,387,362,25,99e8202
3,production-verb-synthetic,1000,912,compact,none,97,68,29,99e8202
3,production-verb-synthetic,1000,912,literal,none,911,886,25,99e8202
3,production-verb-synthetic,1000,912,literal,gzip,388,363,25,99e8202
3,production-verb-synthetic,1000,913,compact,none,96,67,29,99e8202
3,production-verb-synthetic,1000,913,literal,none,910,885,25,99e8202
3,production-verb-synthetic,1000,913,literal,gzip,384,359,25,99e8202
3,production-verb-synthetic,1000,914,compact,none,96,67,29,99e8202
3,production-verb-synthetic,1000,914,literal,none,910,885,25,99e8202
3,production-verb-synthetic,1000,914,literal,gzip,388,363,25,99e8202
3,production-verb-synthetic,1000,915,compact,none,97,68,29,99e8202
3,production-verb-synthetic,1000,915,literal,none,911,886,25,99e8202
3,production-verb-synthetic,1000,915,literal,gzip,386,361,25,99e8202
3,production-verb-synthetic,1000,916,compact,none,97,68,29,99e8202
3,production-verb-synthetic,1000,916,literal,none,911,886,25,99e8202
3,production-verb-synthetic,1000,916,literal,gzip,388,363,25,99e8202
3,production-verb-synthetic,1000,917,compact,none,97,68,29,99e8202
3,production-verb-synthetic,1000,917,literal,none,911,886,25,99e8202
3,production-verb-synthetic,1000,917,literal,gzip,387,362,25,99e8202
3,production-verb-synthetic,1000,918,compact,none,97,68,29,99e8202
3,production-verb-synthetic,1000,918,literal,none,911,886,25,99e8202
3,production-verb-synthetic,1000,918,literal,gzip,387,362,25,99e8202
3,production-verb-synthetic,1000,919,compact,none,97,68,29,99e8202
3,production-verb-synthetic,1000,919,literal,none,911,886,25,99e8202
3,production-verb-synthetic,1000,919,literal,gzip,388,363,25,99e8202
3,production-verb-synthetic,1000,920,compact,none,97,68,29,99e8202
3,production-verb-synthetic,1000,920,literal,none,911,886,25,99e8202
3,production-verb-synthetic,1000,920,literal,gzip,388,363,25,99e8202
3,production-verb-synthetic,1000,921,compact,none,97,68,29,99e8202
3,production-verb-synthetic,1000,921,literal,none,911,886,25,99e8202
3,production-verb-synthetic,1000,921,literal,gzip,388,363,25,99e8202
3,production-verb-synthetic,1000,922,compact,none,97,68,29,99e8202
3,production-verb-synthetic,1000,922,literal,none,911,886,25,99e8202
3,production-verb-synthetic,1000,922,literal,gzip,388,363,25,99e8202
3,production-verb-synthetic,1000,923,compact,none,97,68,29,99e8202
3,production-verb-synthetic,1000,923,literal,none,911,886,25,99e8202
3,production-verb-synthetic,1000,923,literal,gzip,386,361,25,99e8202
3,production-verb-synthetic,1000,924,compact,none,97,68,29,99e8202
3,production-verb-synthetic,1000,924,literal,none,911,886,25,99e8202
3,production-verb-synthetic,1000,924,literal,gzip,389,364,25,99e8202
3,production-verb-synthetic,1000,925,compact,none,97,68,29,99e8202
3,production-verb-synthetic,1000,925,literal,none,911,886,25,99e8202
3,production-verb-synthetic,1000,925,literal,gzip,388,363,25,99e8202
3,production-verb-synthetic,1000,926,compact,none,96,67,29,99e8202
3,production-verb-synthetic,1000,926,literal,none,910,885,25,99e8202
3,production-verb-synthetic,1000,926,literal,gzip,386,361,25,99e8202
3,production-verb-synthetic,1000,927,compact,none,96,67,29,99e8202
3,production-verb-synthetic,1000,927,literal,none,910,885,25,99e8202
3,production-verb-synthetic,1000,927,literal,gzip,386,361,25,99e8202
3,production-verb-synthetic,1000,928,compact,none,97,68,29,99e8202
3,production-verb-synthetic,1000,928,literal,none,911,886,25,99e8202
3,production-verb-synthetic,1000,928,literal,gzip,388,363,25,99e8202
3,production-verb-synthetic,1000,929,compact,none,97,68,29,99e8202
3,production-verb-synthetic,1000,929,literal,none,911,886,25,99e8202
3,production-verb-synthetic,1000,929,literal,gzip,387,362,25,99e8202
3,production-verb-synthetic,1000,930,compact,none,97,68,29,99e8202
3,production-verb-synthetic,1000,930,literal,none,911,886,25,99e8202
3,production-verb-synthetic,1000,930,literal,gzip,388,363,25,99e8202
3,production-verb-synthetic,1000,931,compact,none,97,68,29,99e8202
3,production-verb-synthetic,1000,931,literal,none,911,886,25,99e8202
3,production-verb-synthetic,1000,931,literal,gzip,387,362,25,99e8202
3,production-verb-synthetic,1000,932,compact,none,97,68,29,99e8202
3,production-verb-synthetic,1000,932,literal,none,911,886,25,99e8202
3,production-verb-synthetic,1000,932,literal,gzip,388,363,25,99e8202
3,production-verb-synthetic,1000,933,compact,none,97,68,29,99e8202
3,production-verb-synthetic,1000,933,literal,none,911,886,25,99e8202
3,production-verb-synthetic,1000,933,literal,gzip,387,362,25,99e8202
3,production-verb-synthetic,1000,934,compact,none,97,68,29,99e8202
3,production-verb-synthetic,1000,934,literal,none,911,886,25,99e8202
3,production-verb-synthetic,1000,934,literal,gzip,388,363,25,99e8202
3,production-verb-synthetic,1000,935,compact,none,97,68,29,99e8202
3,production-verb-synthetic,1000,935,literal,none,911,886,25,99e8202
3,production-verb-synthetic,1000,935,literal,gzip,387,362,25,99e8202
3,production-verb-synthetic,1000,936,compact,none,97,68,29,99e8202
3,production-verb-synthetic,1000,936,literal,none,911,886,25,99e8202
3,production-verb-synthetic,1000,936,literal,gzip,389,364,25,99e8202
3,production-verb-synthetic,1000,937,compact,none,97,68,29,99e8202
3,production-verb-synthetic,1000,937,literal,none,911,886,25,99e8202
3,production-verb-synthetic,1000,937,literal,gzip,388,363,25,99e8202
3,production-verb-synthetic,1000,938,compact,none,97,68,29,99e8202
3,production-verb-synthetic,1000,938,literal,none,911,886,25,99e8202
3,production-verb-synthetic,1000,938,literal,gzip,389,364,25,99e8202
3,production-verb-synthetic,1000,939,compact,none,96,67,29,99e8202
3,production-verb-synthetic,1000,939,literal,none,910,885,25,99e8202
3,production-verb-synthetic,1000,939,literal,gzip,386,361,25,99e8202
3,production-verb-synthetic,1000,940,compact,none,97,68,29,99e8202
3,production-verb-synthetic,1000,940,literal,none,911,886,25,99e8202
3,production-verb-synthetic,1000,940,literal,gzip,388,363,25,99e8202
3,production-verb-synthetic,1000,941,compact,none,97,68,29,99e8202
3,production-verb-synthetic,1000,941,literal,none,911,886,25,99e8202
3,production-verb-synthetic,1000,941,literal,gzip,386,361,25,99e8202
3,production-verb-synthetic,1000,942,compact,none,97,68,29,99e8202
3,production-verb-synthetic,1000,942,literal,none,911,886,25,99e8202
3,production-verb-synthetic,1000,942,literal,gzip,387,362,25,99e8202
3,production-verb-synthetic,1000,943,compact,none,97,68,29,99e8202
3,production-verb-synthetic,1000,943,literal,none,911,886,25,99e8202
3,production-verb-synthetic,1000,943,literal,gzip,386,361,25,99e8202
3,production-verb-synthetic,1000,944,compact,none,97,68,29,99e8202
3,production-verb-synthetic,1000,944,literal,none,911,886,25,99e8202
3,production-verb-synthetic,1000,944,literal,gzip,389,364,25,99e8202
3,production-verb-synthetic,1000,945,compact,none,97,68,29,99e8202
3,production-verb-synthetic,1000,945,literal,none,911,886,25,99e8202
3,production-verb-synthetic,1000,945,literal,gzip,387,362,25,99e8202
3,production-verb-synthetic,1000,946,compact,none,97,68,29,99e8202
3,production-verb-synthetic,1000,946,literal,none,911,886,25,99e8202
3,production-verb-synthetic,1000,946,literal,gzip,388,363,25,99e8202
3,production-verb-synthetic,1000,947,compact,none,97,68,29,99e8202
3,production-verb-synthetic,1000,947,literal,none,911,886,25,99e8202
3,production-verb-synthetic,1000,947,literal,gzip,389,364,25,99e8202
3,production-verb-synthetic,1000,948,compact,none,97,68,29,99e8202
3,production-verb-synthetic,1000,948,literal,none,911,886,25,99e8202
3,production-verb-synthetic,1000,948,literal,gzip,389,364,25,99e8202
3,production-verb-synthetic,1000,949,compact,none,97,68,29,99e8202
3,production-verb-synthetic,1000,949,literal,none,911,886,25,99e8202
3,production-verb-synthetic,1000,949,literal,gzip,388,363,25,99e8202
3,production-verb-synthetic,1000,950,compact,none,97,68,29,99e8202
3,production-verb-synthetic,1000,950,literal,none,911,886,25,99e8202
3,production-verb-synthetic,1000,950,literal,gzip,388,363,25,99e8202
3,production-verb-synthetic,1000,951,compact,none,97,68,29,99e8202
3,production-verb-synthetic,1000,951,literal,none,911,886,25,99e8202
3,production-verb-synthetic,1000,951,literal,gzip,388,363,25,99e8202
3,production-verb-synthetic,1000,952,compact,none,96,67,29,99e8202
3,production-verb-synthetic,1000,952,literal,none,910,885,25,99e8202
3,production-verb-synthetic,1000,952,literal,gzip,387,362,25,99e8202
3,production-verb-synthetic,1000,953,compact,none,97,68,29,99e8202
3,production-verb-synthetic,1000,953,literal,none,911,886,25,99e8202
3,production-verb-synthetic,1000,953,literal,gzip,385,360,25,99e8202
3,production-verb-synthetic,1000,954,compact,none,97,68,29,99e8202
3,production-verb-synthetic,1000,954,literal,none,911,886,25,99e8202
3,production-verb-synthetic,1000,954,literal,gzip,387,362,25,99e8202
3,production-verb-synthetic,1000,955,compact,none,97,68,29,99e8202
3,production-verb-synthetic,1000,955,literal,none,911,886,25,99e8202
3,production-verb-synthetic,1000,955,literal,gzip,386,361,25,99e8202
3,production-verb-synthetic,1000,956,compact,none,97,68,29,99e8202
3,production-verb-synthetic,1000,956,literal,none,911,886,25,99e8202
3,production-verb-synthetic,1000,956,literal,gzip,389,364,25,99e8202
3,production-verb-synthetic,1000,957,compact,none,97,68,29,99e8202
3,production-verb-synthetic,1000,957,literal,none,911,886,25,99e8202
3,production-verb-synthetic,1000,957,literal,gzip,388,363,25,99e8202
3,production-verb-synthetic,1000,958,compact,none,97,68,29,99e8202
3,production-verb-synthetic,1000,958,literal,none,911,886,25,99e8202
3,production-verb-synthetic,1000,958,literal,gzip,389,364,25,99e8202
3,production-verb-synthetic,1000,959,compact,none,97,68,29,99e8202
3,production-verb-synthetic,1000,959,literal,none,911,886,25,99e8202
3,production-verb-synthetic,1000,959,literal,gzip,388,363,25,99e8202
3,production-verb-synthetic,1000,960,compact,none,97,68,29,99e8202
3,production-verb-synthetic,1000,960,literal,none,911,886,25,99e8202
3,production-verb-synthetic,1000,960,literal,gzip,388,363,25,99e8202
3,production-verb-synthetic,1000,961,compact,none,97,68,29,99e8202
3,production-verb-synthetic,1000,961,literal,none,911,886,25,99e8202
3,production-verb-synthetic,1000,961,literal,gzip,388,363,25,99e8202
3,production-verb-synthetic,1000,962,compact,none,97,68,29,99e8202
3,production-verb-synthetic,1000,962,literal,none,911,886,25,99e8202
3,production-verb-synthetic,1000,962,literal,gzip,388,363,25,99e8202
3,production-verb-synthetic,1000,963,compact,none,97,68,29,99e8202
3,production-verb-synthetic,1000,963,literal,none,911,886,25,99e8202
3,production-verb-synthetic,1000,963,literal,gzip,387,362,25,99e8202
3,production-verb-synthetic,1000,964,compact,none,97,68,29,99e8202
3,production-verb-synthetic,1000,964,literal,none,911,886,25,99e8202
3,production-verb-synthetic,1000,964,literal,gzip,389,364,25,99e8202
3,production-verb-synthetic,1000,965,compact,none,96,67,29,99e8202
3,production-verb-synthetic,1000,965,literal,none,910,885,25,99e8202
3,production-verb-synthetic,1000,965,literal,gzip,386,361,25,99e8202
3,production-verb-synthetic,1000,966,compact,none,97,68,29,99e8202
3,production-verb-synthetic,1000,966,literal,none,911,886,25,99e8202
3,production-verb-synthetic,1000,966,literal,gzip,388,363,25,99e8202
3,production-verb-synthetic,1000,967,compact,none,97,68,29,99e8202
3,production-verb-synthetic,1000,967,literal,none,911,886,25,99e8202
3,production-verb-synthetic,1000,967,literal,gzip,387,362,25,99e8202
3,production-verb-synthetic,1000,968,compact,none,97,68,29,99e8202
3,production-verb-synthetic,1000,968,literal,none,911,886,25,99e8202
3,production-verb-synthetic,1000,968,literal,gzip,389,364,25,99e8202
3,production-verb-synthetic,1000,969,compact,none,97,68,29,99e8202
3,production-verb-synthetic,1000,969,literal,none,911,886,25,99e8202
3,production-verb-synthetic,1000,969,literal,gzip,387,362,25,99e8202
3,production-verb-synthetic,1000,970,compact,none,97,68,29,99e8202
3,production-verb-synthetic,1000,970,literal,none,911,886,25,99e8202
3,production-verb-synthetic,1000,970,literal,gzip,388,363,25,99e8202
3,production-verb-synthetic,1000,971,compact,none,97,68,29,99e8202
3,production-verb-synthetic,1000,971,literal,none,911,886,25,99e8202
3,production-verb-synthetic,1000,971,literal,gzip,388,363,25,99e8202
3,production-verb-synthetic,1000,972,compact,none,97,68,29,99e8202
3,production-verb-synthetic,1000,972,literal,none,911,886,25,99e8202
3,production-verb-synthetic,1000,972,literal,gzip,388,363,25,99e8202
3,production-verb-synthetic,1000,973,compact,none,97,68,29,99e8202
3,production-verb-synthetic,1000,973,literal,none,911,886,25,99e8202
3,production-verb-synthetic,1000,973,literal,gzip,387,362,25,99e8202
3,production-verb-synthetic,1000,974,compact,none,97,68,29,99e8202
3,production-verb-synthetic,1000,974,literal,none,911,886,25,99e8202
3,production-verb-synthetic,1000,974,literal,gzip,389,364,25,99e8202
3,production-verb-synthetic,1000,975,compact,none,97,68,29,99e8202
3,production-verb-synthetic,1000,975,literal,none,911,886,25,99e8202
3,production-verb-synthetic,1000,975,literal,gzip,387,362,25,99e8202
3,production-verb-synthetic,1000,976,compact,none,97,68,29,99e8202
3,production-verb-synthetic,1000,976,literal,none,911,886,25,99e8202
3,production-verb-synthetic,1000,976,literal,gzip,389,364,25,99e8202
3,production-verb-synthetic,1000,977,compact,none,97,68,29,99e8202
3,production-verb-synthetic,1000,977,literal,none,911,886,25,99e8202
3,production-verb-synthetic,1000,977,literal,gzip,388,363,25,99e8202
3,production-verb-synthetic,1000,978,compact,none,96,67,29,99e8202
3,production-verb-synthetic,1000,978,literal,none,910,885,25,99e8202
3,production-verb-synthetic,1000,978,literal,gzip,388,363,25,99e8202
3,production-verb-synthetic,1000,979,compact,none,97,68,29,99e8202
3,production-verb-synthetic,1000,979,literal,none,911,886,25,99e8202
3,production-verb-synthetic,1000,979,literal,gzip,388,363,25,99e8202
3,production-verb-synthetic,1000,980,compact,none,97,68,29,99e8202
3,production-verb-synthetic,1000,980,literal,none,911,886,25,99e8202
3,production-verb-synthetic,1000,980,literal,gzip,388,363,25,99e8202
3,production-verb-synthetic,1000,981,compact,none,97,68,29,99e8202
3,production-verb-synthetic,1000,981,literal,none,911,886,25,99e8202
3,production-verb-synthetic,1000,981,literal,gzip,387,362,25,99e8202
3,production-verb-synthetic,1000,982,compact,none,97,68,29,99e8202
3,production-verb-synthetic,1000,982,literal,none,911,886,25,99e8202
3,production-verb-synthetic,1000,982,literal,gzip,387,362,25,99e8202
3,production-verb-synthetic,1000,983,compact,none,97,68,29,99e8202
3,production-verb-synthetic,1000,983,literal,none,911,886,25,99e8202
3,production-verb-synthetic,1000,983,literal,gzip,387,362,25,99e8202
3,production-verb-synthetic,1000,984,compact,none,97,68,29,99e8202
3,production-verb-synthetic,1000,984,literal,none,911,886,25,99e8202
3,production-verb-synthetic,1000,984,literal,gzip,389,364,25,99e8202
3,production-verb-synthetic,1000,985,compact,none,97,68,29,99e8202
3,production-verb-synthetic,1000,985,literal,none,911,886,25,99e8202
3,production-verb-synthetic,1000,985,literal,gzip,388,363,25,99e8202
3,production-verb-synthetic,1000,986,compact,none,97,68,29,99e8202
3,production-verb-synthetic,1000,986,literal,none,911,886,25,99e8202
3,production-verb-synthetic,1000,986,literal,gzip,389,364,25,99e8202
3,production-verb-synthetic,1000,987,compact,none,97,68,29,99e8202
3,production-verb-synthetic,1000,987,literal,none,911,886,25,99e8202
3,production-verb-synthetic,1000,987,literal,gzip,389,364,25,99e8202
3,production-verb-synthetic,1000,988,compact,none,97,68,29,99e8202
3,production-verb-synthetic,1000,988,literal,none,911,886,25,99e8202
3,production-verb-synthetic,1000,988,literal,gzip,389,364,25,99e8202
3,production-verb-synthetic,1000,989,compact,none,97,68,29,99e8202
3,production-verb-synthetic,1000,989,literal,none,911,886,25,99e8202
3,production-verb-synthetic,1000,989,literal,gzip,388,363,25,99e8202
3,production-verb-synthetic,1000,990,compact,none,96,67,29,99e8202
3,production-verb-synthetic,1000,990,literal,none,910,885,25,99e8202
3,production-verb-synthetic,1000,990,literal,gzip,387,362,25,99e8202
3,production-verb-synthetic,1000,991,compact,none,96,67,29,99e8202
3,production-verb-synthetic,1000,991,literal,none,910,885,25,99e8202
3,production-verb-synthetic,1000,991,literal,gzip,387,362,25,99e8202
3,production-verb-synthetic,1000,992,compact,none,97,68,29,99e8202
3,production-verb-synthetic,1000,992,literal,none,911,886,25,99e8202
3,production-verb-synthetic,1000,992,literal,gzip,387,362,25,99e8202
3,production-verb-synthetic,1000,993,compact,none,97,68,29,99e8202
3,production-verb-synthetic,1000,993,literal,none,911,886,25,99e8202
3,production-verb-synthetic,1000,993,literal,gzip,386,361,25,99e8202
3,production-verb-synthetic,1000,994,compact,none,97,68,29,99e8202
3,production-verb-synthetic,1000,994,literal,none,911,886,25,99e8202
3,production-verb-synthetic,1000,994,literal,gzip,388,363,25,99e8202
3,production-verb-synthetic,1000,995,compact,none,97,68,29,99e8202
3,production-verb-synthetic,1000,995,literal,none,911,886,25,99e8202
3,production-verb-synthetic,1000,995,literal,gzip,386,361,25,99e8202
3,production-verb-synthetic,1000,996,compact,none,97,68,29,99e8202
3,production-verb-synthetic,1000,996,literal,none,911,886,25,99e8202
3,production-verb-synthetic,1000,996,literal,gzip,389,364,25,99e8202
3,production-verb-synthetic,1000,997,compact,none,97,68,29,99e8202
3,production-verb-synthetic,1000,997,literal,none,911,886,25,99e8202
3,production-verb-synthetic,1000,997,literal,gzip,388,363,25,99e8202
3,production-verb-synthetic,1000,998,compact,none,97,68,29,99e8202
3,production-verb-synthetic,1000,998,literal,none,911,886,25,99e8202
3,production-verb-synthetic,1000,998,literal,gzip,389,364,25,99e8202
3,production-verb-synthetic,1000,999,compact,none,97,68,29,99e8202
3,production-verb-synthetic,1000,999,literal,none,911,886,25,99e8202
3,production-verb-synthetic,1000,999,literal,gzip,388,363,25,99e8202
3,production-verb-synthetic,1000,1000,compact,none,99,70,29,99e8202
3,production-verb-synthetic,1000,1000,literal,none,913,888,25,99e8202
3,production-verb-synthetic,1000,1000,literal,gzip,386,361,25,99e8202
